game_date,away_team,home_team,status,winner,favored_team,away_win_probability,home_win_probability,game_id,away_score,home_score,away_record,home_record,away_win_pct,home_win_pct,away_ppg,home_ppg,away_opp_ppg,home_opp_ppg,away_net_rtg,home_net_rtg,away_pace,home_pace,rest_advantage,season_type,season_slug,game_start_utc,game_time
2026-10-03,Miami Heat,Toronto Raptors,Final,Miami Heat,Miami Heat,0.9011,0.0989,401902644,129,105,1-0,0-1,0.667,0.5,127.0,109.5,116.0,117.5,11.0,-8.0,100.0,100.0,0,1.0,preseason,2026-10-03T23:00Z,7:00 PM ET
2026-10-04,Utah Jazz,Denver Nuggets,Final,Utah Jazz,Utah Jazz,0.5166,0.4834,401914127,109,97,1-0,0-1,0.5,0.5,107.5,107.0,107.0,107.5,0.5,-0.5,100.0,100.0,0,1.0,preseason,2026-10-04T23:00Z,7:00 PM ET
2026-10-04,Golden State Warriors,LA Clippers,Final,LA Clippers,Golden State Warriors,0.5794,0.4206,401918010,101,104,0-1,1-0,0.5,0.5,113.5,105.0,107.8,107.5,5.8,-2.5,100.0,100.0,0,1.0,preseason,2026-10-04T23:00Z,7:00 PM ET
2026-10-05,Memphis Grizzlies,Atlanta Hawks,Final,Memphis Grizzlies,Atlanta Hawks,0.4853,0.5147,401898388,132,123,1-0,0-1,0.667,0.667,118.0,121.7,115.0,121.7,3.0,0.0,100.0,100.0,0,1.0,preseason,2026-10-05T23:00Z,7:00 PM ET
2026-10-05,Phoenix Suns,Detroit Pistons,Final,Detroit Pistons,Detroit Pistons,0.0096,0.9904,401908947,107,109,0-1,1-0,0.0,0.5,112.0,108.5,116.5,110.5,-4.5,-2.0,100.0,100.0,0,1.0,preseason,2026-10-05T23:00Z,7:00 PM ET
2026-10-05,New York Knicks,Philadelphia 76ers,Final,Philadelphia 76ers,Philadelphia 76ers,0.0322,0.9678,401914101,97,120,0-1,1-0,0.0,0.333,103.0,111.3,115.5,118.3,-12.5,-7.0,100.0,100.0,0,1.0,preseason,2026-10-05T23:00Z,7:00 PM ET
2026-10-05,Minnesota Timberwolves,Milwaukee Bucks,Final,Minnesota Timberwolves,Minnesota Timberwolves,0.8611,0.1389,401914102,116,97,1-0,0-1,0.667,0.5,117.7,112.5,114.7,121.0,3.0,-8.5,100.0,100.0,0,1.0,preseason,2026-10-06T00:00Z,8:00 PM ET
2026-10-05,Los Angeles Lakers,Sacramento Kings,Final,Los Angeles Lakers,Los Angeles Lakers,0.9987,0.0013,401898716,127,103,1-0,0-1,0.667,0.0,113.0,106.3,112.3,117.3,0.7,-11.0,100.0,100.0,0,1.0,preseason,2026-10-06T02:00Z,10:00 PM ET
2026-10-06,Brooklyn Nets,Charlotte Hornets,Final,Brooklyn Nets,Brooklyn Nets,1.0,0.0,401901820,124,90,1-0,0-1,1.0,0.0,119.0,90.0,99.0,124.0,20.0,-34.0,100.0,100.0,0,1.0,preseason,2026-10-06T23:00Z,7:00 PM ET
2026-10-06,New Orleans Pelicans,Oklahoma City Thunder,Final,New Orleans Pelicans,New Orleans Pelicans,0.9919,0.0081,401898389,116,110,1-0,0-1,0.5,0.0,117.0,118.0,119.0,122.0,-2.0,-4.0,100.0,100.0,0,1.0,preseason,2026-10-07T00:00Z,8:00 PM ET
2026-10-06,Denver Nuggets,Utah Jazz,Final,Denver Nuggets,Denver Nuggets,0.5083,0.4917,401914128,117,106,1-1,1-1,0.5,0.5,107.0,107.5,107.5,107.0,-0.5,0.5,100.0,100.0,0,1.0,preseason,2026-10-07T01:00Z,9:00 PM ET
2026-10-06,Los Angeles Lakers,Golden State Warriors,Final,Golden State Warriors,Los Angeles Lakers,0.5702,0.4298,401898390,98,124,1-1,1-1,0.667,0.5,113.0,113.5,112.3,107.8,0.7,5.8,100.0,100.0,1,1.0,preseason,2026-10-07T02:00Z,10:00 PM ET
2026-10-07,Minnesota Timberwolves,Indiana Pacers,Final,Indiana Pacers,Minnesota Timberwolves,0.5579,0.4421,401914123,112,123,1-1,1-0,0.667,0.5,117.7,120.0,114.7,115.5,3.0,4.5,100.0,100.0,1,1.0,preseason,2026-10-07T23:00Z,7:00 PM ET
2026-10-07,Orlando Magic,Memphis Grizzlies,Final,Orlando Magic,Orlando Magic,0.9911,0.0089,401898391,122,118,1-0,1-1,1.0,0.667,122.0,118.0,118.0,115.0,4.0,3.0,100.0,100.0,-1,1.0,preseason,2026-10-08T00:00Z,8:00 PM ET
2026-10-07,Milwaukee Bucks,Oklahoma City Thunder,Final,Milwaukee Bucks,Milwaukee Bucks,0.9976,0.0024,401908620,128,126,1-1,0-2,0.5,0.0,112.5,118.0,121.0,122.0,-8.5,-4.0,100.0,100.0,-1,1.0,preseason,2026-10-08T00:00Z,8:00 PM ET
2026-10-07,Phoenix Suns,Chicago Bulls,Final,Chicago Bulls,Chicago Bulls,0.0022,0.9978,401908939,117,124,0-2,1-0,0.0,0.5,112.0,112.0,116.5,110.5,-4.5,1.5,100.0,100.0,1,1.0,preseason,2026-10-08T00:00Z,8:00 PM ET
2026-10-07,Golden State Warriors,Portland Trail Blazers,Final,Portland Trail Blazers,Portland Trail Blazers,0.0004,0.9996,401914129,118,123,1-2,1-0,0.5,1.0,113.5,123.0,107.8,118.0,5.8,5.0,100.0,100.0,2,1.0,preseason,2026-10-08T02:00Z,10:00 PM ET
2026-10-08,Boston Celtics,Cleveland Cavaliers,Final,Boston Celtics,Boston Celtics,1.0,0.0,401898392,124,113,1-0,0-1,1.0,0.0,134.0,113.0,109.5,124.0,24.5,-11.0,100.0,100.0,0,1.0,preseason,2026-10-08T23:00Z,7:00 PM ET
2026-10-08,New Orleans Pelicans,Miami Heat,Final,Miami Heat,Miami Heat,0.0027,0.9973,401898393,118,128,1-1,2-0,0.5,0.667,117.0,127.0,119.0,116.0,-2.0,11.0,100.0,100.0,3,1.0,preseason,2026-10-08T23:30Z,7:30 PM ET
2026-10-08,Philadelphia 76ers,Brooklyn Nets,Final,Brooklyn Nets,Brooklyn Nets,0.0051,0.9949,401901823,108,114,1-1,2-0,0.333,1.0,111.3,119.0,118.3,99.0,-7.0,20.0,100.0,100.0,-1,1.0,preseason,2026-10-08T23:30Z,7:30 PM ET
2026-10-08,Washington Wizards,New York Knicks,Final,Washington Wizards,Washington Wizards,1.0,0.0,401906508,111,109,1-0,0-2,1.0,0.0,112.5,103.0,108.5,115.5,4.0,-12.5,100.0,100.0,0,1.0,preseason,2026-10-08T23:30Z,7:30 PM ET
2026-10-08,Atlanta Hawks,San Antonio Spurs,Final,Atlanta Hawks,Atlanta Hawks,0.9987,0.0013,401898394,123,116,1-1,0-1,0.667,0.0,121.7,116.0,121.7,123.0,0.0,-7.0,100.0,100.0,0,1.0,preseason,2026-10-09T00:00Z,8:00 PM ET
2026-10-08,Sacramento Kings,Los Angeles Lakers,Final,Los Angeles Lakers,Los Angeles Lakers,0.0054,0.9946,401898717,110,114,0-2,2-1,0.0,0.667,106.3,113.0,117.3,112.3,-11.0,0.7,100.0,100.0,-1,1.0,preseason,2026-10-09T02:45Z,10:45 PM ET
2026-10-09,Houston Rockets,Dallas Mavericks,Final,Houston Rockets,Houston Rockets,1.0,0.0,401898395,135,117,1-0,0-1,1.0,0.0,135.0,117.0,117.0,135.0,18.0,-18.0,100.0,100.0,0,1.0,preseason,2026-10-09T12:00Z,8:00 AM ET
2026-10-09,Memphis Grizzlies,Chicago Bulls,Final,Memphis Grizzlies,Memphis Grizzlies,0.8624,0.1376,401908940,104,100,2-1,1-1,0.667,0.5,118.0,112.0,115.0,110.5,3.0,1.5,100.0,100.0,0,1.0,preseason,2026-10-10T00:00Z,8:00 PM ET
2026-10-10,LA Clippers,Toronto Raptors,Final,Toronto Raptors,Toronto Raptors,0.4801,0.5199,401902645,106,114,1-1,1-1,0.5,0.5,105.0,109.5,107.5,117.5,-2.5,-8.0,100.0,100.0,0,1.0,preseason,2026-10-10T22:30Z,6:30 PM ET
2026-10-10,Atlanta Hawks,Indiana Pacers,Final,Atlanta Hawks,Atlanta Hawks,0.5868,0.4132,401898396,119,117,2-1,1-1,0.667,0.5,121.7,120.0,121.7,115.5,0.0,4.5,100.0,100.0,1,1.0,preseason,2026-10-10T23:00Z,7:00 PM ET
2026-10-10,Detroit Pistons,Washington Wizards,Final,Washington Wizards,Washington Wizards,0.3023,0.6977,401906510,108,114,1-1,2-0,0.5,1.0,108.5,112.5,110.5,108.5,-2.0,4.0,100.0,100.0,-3,1.0,preseason,2026-10-10T23:00Z,7:00 PM ET
2026-10-10,Minnesota Timberwolves,Miami Heat,Final,Minnesota Timberwolves,Minnesota Timberwolves,0.7503,0.2497,401898397,125,124,2-1,2-1,0.667,0.667,117.7,127.0,114.7,116.0,3.0,11.0,100.0,100.0,-1,1.0,preseason,2026-10-11T00:00Z,8:00 PM ET
2026-10-10,Philadelphia 76ers,Boston Celtics,Final,Boston Celtics,Boston Celtics,0.0008,0.9992,401898398,106,144,1-2,2-0,0.333,1.0,111.3,134.0,118.3,109.5,-7.0,24.5,100.0,100.0,0,1.0,preseason,2026-10-11T00:00Z,8:00 PM ET
2026-10-10,Sacramento Kings,Golden State Warriors,Final,Golden State Warriors,Golden State Warriors,0.0018,0.9982,401898399,106,111,0-3,2-2,0.0,0.5,106.3,113.5,117.3,107.8,-11.0,5.8,100.0,100.0,1,1.0,preseason,2026-10-11T00:30Z,8:30 PM ET
2026-10-10,San Antonio Spurs,Phoenix Suns,Scheduled,,Phoenix Suns,0.2356,0.7644,401898720,41,49,0-1,0-2,0.0,0.0,116.0,112.0,123.0,116.5,-7.0,-4.5,100.0,100.0,1,1.0,preseason,2026-10-11T02:30Z,10:30 PM ET
2026-10-11,Dallas Mavericks,Houston Rockets,Scheduled,,Houston Rockets,0.0,1.0,401898400,0,0,0-1,1-0,0.0,1.0,117.0,135.0,135.0,117.0,-18.0,18.0,100.0,100.0,0,1.0,preseason,2026-10-11T10:00Z,6:00 AM ET
2026-10-11,Orlando Magic,Cleveland Cavaliers,Scheduled,,Orlando Magic,1.0,0.0,401898401,0,0,1-0,0-1,1.0,0.0,122.0,113.0,118.0,124.0,4.0,-11.0,100.0,100.0,-1,1.0,preseason,2026-10-11T22:30Z,6:30 PM ET
2026-10-11,Milwaukee Bucks,Charlotte Hornets,Scheduled,,Milwaukee Bucks,0.9855,0.0145,401901821,0,0,1-1,0-1,0.5,0.0,112.5,90.0,121.0,124.0,-8.5,-34.0,100.0,100.0,1,1.0,preseason,2026-10-11T23:00Z,7:00 PM ET
2026-10-11,Chicago Bulls,Denver Nuggets,Scheduled,,Denver Nuggets,0.0212,0.9788,401908941,0,0,1-1,1-1,0.5,0.5,112.0,107.0,110.5,107.5,1.5,-0.5,100.0,100.0,3,1.0,preseason,2026-10-12T01:00Z,9:00 PM ET
2026-10-12,London Lions,Portland Trail Blazers,Scheduled,,Portland Trail Blazers,0.1837,0.8163,401914130,0,0,,1-0,,1.0,,123.0,,118.0,,5.0,,100.0,2,1.0,preseason,2026-10-12T20:00Z,4:00 PM ET
2026-10-12,Oklahoma City Thunder,Atlanta Hawks,Scheduled,,Atlanta Hawks,0.0813,0.9187,401898402,0,0,0-2,2-1,0.0,0.667,118.0,121.7,122.0,121.7,-4.0,0.0,100.0,100.0,-3,1.0,preseason,2026-10-12T23:00Z,7:00 PM ET
2026-10-12,Brooklyn Nets,Washington Wizards,Scheduled,,Brooklyn Nets,0.9508,0.0492,401901824,0,0,2-0,2-0,1.0,1.0,119.0,112.5,99.0,108.5,20.0,4.0,100.0,100.0,-2,1.0,preseason,2026-10-12T23:00Z,7:00 PM ET
2026-10-12,Minnesota Timberwolves,New York Knicks,Scheduled,,Minnesota Timberwolves,0.9855,0.0145,401914124,0,0,2-1,0-2,0.667,0.0,117.7,103.0,114.7,115.5,3.0,-12.5,100.0,100.0,2,1.0,preseason,2026-10-12T23:30Z,7:30 PM ET
2026-10-12,San Antonio Spurs,Utah Jazz,Scheduled,,Utah Jazz,0.0029,0.9971,401898721,0,0,0-1,1-1,0.0,0.5,116.0,107.5,123.0,107.0,-7.0,0.5,100.0,100.0,1,1.0,preseason,2026-10-13T01:00Z,9:00 PM ET
2026-10-13,Cleveland Cavaliers,Orlando Magic,Scheduled,,Orlando Magic,0.0001,0.9999,401898403,0,0,0-1,1-0,0.0,1.0,113.0,122.0,124.0,118.0,-11.0,4.0,100.0,100.0,0,1.0,preseason,2026-10-13T23:00Z,7:00 PM ET
2026-10-13,New York Knicks,Toronto Raptors,Scheduled,,Toronto Raptors,0.0949,0.9051,401908944,0,0,0-2,1-1,0.0,0.5,103.0,109.5,115.5,117.5,-12.5,-8.0,100.0,100.0,-2,1.0,preseason,2026-10-13T23:00Z,7:00 PM ET
2026-10-13,Indiana Pacers,Oklahoma City Thunder,Scheduled,,Indiana Pacers,0.9023,0.0977,401908621,0,0,1-1,0-2,0.5,0.0,120.0,118.0,115.5,122.0,4.5,-4.0,100.0,100.0,2,1.0,preseason,2026-10-14T00:00Z,8:00 PM ET
2026-10-13,Golden State Warriors,Los Angeles Lakers,Scheduled,,Los Angeles Lakers,0.0145,0.9855,401898718,0,0,2-2,2-1,0.5,0.667,113.5,113.0,107.8,112.3,5.8,0.7,100.0,100.0,2,1.0,preseason,2026-10-14T02:00Z,10:00 PM ET
2026-10-13,Portland Trail Blazers,Sacramento Kings,Scheduled,,Portland Trail Blazers,1.0,0.0,401901826,0,0,1-0,0-3,1.0,0.0,123.0,106.3,118.0,117.3,5.0,-11.0,100.0,100.0,-2,1.0,preseason,2026-10-14T02:00Z,10:00 PM ET
2026-10-14,Brooklyn Nets,Miami Heat,Scheduled,,Brooklyn Nets,0.9873,0.0127,401898404,0,0,2-0,2-1,1.0,0.667,119.0,127.0,99.0,116.0,20.0,11.0,100.0,100.0,-1,1.0,preseason,2026-10-14T23:30Z,7:30 PM ET
2026-10-14,Charlotte Hornets,Boston Celtics,Scheduled,,Boston Celtics,0.0001,0.9999,401898405,0,0,0-1,2-0,0.0,1.0,90.0,134.0,124.0,109.5,-34.0,24.5,100.0,100.0,-1,1.0,preseason,2026-10-14T23:30Z,7:30 PM ET
2026-10-14,Phoenix Suns,San Antonio Spurs,Scheduled,,San Antonio Spurs,0.4828,0.5172,401898722,0,0,0-2,0-1,0.0,0.0,112.0,116.0,116.5,123.0,-4.5,-7.0,100.0,100.0,0,1.0,preseason,2026-10-15T00:00Z,8:00 PM ET
2026-10-14,New Orleans Pelicans,Dallas Mavericks,Scheduled,,New Orleans Pelicans,0.9923,0.0077,401901825,0,0,1-1,0-1,0.5,0.0,117.0,117.0,119.0,135.0,-2.0,-18.0,100.0,100.0,0,1.0,preseason,2026-10-15T00:00Z,8:00 PM ET
2026-10-14,Chicago Bulls,Milwaukee Bucks,Scheduled,,Chicago Bulls,0.5121,0.4879,401908942,0,0,1-1,1-1,0.5,0.5,112.0,112.5,110.5,121.0,1.5,-8.5,100.0,100.0,0,1.0,preseason,2026-10-15T00:00Z,8:00 PM ET
2026-10-14,Detroit Pistons,Minnesota Timberwolves,Scheduled,,Minnesota Timberwolves,0.1373,0.8627,401914125,0,0,1-1,2-1,0.5,0.667,108.5,117.7,110.5,114.7,-2.0,3.0,100.0,100.0,0,1.0,preseason,2026-10-15T00:00Z,8:00 PM ET
2026-10-14,Denver Nuggets,LA Clippers,Scheduled,,Denver Nuggets,0.8113,0.1887,401918011,0,0,1-1,1-1,0.5,0.5,107.0,105.0,107.5,107.5,-0.5,-2.5,100.0,100.0,-1,1.0,preseason,2026-10-15T02:30Z,10:30 PM ET
2026-10-15,Toronto Raptors,New York Knicks,Scheduled,,Toronto Raptors,0.9936,0.0064,401908945,0,0,1-1,0-2,0.5,0.0,109.5,103.0,117.5,115.5,-8.0,-12.5,100.0,100.0,0,1.0,preseason,2026-10-15T23:30Z,7:30 PM ET
2026-10-15,Oklahoma City Thunder,Houston Rockets,Scheduled,,Houston Rockets,0.0,1.0,401908622,0,0,0-2,1-0,0.0,1.0,118.0,135.0,122.0,117.0,-4.0,18.0,100.0,100.0,0,1.0,preseason,2026-10-16T00:30Z,8:30 PM ET
2026-10-16,Miami Heat,Orlando Magic,Scheduled,,Orlando Magic,0.0484,0.9516,401898406,0,0,2-1,1-0,0.667,1.0,127.0,122.0,116.0,118.0,11.0,4.0,100.0,100.0,0,1.0,preseason,2026-10-16T23:00Z,7:00 PM ET
2026-10-16,Boston Celtics,Philadelphia 76ers,Scheduled,,Boston Celtics,0.9992,0.0008,401898407,0,0,2-0,1-2,1.0,0.333,134.0,111.3,109.5,118.3,24.5,-7.0,100.0,100.0,0,1.0,preseason,2026-10-16T23:00Z,7:00 PM ET
2026-10-16,Toronto Raptors,Detroit Pistons,Scheduled,,Toronto Raptors,0.518,0.482,401908946,0,0,1-1,1-1,0.5,0.5,109.5,108.5,117.5,110.5,-8.0,-2.0,100.0,100.0,0,1.0,preseason,2026-10-16T23:00Z,7:00 PM ET
2026-10-16,Milwaukee Bucks,Indiana Pacers,Scheduled,,Indiana Pacers,0.451,0.549,401914126,0,0,1-1,1-1,0.5,0.5,112.5,120.0,121.0,115.5,-8.5,4.5,100.0,100.0,0,1.0,preseason,2026-10-16T23:00Z,7:00 PM ET
2026-10-16,Atlanta Hawks,Dallas Mavericks,Scheduled,,Atlanta Hawks,0.9987,0.0013,401898408,0,0,2-1,0-1,0.667,0.0,121.7,117.0,121.7,135.0,0.0,-18.0,100.0,100.0,0,1.0,preseason,2026-10-17T00:00Z,8:00 PM ET
2026-10-16,Sacramento Kings,San Antonio Spurs,Scheduled,,San Antonio Spurs,0.4375,0.5625,401898843,0,0,0-3,0-1,0.0,0.0,106.3,116.0,117.3,123.0,-11.0,-7.0,100.0,100.0,0,1.0,preseason,2026-10-17T00:00Z,8:00 PM ET
2026-10-16,Charlotte Hornets,Memphis Grizzlies,Scheduled,,Memphis Grizzlies,0.0007,0.9993,401901822,0,0,0-1,2-1,0.0,0.667,90.0,118.0,124.0,115.0,-34.0,3.0,100.0,100.0,0,1.0,preseason,2026-10-17T00:00Z,8:00 PM ET
2026-10-16,Washington Wizards,New Orleans Pelicans,Scheduled,,Washington Wizards,0.9911,0.0089,401906509,0,0,2-0,1-1,1.0,0.5,112.5,117.0,108.5,119.0,4.0,-2.0,100.0,100.0,0,1.0,preseason,2026-10-17T00:00Z,8:00 PM ET
2026-10-16,Minnesota Timberwolves,Chicago Bulls,Scheduled,,Minnesota Timberwolves,0.8613,0.1387,401908943,0,0,2-1,1-1,0.667,0.5,117.7,112.0,114.7,110.5,3.0,1.5,100.0,100.0,0,1.0,preseason,2026-10-17T00:00Z,8:00 PM ET
2026-10-16,Portland Trail Blazers,Golden State Warriors,Scheduled,,Portland Trail Blazers,0.9941,0.0059,401898409,0,0,1-0,2-2,1.0,0.5,123.0,113.5,118.0,107.8,5.0,5.8,100.0,100.0,0,1.0,preseason,2026-10-17T02:00Z,10:00 PM ET
2026-10-16,Utah Jazz,Phoenix Suns,Scheduled,,Utah Jazz,0.9911,0.0089,401908948,0,0,1-1,0-2,0.5,0.0,107.5,112.0,107.0,116.5,0.5,-4.5,100.0,100.0,0,1.0,preseason,2026-10-17T02:00Z,10:00 PM ET
2026-10-16,Denver Nuggets,Los Angeles Lakers,Scheduled,,Los Angeles Lakers,0.1499,0.8501,401898719,0,0,1-1,2-1,0.5,0.667,107.0,113.0,107.5,112.3,-0.5,0.7,100.0,100.0,0,1.0,preseason,2026-10-17T02:30Z,10:30 PM ET
2026-10-20,Boston Celtics,Detroit Pistons,Scheduled,,Boston Celtics,0.9965,0.0035,401909088,0,0,0-0,0-0,1.0,0.5,134.0,108.5,109.5,110.5,24.5,-2.0,100.0,100.0,0,2.0,regular-season,2026-10-20T19:00Z,3:00 PM ET
2026-10-20,Philadelphia 76ers,New York Knicks,Scheduled,,Philadelphia 76ers,0.9707,0.0293,401909089,0,0,0-0,0-0,0.333,0.0,111.3,103.0,118.3,115.5,-7.0,-12.5,100.0,100.0,0,2.0,regular-season,2026-10-20T23:00Z,7:00 PM ET
2026-10-20,Oklahoma City Thunder,San Antonio Spurs,Scheduled,,Oklahoma City Thunder,0.5287,0.4713,401909090,0,0,0-0,0-0,0.0,0.0,118.0,116.0,122.0,123.0,-4.0,-7.0,100.0,100.0,0,2.0,regular-season,2026-10-21T01:30Z,9:30 PM ET
2026-10-21,Atlanta Hawks,Orlando Magic,Scheduled,,Orlando Magic,0.0409,0.9591,401909834,0,0,0-0,0-0,0.667,1.0,121.7,122.0,121.7,118.0,0.0,4.0,100.0,100.0,0,2.0,regular-season,2026-10-21T23:00Z,7:00 PM ET
2026-10-21,Milwaukee Bucks,Washington Wizards,Scheduled,,Washington Wizards,0.0085,0.9915,401909835,0,0,0-0,0-0,0.5,1.0,112.5,112.5,121.0,108.5,-8.5,4.0,100.0,100.0,0,2.0,regular-season,2026-10-21T23:00Z,7:00 PM ET
2026-10-21,Minnesota Timberwolves,Miami Heat,Scheduled,,Miami Heat,0.4391,0.5609,401909091,0,0,0-0,0-0,0.667,0.667,117.7,127.0,114.7,116.0,3.0,11.0,100.0,100.0,0,2.0,regular-season,2026-10-21T23:30Z,7:30 PM ET
2026-10-21,Charlotte Hornets,Brooklyn Nets,Scheduled,,Brooklyn Nets,0.0,1.0,401909836,0,0,0-0,0-0,0.0,1.0,90.0,119.0,124.0,99.0,-34.0,20.0,100.0,100.0,0,2.0,regular-season,2026-10-21T23:30Z,7:30 PM ET
2026-10-21,Chicago Bulls,Toronto Raptors,Scheduled,,Chicago Bulls,0.5347,0.4653,401909837,0,0,0-0,0-0,0.5,0.5,112.0,109.5,110.5,117.5,1.5,-8.0,100.0,100.0,0,2.0,regular-season,2026-10-21T23:30Z,7:30 PM ET
2026-10-21,Utah Jazz,Memphis Grizzlies,Scheduled,,Memphis Grizzlies,0.1331,0.8669,401909838,0,0,0-0,0-0,0.5,0.667,107.5,118.0,107.0,115.0,0.5,3.0,100.0,100.0,0,2.0,regular-season,2026-10-22T00:00Z,8:00 PM ET
2026-10-21,Indiana Pacers,New Orleans Pelicans,Scheduled,,Indiana Pacers,0.5375,0.4625,401909839,0,0,0-0,0-0,0.5,0.5,120.0,117.0,115.5,119.0,4.5,-2.0,100.0,100.0,0,2.0,regular-season,2026-10-22T00:00Z,8:00 PM ET
2026-10-21,Dallas Mavericks,Houston Rockets,Scheduled,,Houston Rockets,0.0,1.0,401909840,0,0,0-0,0-0,0.0,1.0,117.0,135.0,135.0,117.0,-18.0,18.0,100.0,100.0,0,2.0,regular-season,2026-10-22T00:30Z,8:30 PM ET
2026-10-21,Golden State Warriors,Los Angeles Lakers,Scheduled,,Los Angeles Lakers,0.1782,0.8218,401909092,0,0,0-0,0-0,0.5,0.667,113.5,113.0,107.8,112.3,5.8,0.7,100.0,100.0,0,2.0,regular-season,2026-10-22T02:00Z,10:00 PM ET
2026-10-21,Phoenix Suns,Portland Trail Blazers,Scheduled,,Portland Trail Blazers,0.0001,0.9999,401909841,0,0,0-0,0-0,0.0,1.0,112.0,123.0,116.5,118.0,-4.5,5.0,100.0,100.0,0,2.0,regular-season,2026-10-22T02:00Z,10:00 PM ET
2026-10-21,Sacramento Kings,LA Clippers,Scheduled,,LA Clippers,0.0089,0.9911,401909842,0,0,0-0,0-0,0.0,0.5,106.3,105.0,117.3,107.5,-11.0,-2.5,100.0,100.0,0,2.0,regular-season,2026-10-22T02:30Z,10:30 PM ET
2026-10-22,Cleveland Cavaliers,Philadelphia 76ers,Scheduled,,Philadelphia 76ers,0.0433,0.9567,401909093,0,0,0-0,0-0,0.0,0.333,113.0,111.3,124.0,118.3,-11.0,-7.0,100.0,100.0,0,2.0,regular-season,2026-10-22T23:00Z,7:00 PM ET
2026-10-22,Denver Nuggets,Oklahoma City Thunder,Scheduled,,Denver Nuggets,0.9891,0.0109,401909094,0,0,0-0,0-0,0.5,0.0,107.0,118.0,107.5,122.0,-0.5,-4.0,100.0,100.0,0,2.0,regular-season,2026-10-23T01:30Z,9:30 PM ET
2026-10-23,New York Knicks,Boston Celtics,Scheduled,,Boston Celtics,0.0,1.0,401909095,0,0,0-0,0-0,0.0,1.0,103.0,134.0,115.5,109.5,-12.5,24.5,100.0,100.0,0,2.0,regular-season,2026-10-23T23:00Z,7:00 PM ET
2026-10-23,Atlanta Hawks,Charlotte Hornets,Scheduled,,Atlanta Hawks,0.9994,0.0006,401909843,0,0,0-0,0-0,0.667,0.0,121.7,90.0,121.7,124.0,0.0,-34.0,100.0,100.0,0,2.0,regular-season,2026-10-23T23:00Z,7:00 PM ET
2026-10-23,Dallas Mavericks,Indiana Pacers,Scheduled,,Indiana Pacers,0.0077,0.9923,401909844,0,0,0-0,0-0,0.0,0.5,117.0,120.0,135.0,115.5,-18.0,4.5,100.0,100.0,0,2.0,regular-season,2026-10-23T23:00Z,7:00 PM ET
2026-10-23,Minnesota Timberwolves,Orlando Magic,Scheduled,,Orlando Magic,0.0365,0.9635,401909845,0,0,0-0,0-0,0.667,1.0,117.7,122.0,114.7,118.0,3.0,4.0,100.0,100.0,0,2.0,regular-season,2026-10-23T23:00Z,7:00 PM ET
2026-10-23,Toronto Raptors,Washington Wizards,Scheduled,,Washington Wizards,0.0078,0.9922,401909846,0,0,0-0,0-0,0.5,1.0,109.5,112.5,117.5,108.5,-8.0,4.0,100.0,100.0,0,2.0,regular-season,2026-10-23T23:00Z,7:00 PM ET
2026-10-23,Detroit Pistons,Miami Heat,Scheduled,,Miami Heat,0.106,0.894,401909847,0,0,0-0,0-0,0.5,0.667,108.5,127.0,110.5,116.0,-2.0,11.0,100.0,100.0,0,2.0,regular-season,2026-10-24T00:00Z,8:00 PM ET
2026-10-23,Chicago Bulls,Milwaukee Bucks,Scheduled,,Chicago Bulls,0.5121,0.4879,401909848,0,0,0-0,0-0,0.5,0.5,112.0,112.5,110.5,121.0,1.5,-8.5,100.0,100.0,0,2.0,regular-season,2026-10-24T00:00Z,8:00 PM ET
2026-10-23,Houston Rockets,San Antonio Spurs,Scheduled,,Houston Rockets,1.0,0.0,401909096,0,0,0-0,0-0,1.0,0.0,135.0,116.0,117.0,123.0,18.0,-7.0,100.0,100.0,0,2.0,regular-season,2026-10-24T01:30Z,9:30 PM ET
2026-10-23,New Orleans Pelicans,Utah Jazz,Scheduled,,New Orleans Pelicans,0.5832,0.4168,401909849,0,0,0-0,0-0,0.5,0.5,117.0,107.5,119.0,107.0,-2.0,0.5,100.0,100.0,0,2.0,regular-season,2026-10-24T01:30Z,9:30 PM ET
2026-10-23,Memphis Grizzlies,Golden State Warriors,Scheduled,,Memphis Grizzlies,0.8561,0.1439,401909850,0,0,0-0,0-0,0.667,0.5,118.0,113.5,115.0,107.8,3.0,5.8,100.0,100.0,0,2.0,regular-season,2026-10-24T02:00Z,10:00 PM ET
2026-10-23,LA Clippers,Los Angeles Lakers,Scheduled,,Los Angeles Lakers,0.142,0.858,401909851,0,0,0-0,0-0,0.5,0.667,105.0,113.0,107.5,112.3,-2.5,0.7,100.0,100.0,0,2.0,regular-season,2026-10-24T02:00Z,10:00 PM ET
2026-10-23,Portland Trail Blazers,Sacramento Kings,Scheduled,,Portland Trail Blazers,1.0,0.0,401909852,0,0,0-0,0-0,1.0,0.0,123.0,106.3,118.0,117.3,5.0,-11.0,100.0,100.0,0,2.0,regular-season,2026-10-24T02:00Z,10:00 PM ET
2026-10-24,Miami Heat,Charlotte Hornets,Scheduled,,Miami Heat,0.9995,0.0005,401909853,0,0,0-0,0-0,0.667,0.0,127.0,90.0,116.0,124.0,11.0,-34.0,100.0,100.0,0,2.0,regular-season,2026-10-24T22:00Z,6:00 PM ET
2026-10-24,Brooklyn Nets,Cleveland Cavaliers,Scheduled,,Brooklyn Nets,0.9999,0.0001,401909854,0,0,0-0,0-0,1.0,0.0,119.0,113.0,99.0,124.0,20.0,-11.0,100.0,100.0,0,2.0,regular-season,2026-10-24T23:30Z,7:30 PM ET
2026-10-24,Milwaukee Bucks,Philadelphia 76ers,Scheduled,,Milwaukee Bucks,0.8435,0.1565,401909855,0,0,0-0,0-0,0.5,0.333,112.5,111.3,121.0,118.3,-8.5,-7.0,100.0,100.0,0,2.0,regular-season,2026-10-24T23:30Z,7:30 PM ET
2026-10-24,Houston Rockets,Atlanta Hawks,Scheduled,,Houston Rockets,0.9752,0.0248,401909856,0,0,0-0,0-0,1.0,0.667,135.0,121.7,117.0,121.7,18.0,0.0,100.0,100.0,0,2.0,regular-season,2026-10-25T00:00Z,8:00 PM ET
2026-10-24,Washington Wizards,Chicago Bulls,Scheduled,,Washington Wizards,0.9923,0.0077,401909857,0,0,0-0,0-0,1.0,0.5,112.5,112.0,108.5,110.5,4.0,1.5,100.0,100.0,0,2.0,regular-season,2026-10-25T00:00Z,8:00 PM ET
2026-10-24,San Antonio Spurs,Dallas Mavericks,Scheduled,,San Antonio Spurs,0.5086,0.4914,401909858,0,0,0-0,0-0,0.0,0.0,116.0,117.0,123.0,135.0,-7.0,-18.0,100.0,100.0,0,2.0,regular-season,2026-10-25T00:00Z,8:00 PM ET
2026-10-24,New Orleans Pelicans,Denver Nuggets,Scheduled,,New Orleans Pelicans,0.5873,0.4127,401909859,0,0,0-0,0-0,0.5,0.5,117.0,107.0,119.0,107.5,-2.0,-0.5,100.0,100.0,0,2.0,regular-season,2026-10-25T01:00Z,9:00 PM ET
2026-10-24,Golden State Warriors,Phoenix Suns,Scheduled,,Golden State Warriors,0.9926,0.0074,401909860,0,0,0-0,0-0,0.5,0.0,113.5,112.0,107.8,116.5,5.8,-4.5,100.0,100.0,0,2.0,regular-season,2026-10-25T02:00Z,10:00 PM ET
2026-10-25,Los Angeles Lakers,Utah Jazz,Scheduled,,Los Angeles Lakers,0.8603,0.1397,401909861,0,0,0-0,0-0,0.667,0.5,113.0,107.5,112.3,107.0,0.7,0.5,100.0,100.0,0,2.0,regular-season,2026-10-25T21:00Z,5:00 PM ET
2026-10-25,Indiana Pacers,Brooklyn Nets,Scheduled,,Brooklyn Nets,0.0087,0.9913,401909862,0,0,0-0,0-0,0.5,1.0,120.0,119.0,115.5,99.0,4.5,20.0,100.0,100.0,0,2.0,regular-season,2026-10-25T22:00Z,6:00 PM ET
2026-10-25,Orlando Magic,New York Knicks,Scheduled,,Orlando Magic,1.0,0.0,401909863,0,0,0-0,0-0,1.0,0.0,122.0,103.0,118.0,115.5,4.0,-12.5,100.0,100.0,0,2.0,regular-season,2026-10-25T23:00Z,7:00 PM ET
2026-10-25,Toronto Raptors,Minnesota Timberwolves,Scheduled,,Minnesota Timberwolves,0.1399,0.8601,401909864,0,0,0-0,0-0,0.5,0.667,109.5,117.7,117.5,114.7,-8.0,3.0,100.0,100.0,0,2.0,regular-season,2026-10-25T23:00Z,7:00 PM ET
2026-10-25,LA Clippers,Oklahoma City Thunder,Scheduled,,LA Clippers,0.9884,0.0116,401909865,0,0,0-0,0-0,0.5,0.0,105.0,118.0,107.5,122.0,-2.5,-4.0,100.0,100.0,0,2.0,regular-season,2026-10-25T23:00Z,7:00 PM ET
2026-10-25,Detroit Pistons,Philadelphia 76ers,Scheduled,,Detroit Pistons,0.828,0.172,401909866,0,0,0-0,0-0,0.5,0.333,108.5,111.3,110.5,118.3,-2.0,-7.0,100.0,100.0,0,2.0,regular-season,2026-10-25T23:30Z,7:30 PM ET
2026-10-25,Memphis Grizzlies,Sacramento Kings,Scheduled,,Memphis Grizzlies,0.9989,0.0011,401909867,0,0,0-0,0-0,0.667,0.0,118.0,106.3,115.0,117.3,3.0,-11.0,100.0,100.0,0,2.0,regular-season,2026-10-26T01:00Z,9:00 PM ET
