game_date,away_team,home_team,status,winner,favored_team,away_win_probability,home_win_probability,game_id,away_score,home_score,away_record,home_record,away_win_pct,home_win_pct,away_pt_diff_pg,home_pt_diff_pg,away_ypg_off,home_ypg_off,away_ypg_def,home_ypg_def,away_to_margin,home_to_margin,season_type,season_slug,game_start_utc,game_time
2026-08-06,Carolina Panthers,Arizona Cardinals,Final,Carolina Panthers,Carolina Panthers,0.6917,0.3083,401873271,33,30,1-0,0-1,0.5,0.5,4.5,-6.0,420.5,279.0,340.0,340.0,1.5,1.0,1.0,preseason,2026-08-07T00:00Z,8:00 PM ET
2026-08-13,Detroit Lions,Cincinnati Bengals,Final,Cincinnati Bengals,Cincinnati Bengals,0.3986,0.6014,401873272,14,16,0-1,1-0,0.667,1.0,-0.7,10.0,382.0,326.0,340.0,340.0,0.67,1.5,1.0,preseason,2026-08-13T23:00Z,7:00 PM ET
2026-08-13,Green Bay Packers,Pittsburgh Steelers,Final,Pittsburgh Steelers,Pittsburgh Steelers,0.474,0.526,401873275,9,28,0-1,1-0,0.333,0.5,-11.7,-5.0,330.0,278.5,340.0,340.0,-0.67,0.5,1.0,preseason,2026-08-13T23:00Z,7:00 PM ET
2026-08-13,Indianapolis Colts,New England Patriots,Final,New England Patriots,New England Patriots,0.3645,0.6355,401873273,13,13,0-0-1,0-0-1,0.0,0.333,-10.5,-5.0,298.5,315.5,340.0,340.0,-1.0,-1.0,1.0,preseason,2026-08-13T23:30Z,7:30 PM ET
2026-08-13,Arizona Cardinals,Las Vegas Raiders,Final,Arizona Cardinals,Las Vegas Raiders,0.252,0.748,401873640,27,14,1-1,0-1,0.5,1.0,-6.0,13.0,279.0,300.0,340.0,340.0,1.0,1.0,1.0,preseason,2026-08-14T00:00Z,8:00 PM ET
2026-08-13,Los Angeles Chargers,Houston Texans,Final,Los Angeles Chargers,Houston Texans,0.4247,0.5753,401873274,27,7,1-0,0-1,0.0,0.0,-12.0,-9.5,304.5,405.5,340.0,340.0,-2.0,-1.0,1.0,preseason,2026-08-14T00:00Z,8:00 PM ET
2026-08-13,Tennessee Titans,San Francisco 49ers,Final,Tennessee Titans,San Francisco 49ers,0.0858,0.9142,401874392,19,13,1-0,0-1,0.0,1.0,-7.3,21.0,256.5,380.5,340.0,340.0,0.33,0.5,1.0,preseason,2026-08-14T01:00Z,9:00 PM ET
2026-08-14,Denver Broncos,Atlanta Falcons,Final,Denver Broncos,Denver Broncos,0.5272,0.4728,401873278,27,7,1-0,0-1,0.5,0.333,-7.0,-5.7,292.0,354.3,340.0,340.0,-0.5,-2.0,1.0,preseason,2026-08-14T23:00Z,7:00 PM ET
2026-08-14,Tampa Bay Buccaneers,New York Jets,Final,Tampa Bay Buccaneers,New York Jets,0.3506,0.6494,401873276,24,16,1-0,0-1,0.0,0.333,-5.0,1.0,312.0,340.5,340.0,340.0,-2.0,0.67,1.0,preseason,2026-08-14T23:00Z,7:00 PM ET
2026-08-14,Miami Dolphins,Washington Commanders,Final,Washington Commanders,Washington Commanders,0.4496,0.5504,401873277,7,20,0-1,1-0,0.0,0.0,-16.7,-9.5,296.5,342.5,340.0,340.0,0.0,-0.5,1.0,preseason,2026-08-14T23:00Z,7:00 PM ET
2026-08-15,Carolina Panthers,Buffalo Bills,Final,Buffalo Bills,Buffalo Bills,0.3229,0.6771,401873282,14,29,1-1,1-0,0.5,1.0,4.5,7.5,420.5,435.5,340.0,340.0,1.5,1.0,1.0,preseason,2026-08-15T17:00Z,1:00 PM ET
2026-08-15,Cleveland Browns,Chicago Bears,Final,Chicago Bears,Chicago Bears,0.3085,0.6915,401874393,10,34,0-1,1-0,0.5,0.5,-10.0,8.0,287.0,443.0,340.0,340.0,-0.5,0.0,1.0,preseason,2026-08-15T17:00Z,1:00 PM ET
2026-08-15,Minnesota Vikings,New York Giants,Final,Minnesota Vikings,Minnesota Vikings,0.6872,0.3128,401873280,13,10,1-0,0-1,1.0,0.667,11.5,-3.0,260.0,289.0,340.0,340.0,1.5,0.33,1.0,preseason,2026-08-15T17:00Z,1:00 PM ET
2026-08-15,Los Angeles Rams,Kansas City Chiefs,Final,Los Angeles Rams,Kansas City Chiefs,0.2409,0.7591,401873283,20,12,1-0,0-1,0.5,1.0,1.0,12.7,390.0,469.0,340.0,340.0,-1.0,0.67,1.0,preseason,2026-08-15T20:00Z,4:00 PM ET
2026-08-15,Jacksonville Jaguars,New Orleans Saints,Final,Jacksonville Jaguars,Jacksonville Jaguars,0.5786,0.4214,401873281,24,20,1-0,0-1,0.667,0.5,15.3,3.0,327.5,409.0,340.0,340.0,0.67,-0.5,1.0,preseason,2026-08-15T20:00Z,4:00 PM ET
2026-08-15,Philadelphia Eagles,Baltimore Ravens,Final,Baltimore Ravens,Philadelphia Eagles,0.6157,0.3843,401873284,7,24,0-1,1-0,1.0,0.5,3.0,5.5,346.0,434.5,340.0,340.0,-1.0,0.0,1.0,preseason,2026-08-15T23:00Z,7:00 PM ET
2026-08-15,Dallas Cowboys,Seattle Seahawks,Final,Dallas Cowboys,Seattle Seahawks,0.2693,0.7307,401873279,17,7,1-0,0-1,0.5,1.0,4.5,13.5,294.5,347.0,340.0,340.0,0.5,1.5,1.0,preseason,2026-08-16T00:00Z,8:00 PM ET
2026-08-20,Las Vegas Raiders,Houston Texans,Final,Las Vegas Raiders,Las Vegas Raiders,0.8406,0.1594,401873286,22,20,1-1,0-2,1.0,0.0,13.0,-9.5,300.0,405.5,340.0,340.0,1.0,-1.0,1.0,preseason,2026-08-21T00:00Z,8:00 PM ET
2026-08-20,San Francisco 49ers,Los Angeles Chargers,Final,San Francisco 49ers,San Francisco 49ers,0.9247,0.0753,401873285,41,17,1-1,1-1,1.0,0.0,21.0,-12.0,380.5,304.5,340.0,340.0,0.5,-2.0,1.0,preseason,2026-08-21T02:00Z,10:00 PM ET
2026-08-21,New York Jets,Pittsburgh Steelers,Final,New York Jets,New York Jets,0.5486,0.4514,401873288,17,0,1-1,1-1,0.333,0.5,1.0,-5.0,340.5,278.5,340.0,340.0,0.67,0.5,1.0,preseason,2026-08-21T23:00Z,7:00 PM ET
2026-08-21,Carolina Panthers,Jacksonville Jaguars,Final,Carolina Panthers,Jacksonville Jaguars,0.4911,0.5089,401873287,34,17,2-1,1-1,0.5,0.667,4.5,15.3,420.5,327.5,340.0,340.0,1.5,0.67,1.0,preseason,2026-08-21T23:30Z,7:30 PM ET
2026-08-21,Green Bay Packers,Denver Broncos,Final,Green Bay Packers,Denver Broncos,0.4734,0.5266,401873613,33,13,1-1,1-1,0.333,0.5,-11.7,-7.0,330.0,292.0,340.0,340.0,-0.67,-0.5,1.0,preseason,2026-08-22T01:00Z,9:00 PM ET
2026-08-22,Washington Commanders,Detroit Lions,Final,Detroit Lions,Detroit Lions,0.2325,0.7675,401873601,13,17,1-1,1-1,0.0,0.667,-9.5,-0.7,342.5,382.0,340.0,340.0,-0.5,0.67,1.0,preseason,2026-08-22T16:00Z,12:00 PM ET
2026-08-22,Buffalo Bills,Cleveland Browns,Final,Buffalo Bills,Buffalo Bills,0.8468,0.1532,401873294,31,7,2-0,0-2,1.0,0.5,7.5,-10.0,435.5,287.0,340.0,340.0,1.0,-0.5,1.0,preseason,2026-08-22T17:00Z,1:00 PM ET
2026-08-22,Atlanta Falcons,Indianapolis Colts,Final,Atlanta Falcons,Atlanta Falcons,0.706,0.294,401873295,34,6,1-1,0-1-1,0.333,0.0,-5.7,-10.5,354.3,298.5,340.0,340.0,-2.0,-1.0,1.0,preseason,2026-08-22T17:00Z,1:00 PM ET
2026-08-22,Baltimore Ravens,Minnesota Vikings,Final,Baltimore Ravens,Minnesota Vikings,0.4623,0.5377,401873291,13,3,2-0,1-1,0.5,1.0,5.5,11.5,434.5,260.0,340.0,340.0,0.0,1.5,1.0,preseason,2026-08-22T17:00Z,1:00 PM ET
2026-08-22,New Orleans Saints,Los Angeles Rams,Final,Los Angeles Rams,New Orleans Saints,0.5524,0.4476,401873290,0,34,0-2,2-0,0.5,0.5,3.0,1.0,409.0,390.0,340.0,340.0,-0.5,-1.0,1.0,preseason,2026-08-22T20:00Z,4:00 PM ET
2026-08-22,New York Giants,Miami Dolphins,Final,New York Giants,New York Giants,0.7909,0.2091,401873292,26,3,1-1,0-2,0.667,0.0,-3.0,-16.7,289.0,296.5,340.0,340.0,0.33,0.0,1.0,preseason,2026-08-22T20:00Z,4:00 PM ET
2026-08-22,Chicago Bears,Cincinnati Bengals,Final,Cincinnati Bengals,Cincinnati Bengals,0.433,0.567,401873289,9,27,1-1,2-0,0.5,1.0,8.0,10.0,443.0,326.0,340.0,340.0,0.0,1.5,1.0,preseason,2026-08-22T23:00Z,7:00 PM ET
2026-08-22,Philadelphia Eagles,New England Patriots,Final,New England Patriots,Philadelphia Eagles,0.7934,0.2066,401873293,21,24,0-2,1-0-1,1.0,0.333,3.0,-5.0,346.0,315.5,340.0,340.0,-1.0,-1.0,1.0,preseason,2026-08-22T23:00Z,7:00 PM ET
2026-08-22,Kansas City Chiefs,Tampa Bay Buccaneers,Final,Tampa Bay Buccaneers,Kansas City Chiefs,0.9227,0.0773,401873296,15,16,0-2,2-0,1.0,0.0,12.7,-5.0,469.0,312.0,340.0,340.0,0.67,-2.0,1.0,preseason,2026-08-22T23:30Z,7:30 PM ET
2026-08-22,Dallas Cowboys,Arizona Cardinals,Final,Dallas Cowboys,Dallas Cowboys,0.5907,0.4093,401874101,34,13,2-0,1-2,0.5,0.5,4.5,-6.0,294.5,279.0,340.0,340.0,0.5,1.0,1.0,preseason,2026-08-23T02:00Z,10:00 PM ET
2026-08-23,Seattle Seahawks,Tennessee Titans,Final,Tennessee Titans,Seattle Seahawks,0.9093,0.0907,401873297,16,19,0-2,2-0,1.0,0.0,13.5,-7.3,347.0,256.5,340.0,340.0,1.5,0.33,1.0,preseason,2026-08-24T00:00Z,8:00 PM ET
2026-08-27,Pittsburgh Steelers,Buffalo Bills,Final,Buffalo Bills,Buffalo Bills,0.1931,0.8069,401873298,27,28,1-2,3-0,0.5,1.0,-5.0,7.5,278.5,435.5,340.0,340.0,0.5,1.0,1.0,preseason,2026-08-27T23:00Z,7:00 PM ET
2026-08-27,New England Patriots,Cleveland Browns,Final,Cleveland Browns,New England Patriots,0.514,0.486,401873299,13,37,1-1-1,1-2,0.333,0.5,-5.0,-10.0,315.5,287.0,340.0,340.0,-1.0,-0.5,1.0,preseason,2026-08-28T00:00Z,8:00 PM ET
2026-08-27,San Francisco 49ers,Las Vegas Raiders,Final,San Francisco 49ers,San Francisco 49ers,0.6322,0.3678,401873641,18,12,2-1,1-2,1.0,1.0,21.0,13.0,380.5,300.0,340.0,340.0,0.5,1.0,1.0,preseason,2026-08-28T00:00Z,8:00 PM ET
2026-08-27,Los Angeles Rams,Los Angeles Chargers,Final,Los Angeles Rams,Los Angeles Rams,0.8018,0.1982,401873300,20,18,3-0,1-2,0.5,0.0,1.0,-12.0,390.0,304.5,340.0,340.0,-1.0,-2.0,1.0,preseason,2026-08-28T02:00Z,10:00 PM ET
2026-08-28,Washington Commanders,Baltimore Ravens,Final,Baltimore Ravens,Baltimore Ravens,0.2218,0.7782,401873302,3,41,1-2,3-0,0.0,0.5,-9.5,5.5,342.5,434.5,340.0,340.0,-0.5,0.0,1.0,preseason,2026-08-28T22:00Z,6:00 PM ET
2026-08-28,Atlanta Falcons,Miami Dolphins,Final,Atlanta Falcons,Atlanta Falcons,0.732,0.268,401873304,17,12,2-1,0-3,0.333,0.0,-5.7,-16.7,354.3,296.5,340.0,340.0,-2.0,0.0,1.0,preseason,2026-08-28T23:00Z,7:00 PM ET
2026-08-28,Houston Texans,Carolina Panthers,Final,Carolina Panthers,Carolina Panthers,0.2738,0.7262,401873307,13,16,0-3,3-1,0.0,0.5,-9.5,4.5,405.5,420.5,340.0,340.0,-1.0,1.5,1.0,preseason,2026-08-28T23:00Z,7:00 PM ET
2026-08-28,New York Giants,New York Jets,Final,New York Giants,New York Giants,0.5815,0.4185,401873303,23,6,2-1,1-2,0.667,0.333,-3.0,1.0,289.0,340.5,340.0,340.0,0.33,0.67,1.0,preseason,2026-08-28T23:30Z,7:30 PM ET
2026-08-28,Tampa Bay Buccaneers,Jacksonville Jaguars,Final,Jacksonville Jaguars,Jacksonville Jaguars,0.2059,0.7941,401873306,0,19,2-1,2-1,0.0,0.667,-5.0,15.3,312.0,327.5,340.0,340.0,-2.0,0.67,1.0,preseason,2026-08-28T23:30Z,7:30 PM ET
2026-08-28,New Orleans Saints,Dallas Cowboys,Final,New Orleans Saints,New Orleans Saints,0.6142,0.3858,401874048,27,24,1-2,2-1,0.5,0.5,3.0,4.5,409.0,294.5,340.0,340.0,-0.5,0.5,1.0,preseason,2026-08-29T00:00Z,8:00 PM ET
2026-08-28,Arizona Cardinals,Green Bay Packers,Final,Green Bay Packers,Arizona Cardinals,0.5722,0.4278,401874102,38,42,1-3,2-1,0.5,0.333,-6.0,-11.7,279.0,330.0,340.0,340.0,1.0,-0.67,1.0,preseason,2026-08-29T00:00Z,8:00 PM ET
2026-08-28,Seattle Seahawks,Kansas City Chiefs,Final,Kansas City Chiefs,Kansas City Chiefs,0.425,0.575,401873305,9,9,0-2-1,0-2-1,1.0,1.0,13.5,12.7,347.0,469.0,340.0,340.0,1.5,0.67,1.0,preseason,2026-08-29T00:00Z,8:00 PM ET
2026-08-28,Cincinnati Bengals,Philadelphia Eagles,Final,Cincinnati Bengals,Cincinnati Bengals,0.5459,0.4541,401873301,30,13,3-0,0-3,1.0,1.0,10.0,3.0,326.0,346.0,340.0,340.0,1.5,-1.0,1.0,preseason,2026-08-29T00:00Z,8:00 PM ET
2026-08-28,Minnesota Vikings,Denver Broncos,Final,Denver Broncos,Minnesota Vikings,0.7512,0.2488,401873614,6,34,1-2,2-1,1.0,0.5,11.5,-7.0,260.0,292.0,340.0,340.0,1.5,-0.5,1.0,preseason,2026-08-29T01:00Z,9:00 PM ET
2026-08-29,Detroit Lions,Indianapolis Colts,Final,Detroit Lions,Detroit Lions,0.8281,0.1719,401873308,25,16,2-1,0-2-1,0.667,0.0,-0.7,-10.5,382.0,298.5,340.0,340.0,0.67,-1.0,1.0,preseason,2026-08-29T17:00Z,1:00 PM ET
2026-08-29,Chicago Bears,Tennessee Titans,Final,Chicago Bears,Chicago Bears,0.8569,0.1431,401874394,24,15,2-1,2-1,0.5,0.0,8.0,-7.3,443.0,256.5,340.0,340.0,0.0,0.33,1.0,preseason,2026-08-29T22:00Z,6:00 PM ET
2026-09-09,New England Patriots,Seattle Seahawks,Final,Seattle Seahawks,Seattle Seahawks,0.2029,0.7971,401872656,10,13,0-1,1-0,0.333,1.0,-5.0,13.5,315.5,347.0,340.0,340.0,-1.0,1.5,2.0,regular-season,2026-09-10T00:20Z,8:20 PM ET
2026-09-10,San Francisco 49ers,Los Angeles Rams,Final,San Francisco 49ers,San Francisco 49ers,0.7706,0.2294,401872657,27,7,1-0,0-1,1.0,0.5,21.0,1.0,380.5,390.0,340.0,340.0,0.5,-1.0,2.0,regular-season,2026-09-11T00:35Z,8:35 PM ET
2026-09-13,Tampa Bay Buccaneers,Cincinnati Bengals,Final,Cincinnati Bengals,Cincinnati Bengals,0.1509,0.8491,401872925,27,33,0-1,1-0,0.0,1.0,-5.0,10.0,312.0,326.0,340.0,340.0,-2.0,1.5,2.0,regular-season,2026-09-13T17:00Z,1:00 PM ET
2026-09-13,New Orleans Saints,Detroit Lions,Final,Detroit Lions,New Orleans Saints,0.5055,0.4945,401872923,30,31,0-1,1-0,0.5,0.667,3.0,-0.7,409.0,382.0,340.0,340.0,-0.5,0.67,2.0,regular-season,2026-09-13T17:00Z,1:00 PM ET
2026-09-13,New York Jets,Tennessee Titans,Final,New York Jets,New York Jets,0.7408,0.2592,401872924,23,10,1-0,0-1,0.333,0.0,1.0,-7.3,340.5,256.5,340.0,340.0,0.67,0.33,2.0,regular-season,2026-09-13T17:00Z,1:00 PM ET
2026-09-13,Baltimore Ravens,Indianapolis Colts,Final,Baltimore Ravens,Baltimore Ravens,0.8367,0.1633,401872659,41,23,1-0,0-1,0.5,0.0,5.5,-10.5,434.5,298.5,340.0,340.0,0.0,-1.0,2.0,regular-season,2026-09-13T17:00Z,1:00 PM ET
2026-09-13,Atlanta Falcons,Pittsburgh Steelers,Final,Pittsburgh Steelers,Atlanta Falcons,0.5242,0.4758,401872658,13,20,0-1,1-0,0.333,0.5,-5.7,-5.0,354.3,278.5,340.0,340.0,-2.0,0.5,2.0,regular-season,2026-09-13T17:00Z,1:00 PM ET
2026-09-13,Chicago Bears,Carolina Panthers,Final,Chicago Bears,Chicago Bears,0.561,0.439,401872661,59,37,1-0,0-1,0.5,0.5,8.0,4.5,443.0,420.5,340.0,340.0,0.0,1.5,2.0,regular-season,2026-09-13T17:00Z,1:00 PM ET
2026-09-13,Cleveland Browns,Jacksonville Jaguars,Final,Jacksonville Jaguars,Jacksonville Jaguars,0.3098,0.6902,401872922,10,34,0-1,1-0,0.5,0.667,-10.0,15.3,287.0,327.5,340.0,340.0,-0.5,0.67,2.0,regular-season,2026-09-13T17:00Z,1:00 PM ET
2026-09-13,Buffalo Bills,Houston Texans,Final,Buffalo Bills,Buffalo Bills,0.883,0.117,401872660,36,31,1-0,0-1,1.0,0.0,7.5,-9.5,435.5,405.5,340.0,340.0,1.0,-1.0,2.0,regular-season,2026-09-13T17:00Z,1:00 PM ET
2026-09-13,Miami Dolphins,Las Vegas Raiders,Final,Las Vegas Raiders,Las Vegas Raiders,0.1214,0.8786,401872928,13,27,0-1,1-0,0.0,1.0,-16.7,13.0,296.5,300.0,340.0,340.0,0.0,1.0,2.0,regular-season,2026-09-13T20:25Z,4:25 PM ET
2026-09-13,Green Bay Packers,Minnesota Vikings,Final,Minnesota Vikings,Minnesota Vikings,0.2479,0.7521,401872927,22,39,0-1,1-0,0.333,1.0,-11.7,11.5,330.0,260.0,340.0,340.0,-0.67,1.5,2.0,regular-season,2026-09-13T20:25Z,4:25 PM ET
2026-09-13,Washington Commanders,Philadelphia Eagles,Final,Philadelphia Eagles,Philadelphia Eagles,0.1645,0.8355,401872929,22,24,0-1,1-0,0.0,1.0,-9.5,3.0,342.5,346.0,340.0,340.0,-0.5,-1.0,2.0,regular-season,2026-09-13T20:25Z,4:25 PM ET
2026-09-13,Arizona Cardinals,Los Angeles Chargers,Final,Arizona Cardinals,Arizona Cardinals,0.7064,0.2936,401872926,26,14,1-0,0-1,0.5,0.0,-6.0,-12.0,279.0,304.5,340.0,340.0,1.0,-2.0,2.0,regular-season,2026-09-13T20:25Z,4:25 PM ET
2026-09-13,Dallas Cowboys,New York Giants,Final,New York Giants,Dallas Cowboys,0.5074,0.4926,401872930,20,28,0-1,1-0,0.5,0.667,4.5,-3.0,294.5,289.0,340.0,340.0,0.5,0.33,2.0,regular-season,2026-09-14T00:20Z,8:20 PM ET
2026-09-14,Denver Broncos,Kansas City Chiefs,Final,Kansas City Chiefs,Kansas City Chiefs,0.1613,0.8387,401872931,10,31,0-1,1-0,0.5,1.0,-7.0,12.7,292.0,469.0,340.0,340.0,-0.5,0.67,2.0,regular-season,2026-09-15T00:15Z,8:15 PM ET
2026-09-17,Detroit Lions,Buffalo Bills,Final,Buffalo Bills,Buffalo Bills,0.3233,0.6767,401872932,31,41,1-1,2-0,0.667,1.0,-0.7,7.5,382.0,435.5,340.0,340.0,0.67,1.0,2.0,regular-season,2026-09-18T00:15Z,8:15 PM ET
2026-09-20,Carolina Panthers,Atlanta Falcons,Final,Carolina Panthers,Carolina Panthers,0.6892,0.3108,401872933,34,3,1-1,0-2,0.5,0.333,4.5,-5.7,420.5,354.3,340.0,340.0,1.5,-2.0,2.0,regular-season,2026-09-20T17:00Z,1:00 PM ET
2026-09-20,Minnesota Vikings,Chicago Bears,Final,Minnesota Vikings,Minnesota Vikings,0.5682,0.4318,401872937,9,3,2-0,1-1,1.0,0.5,11.5,8.0,260.0,443.0,340.0,340.0,1.5,0.0,2.0,regular-season,2026-09-20T17:00Z,1:00 PM ET
2026-09-20,Philadelphia Eagles,Tennessee Titans,Final,Philadelphia Eagles,Philadelphia Eagles,0.8888,0.1112,401872939,24,20,2-0,0-2,1.0,0.0,3.0,-7.3,346.0,256.5,340.0,340.0,-1.0,0.33,2.0,regular-season,2026-09-20T17:00Z,1:00 PM ET
2026-09-20,Pittsburgh Steelers,New England Patriots,Final,New England Patriots,Pittsburgh Steelers,0.5556,0.4444,401872946,3,20,1-1,1-1,0.5,0.333,-5.0,-5.0,278.5,315.5,340.0,340.0,0.5,-1.0,2.0,regular-season,2026-09-20T17:00Z,1:00 PM ET
2026-09-20,Green Bay Packers,New York Jets,Final,Green Bay Packers,New York Jets,0.4507,0.5493,401872936,20,17,1-1,1-1,0.333,0.333,-11.7,1.0,330.0,340.5,340.0,340.0,-0.67,0.67,2.0,regular-season,2026-09-20T17:00Z,1:00 PM ET
2026-09-20,Cleveland Browns,Tampa Bay Buccaneers,Final,Cleveland Browns,Cleveland Browns,0.6571,0.3429,401872935,23,19,1-1,0-2,0.5,0.0,-10.0,-5.0,287.0,312.0,340.0,340.0,-0.5,-2.0,2.0,regular-season,2026-09-20T17:00Z,1:00 PM ET
2026-09-20,New Orleans Saints,Baltimore Ravens,Final,New Orleans Saints,Baltimore Ravens,0.4901,0.5099,401872938,24,17,1-1,1-1,0.5,0.5,3.0,5.5,409.0,434.5,340.0,340.0,-0.5,0.0,2.0,regular-season,2026-09-20T17:00Z,1:00 PM ET
2026-09-20,Cincinnati Bengals,Houston Texans,Final,Cincinnati Bengals,Cincinnati Bengals,0.8447,0.1553,401872934,20,6,2-0,0-2,1.0,0.0,10.0,-9.5,326.0,405.5,340.0,340.0,1.5,-1.0,2.0,regular-season,2026-09-20T17:00Z,1:00 PM ET
2026-09-20,Jacksonville Jaguars,Denver Broncos,Final,Denver Broncos,Jacksonville Jaguars,0.7163,0.2837,401872940,13,20,1-1,1-1,0.667,0.5,15.3,-7.0,327.5,292.0,340.0,340.0,0.67,-0.5,2.0,regular-season,2026-09-20T20:05Z,4:05 PM ET
2026-09-20,Las Vegas Raiders,Los Angeles Chargers,Final,Las Vegas Raiders,Las Vegas Raiders,0.8877,0.1123,401872941,26,14,2-0,0-2,1.0,0.0,13.0,-12.0,300.0,304.5,340.0,340.0,1.0,-2.0,2.0,regular-season,2026-09-20T20:05Z,4:05 PM ET
2026-09-20,Washington Commanders,Dallas Cowboys,Final,Dallas Cowboys,Dallas Cowboys,0.3206,0.6794,401872944,20,37,0-2,1-1,0.0,0.5,-9.5,4.5,342.5,294.5,340.0,340.0,-0.5,0.5,2.0,regular-season,2026-09-20T20:25Z,4:25 PM ET
2026-09-20,Seattle Seahawks,Arizona Cardinals,Final,Seattle Seahawks,Seattle Seahawks,0.8126,0.1874,401872943,31,7,2-0,1-1,1.0,0.5,13.5,-6.0,347.0,279.0,340.0,340.0,1.5,1.0,2.0,regular-season,2026-09-20T20:25Z,4:25 PM ET
2026-09-20,Miami Dolphins,San Francisco 49ers,Final,San Francisco 49ers,San Francisco 49ers,0.0817,0.9183,401872942,13,35,0-2,2-0,0.0,1.0,-16.7,21.0,296.5,380.5,340.0,340.0,0.0,0.5,2.0,regular-season,2026-09-20T20:25Z,4:25 PM ET
2026-09-20,Indianapolis Colts,Kansas City Chiefs,Final,Kansas City Chiefs,Kansas City Chiefs,0.0809,0.9191,401872945,30,33,0-2,2-0,0.0,1.0,-10.5,12.7,298.5,469.0,340.0,340.0,-1.0,0.67,2.0,regular-season,2026-09-21T00:20Z,8:20 PM ET
2026-09-21,New York Giants,Los Angeles Rams,Final,Los Angeles Rams,Los Angeles Rams,0.4798,0.5202,401872947,6,28,1-1,1-1,0.667,0.5,-3.0,1.0,289.0,390.0,340.0,340.0,0.33,-1.0,2.0,regular-season,2026-09-22T00:15Z,8:15 PM ET
2026-09-24,Atlanta Falcons,Green Bay Packers,Final,Atlanta Falcons,Atlanta Falcons,0.5751,0.4249,401872948,35,14,1-2,1-2,0.333,0.333,-5.7,-11.7,354.3,330.0,340.0,340.0,-2.0,-0.67,2.0,regular-season,2026-09-25T00:15Z,8:15 PM ET
2026-09-27,Los Angeles Chargers,Buffalo Bills,Scheduled,,Buffalo Bills,0.0977,0.9023,401872953,13,24,0-2,2-0,0.0,1.0,-12.0,7.5,304.5,435.5,340.0,340.0,-2.0,1.0,2.0,regular-season,2026-09-27T17:00Z,1:00 PM ET
2026-09-27,Carolina Panthers,Cleveland Browns,Scheduled,,Carolina Panthers,0.7042,0.2958,401872949,18,13,1-1,1-1,0.5,0.5,4.5,-10.0,420.5,287.0,340.0,340.0,1.5,-0.5,2.0,regular-season,2026-09-27T17:00Z,1:00 PM ET
2026-09-27,New York Jets,Detroit Lions,Final,Detroit Lions,Detroit Lions,0.3784,0.6216,401872954,24,31,1-2,2-1,0.333,0.667,1.0,-0.7,340.5,382.0,340.0,340.0,0.67,0.67,2.0,regular-season,2026-09-27T17:00Z,1:00 PM ET
2026-09-27,Houston Texans,Indianapolis Colts,Scheduled,,Houston Texans,0.6209,0.3791,401872951,17,19,0-2,0-2,0.0,0.0,-9.5,-10.5,405.5,298.5,340.0,340.0,-1.0,-1.0,2.0,regular-season,2026-09-27T17:00Z,1:00 PM ET
2026-09-27,Kansas City Chiefs,Miami Dolphins,Final,Kansas City Chiefs,Kansas City Chiefs,0.9406,0.0594,401872952,24,10,3-0,0-3,1.0,0.0,12.7,-16.7,469.0,296.5,340.0,340.0,0.67,0.0,2.0,regular-season,2026-09-27T17:00Z,1:00 PM ET
2026-09-27,Tennessee Titans,New York Giants,Final,New York Giants,New York Giants,0.2547,0.7453,401872956,7,12,0-3,2-1,0.0,0.667,-7.3,-3.0,256.5,289.0,340.0,340.0,0.33,0.33,2.0,regular-season,2026-09-27T17:00Z,1:00 PM ET
2026-09-27,Cincinnati Bengals,Pittsburgh Steelers,Scheduled,,Cincinnati Bengals,0.7869,0.2131,401872950,27,30,2-0,1-1,1.0,0.5,10.0,-5.0,326.0,278.5,340.0,340.0,1.5,0.5,2.0,regular-season,2026-09-27T17:00Z,1:00 PM ET
2026-09-27,Seattle Seahawks,Washington Commanders,Scheduled,,Seattle Seahawks,0.8864,0.1136,401872955,24,27,2-0,0-2,1.0,0.0,13.5,-9.5,347.0,342.5,340.0,340.0,1.5,-0.5,2.0,regular-season,2026-09-27T17:00Z,1:00 PM ET
2026-09-27,New England Patriots,Jacksonville Jaguars,Final,Jacksonville Jaguars,Jacksonville Jaguars,0.3001,0.6999,401872957,6,35,1-2,2-1,0.333,0.667,-5.0,15.3,315.5,327.5,340.0,340.0,-1.0,0.67,2.0,regular-season,2026-09-27T17:00Z,1:00 PM ET
2026-09-27,Arizona Cardinals,San Francisco 49ers,Scheduled,,San Francisco 49ers,0.1783,0.8217,401872958,0,0,1-1,2-0,0.5,1.0,-6.0,21.0,279.0,380.5,340.0,340.0,1.0,0.5,2.0,regular-season,2026-09-27T20:05Z,4:05 PM ET
2026-09-27,Minnesota Vikings,Tampa Bay Buccaneers,Scheduled,,Minnesota Vikings,0.8497,0.1503,401872959,0,0,2-0,0-2,1.0,0.0,11.5,-5.0,260.0,312.0,340.0,340.0,1.5,-2.0,2.0,regular-season,2026-09-27T20:05Z,4:05 PM ET
2026-09-27,Baltimore Ravens,Dallas Cowboys,Scheduled,,Baltimore Ravens,0.6471,0.3529,401872960,0,0,1-1,1-1,0.5,0.5,5.5,4.5,434.5,294.5,340.0,340.0,0.0,0.5,2.0,regular-season,2026-09-27T20:25Z,4:25 PM ET
2026-09-27,Las Vegas Raiders,New Orleans Saints,Scheduled,,Las Vegas Raiders,0.66,0.34,401872961,0,0,2-0,1-1,1.0,0.5,13.0,3.0,300.0,409.0,340.0,340.0,1.0,-0.5,2.0,regular-season,2026-09-27T20:25Z,4:25 PM ET
2026-09-27,Los Angeles Rams,Denver Broncos,Scheduled,,Los Angeles Rams,0.6462,0.3538,401872962,0,0,1-1,1-1,0.5,0.5,1.0,-7.0,390.0,292.0,340.0,340.0,-1.0,-0.5,2.0,regular-season,2026-09-28T00:20Z,8:20 PM ET
2026-09-28,Philadelphia Eagles,Chicago Bears,Scheduled,,Philadelphia Eagles,0.5965,0.4035,401872963,0,0,2-0,1-1,1.0,0.5,3.0,8.0,346.0,443.0,340.0,340.0,-1.0,0.0,2.0,regular-season,2026-09-29T00:15Z,8:15 PM ET
2026-10-01,Pittsburgh Steelers,Cleveland Browns,Scheduled,,Pittsburgh Steelers,0.5443,0.4557,401872964,0,0,1-1,1-1,0.5,0.5,-5.0,-10.0,278.5,287.0,340.0,340.0,0.5,-0.5,2.0,regular-season,2026-10-02T00:15Z,8:15 PM ET
2026-10-04,Indianapolis Colts,Washington Commanders,Scheduled,,Washington Commanders,0.4817,0.5183,401872965,0,0,0-2,0-2,0.0,0.0,-10.5,-9.5,298.5,342.5,340.0,340.0,-1.0,-0.5,2.0,regular-season,2026-10-04T13:30Z,9:30 AM ET
2026-10-04,New England Patriots,Buffalo Bills,Scheduled,,Buffalo Bills,0.1748,0.8252,401872971,0,0,1-2,2-0,0.333,1.0,-5.0,7.5,315.5,435.5,340.0,340.0,-1.0,1.0,2.0,regular-season,2026-10-04T17:00Z,1:00 PM ET
2026-10-04,New York Jets,Chicago Bears,Scheduled,,Chicago Bears,0.3457,0.6543,401872972,0,0,1-2,1-1,0.333,0.5,1.0,8.0,340.5,443.0,340.0,340.0,0.67,0.0,2.0,regular-season,2026-10-04T17:00Z,1:00 PM ET
2026-10-04,Jacksonville Jaguars,Cincinnati Bengals,Scheduled,,Cincinnati Bengals,0.4315,0.5685,401872969,0,0,2-1,2-0,0.667,1.0,15.3,10.0,327.5,326.0,340.0,340.0,0.67,1.5,2.0,regular-season,2026-10-04T17:00Z,1:00 PM ET
2026-10-04,Arizona Cardinals,New York Giants,Scheduled,,New York Giants,0.4414,0.5586,401872966,0,0,1-1,2-1,0.5,0.667,-6.0,-3.0,279.0,289.0,340.0,340.0,1.0,0.33,2.0,regular-season,2026-10-04T17:00Z,1:00 PM ET
2026-10-04,Los Angeles Rams,Philadelphia Eagles,Scheduled,,Philadelphia Eagles,0.3735,0.6265,401872970,0,0,1-1,2-0,0.5,1.0,1.0,3.0,390.0,346.0,340.0,340.0,-1.0,-1.0,2.0,regular-season,2026-10-04T17:00Z,1:00 PM ET
2026-10-04,Green Bay Packers,Tampa Bay Buccaneers,Scheduled,,Green Bay Packers,0.6272,0.3728,401872968,0,0,1-2,0-2,0.333,0.0,-11.7,-5.0,330.0,312.0,340.0,340.0,-0.67,-2.0,2.0,regular-season,2026-10-04T17:00Z,1:00 PM ET
2026-10-04,Tennessee Titans,Baltimore Ravens,Scheduled,,Baltimore Ravens,0.1815,0.8185,401872973,0,0,0-3,1-1,0.0,0.5,-7.3,5.5,256.5,434.5,340.0,340.0,0.33,0.0,2.0,regular-season,2026-10-04T17:00Z,1:00 PM ET
2026-10-04,Dallas Cowboys,Houston Texans,Scheduled,,Dallas Cowboys,0.6765,0.3235,401872967,0,0,1-1,0-2,0.5,0.0,4.5,-9.5,294.5,405.5,340.0,340.0,0.5,-1.0,2.0,regular-season,2026-10-04T17:00Z,1:00 PM ET
2026-10-04,Miami Dolphins,Minnesota Vikings,Scheduled,,Minnesota Vikings,0.1404,0.8596,401872974,0,0,0-3,2-0,0.0,1.0,-16.7,11.5,296.5,260.0,340.0,340.0,0.0,1.5,2.0,regular-season,2026-10-04T20:05Z,4:05 PM ET
2026-10-04,Kansas City Chiefs,Las Vegas Raiders,Scheduled,,Kansas City Chiefs,0.664,0.336,401872976,0,0,3-0,2-0,1.0,1.0,12.7,13.0,469.0,300.0,340.0,340.0,0.67,1.0,2.0,regular-season,2026-10-04T20:25Z,4:25 PM ET
2026-10-04,Denver Broncos,San Francisco 49ers,Scheduled,,San Francisco 49ers,0.1811,0.8189,401872975,0,0,1-1,2-0,0.5,1.0,-7.0,21.0,292.0,380.5,340.0,340.0,-0.5,0.5,2.0,regular-season,2026-10-04T20:25Z,4:25 PM ET
2026-10-04,Los Angeles Chargers,Seattle Seahawks,Scheduled,,Seattle Seahawks,0.1151,0.8849,401872977,0,0,0-2,2-0,0.0,1.0,-12.0,13.5,304.5,347.0,340.0,340.0,-2.0,1.5,2.0,regular-season,2026-10-04T20:25Z,4:25 PM ET
2026-10-04,Detroit Lions,Carolina Panthers,Scheduled,,Detroit Lions,0.5259,0.4741,401872978,0,0,2-1,1-1,0.667,0.5,-0.7,4.5,382.0,420.5,340.0,340.0,0.67,1.5,2.0,regular-season,2026-10-05T00:20Z,8:20 PM ET
2026-10-05,Atlanta Falcons,New Orleans Saints,Scheduled,,New Orleans Saints,0.3741,0.6259,401872979,0,0,1-2,1-1,0.333,0.5,-5.7,3.0,354.3,409.0,340.0,340.0,-2.0,-0.5,2.0,regular-season,2026-10-06T00:15Z,8:15 PM ET
2026-10-08,Tampa Bay Buccaneers,Dallas Cowboys,Scheduled,,Dallas Cowboys,0.3162,0.6838,401872980,0,0,0-2,1-1,0.0,0.5,-5.0,4.5,312.0,294.5,340.0,340.0,-2.0,0.5,2.0,regular-season,2026-10-09T00:15Z,8:15 PM ET
2026-10-11,Philadelphia Eagles,Jacksonville Jaguars,Scheduled,,Philadelphia Eagles,0.5979,0.4021,401872981,0,0,2-0,2-1,1.0,0.667,3.0,15.3,346.0,327.5,340.0,340.0,-1.0,0.67,2.0,regular-season,2026-10-11T13:30Z,9:30 AM ET
2026-10-11,Houston Texans,Tennessee Titans,Scheduled,,Houston Texans,0.6386,0.3614,401872984,0,0,0-2,0-3,0.0,0.0,-9.5,-7.3,405.5,256.5,340.0,340.0,-1.0,0.33,2.0,regular-season,2026-10-11T17:00Z,1:00 PM ET
2026-10-11,Cincinnati Bengals,Miami Dolphins,Scheduled,,Cincinnati Bengals,0.9015,0.0985,401872982,0,0,2-0,0-3,1.0,0.0,10.0,-16.7,326.0,296.5,340.0,340.0,1.5,0.0,2.0,regular-season,2026-10-11T17:00Z,1:00 PM ET
2026-10-11,Las Vegas Raiders,New England Patriots,Scheduled,,Las Vegas Raiders,0.8016,0.1984,401872986,0,0,2-0,1-2,1.0,0.333,13.0,-5.0,300.0,315.5,340.0,340.0,1.0,-1.0,2.0,regular-season,2026-10-11T17:00Z,1:00 PM ET
2026-10-11,Minnesota Vikings,New Orleans Saints,Scheduled,,Minnesota Vikings,0.6215,0.3785,401872987,0,0,2-0,1-1,1.0,0.5,11.5,3.0,260.0,409.0,340.0,340.0,1.5,-0.5,2.0,regular-season,2026-10-11T17:00Z,1:00 PM ET
2026-10-11,Cleveland Browns,New York Jets,Scheduled,,New York Jets,0.4831,0.5169,401872983,0,0,1-1,1-2,0.5,0.333,-10.0,1.0,287.0,340.5,340.0,340.0,-0.5,0.67,2.0,regular-season,2026-10-11T17:00Z,1:00 PM ET
2026-10-11,Indianapolis Colts,Pittsburgh Steelers,Scheduled,,Pittsburgh Steelers,0.3368,0.6632,401872985,0,0,0-2,1-1,0.0,0.5,-10.5,-5.0,298.5,278.5,340.0,340.0,-1.0,0.5,2.0,regular-season,2026-10-11T17:00Z,1:00 PM ET
2026-10-11,New York Giants,Washington Commanders,Scheduled,,New York Giants,0.7363,0.2637,401872988,0,0,2-1,0-2,0.667,0.0,-3.0,-9.5,289.0,342.5,340.0,340.0,0.33,-0.5,2.0,regular-season,2026-10-11T17:00Z,1:00 PM ET
2026-10-11,Denver Broncos,Los Angeles Chargers,Scheduled,,Denver Broncos,0.7103,0.2897,401872989,0,0,1-1,0-2,0.5,0.0,-7.0,-12.0,292.0,304.5,340.0,340.0,-0.5,-2.0,2.0,regular-season,2026-10-11T20:05Z,4:05 PM ET
2026-10-11,Chicago Bears,Green Bay Packers,Scheduled,,Chicago Bears,0.7578,0.2422,401872990,0,0,1-1,1-2,0.5,0.333,8.0,-11.7,443.0,330.0,340.0,340.0,0.0,-0.67,2.0,regular-season,2026-10-11T20:25Z,4:25 PM ET
2026-10-11,Detroit Lions,Arizona Cardinals,Scheduled,,Detroit Lions,0.6921,0.3079,401872991,0,0,2-1,1-1,0.667,0.5,-0.7,-6.0,382.0,279.0,340.0,340.0,0.67,1.0,2.0,regular-season,2026-10-11T20:25Z,4:25 PM ET
2026-10-11,San Francisco 49ers,Seattle Seahawks,Scheduled,,San Francisco 49ers,0.5906,0.4094,401872992,0,0,2-0,2-0,1.0,1.0,21.0,13.5,380.5,347.0,340.0,340.0,0.5,1.5,2.0,regular-season,2026-10-11T20:25Z,4:25 PM ET
2026-10-11,Baltimore Ravens,Atlanta Falcons,Scheduled,,Baltimore Ravens,0.7025,0.2975,401872993,0,0,1-1,1-2,0.5,0.333,5.5,-5.7,434.5,354.3,340.0,340.0,0.0,-2.0,2.0,regular-season,2026-10-12T00:20Z,8:20 PM ET
2026-10-12,Buffalo Bills,Los Angeles Rams,Scheduled,,Buffalo Bills,0.756,0.244,401872994,0,0,2-0,1-1,1.0,0.5,7.5,1.0,435.5,390.0,340.0,340.0,1.0,-1.0,2.0,regular-season,2026-10-13T00:15Z,8:15 PM ET
2026-10-15,Seattle Seahawks,Denver Broncos,Scheduled,,Seattle Seahawks,0.8097,0.1903,401872995,0,0,2-0,1-1,1.0,0.5,13.5,-7.0,347.0,292.0,340.0,340.0,1.5,-0.5,2.0,regular-season,2026-10-16T00:15Z,8:15 PM ET
2026-10-18,Houston Texans,Jacksonville Jaguars,Scheduled,,Jacksonville Jaguars,0.2473,0.7527,401872996,0,0,0-2,2-1,0.0,0.667,-9.5,15.3,405.5,327.5,340.0,340.0,-1.0,0.67,2.0,regular-season,2026-10-18T13:30Z,9:30 AM ET
2026-10-18,Chicago Bears,Atlanta Falcons,Scheduled,,Chicago Bears,0.719,0.281,401872999,0,0,1-1,1-2,0.5,0.333,8.0,-5.7,443.0,354.3,340.0,340.0,0.0,-2.0,2.0,regular-season,2026-10-18T17:00Z,1:00 PM ET
2026-10-18,Baltimore Ravens,Cleveland Browns,Scheduled,,Baltimore Ravens,0.7172,0.2828,401872997,0,0,1-1,1-1,0.5,0.5,5.5,-10.0,434.5,287.0,340.0,340.0,0.0,-0.5,2.0,regular-season,2026-10-18T17:00Z,1:00 PM ET
2026-10-18,Tennessee Titans,Indianapolis Colts,Scheduled,,Tennessee Titans,0.5065,0.4935,401873003,0,0,0-3,0-2,0.0,0.0,-7.3,-10.5,256.5,298.5,340.0,340.0,0.33,-1.0,2.0,regular-season,2026-10-18T17:00Z,1:00 PM ET
2026-10-18,New York Jets,New England Patriots,Scheduled,,New York Jets,0.5785,0.4215,401873001,0,0,1-2,1-2,0.333,0.333,1.0,-5.0,340.5,315.5,340.0,340.0,0.67,-1.0,2.0,regular-season,2026-10-18T17:00Z,1:00 PM ET
2026-10-18,New Orleans Saints,New York Giants,Scheduled,,New Orleans Saints,0.5969,0.4031,401873000,0,0,1-1,2-1,0.5,0.667,3.0,-3.0,409.0,289.0,340.0,340.0,-0.5,0.33,2.0,regular-season,2026-10-18T17:00Z,1:00 PM ET
2026-10-18,Carolina Panthers,Philadelphia Eagles,Scheduled,,Philadelphia Eagles,0.418,0.582,401872998,0,0,1-1,2-0,0.5,1.0,4.5,3.0,420.5,346.0,340.0,340.0,1.5,-1.0,2.0,regular-season,2026-10-18T17:00Z,1:00 PM ET
2026-10-18,Pittsburgh Steelers,Tampa Bay Buccaneers,Scheduled,,Pittsburgh Steelers,0.674,0.326,401873002,0,0,1-1,0-2,0.5,0.0,-5.0,-5.0,278.5,312.0,340.0,340.0,0.5,-2.0,2.0,regular-season,2026-10-18T17:00Z,1:00 PM ET
2026-10-18,Arizona Cardinals,Los Angeles Rams,Scheduled,,Los Angeles Rams,0.397,0.603,401873004,0,0,1-1,1-1,0.5,0.5,-6.0,1.0,279.0,390.0,340.0,340.0,1.0,-1.0,2.0,regular-season,2026-10-18T20:05Z,4:05 PM ET
2026-10-18,Los Angeles Chargers,Kansas City Chiefs,Scheduled,,Kansas City Chiefs,0.0799,0.9201,401873006,0,0,0-2,3-0,0.0,1.0,-12.0,12.7,304.5,469.0,340.0,340.0,-2.0,0.67,2.0,regular-season,2026-10-18T20:25Z,4:25 PM ET
2026-10-18,Buffalo Bills,Las Vegas Raiders,Scheduled,,Buffalo Bills,0.6131,0.3869,401873005,0,0,2-0,2-0,1.0,1.0,7.5,13.0,435.5,300.0,340.0,340.0,1.0,1.0,2.0,regular-season,2026-10-18T20:25Z,4:25 PM ET
2026-10-18,Dallas Cowboys,Green Bay Packers,Scheduled,,Dallas Cowboys,0.6355,0.3645,401873007,0,0,1-1,1-2,0.5,0.333,4.5,-11.7,294.5,330.0,340.0,340.0,0.5,-0.67,2.0,regular-season,2026-10-19T00:20Z,8:20 PM ET
2026-10-19,Washington Commanders,San Francisco 49ers,Scheduled,,San Francisco 49ers,0.1076,0.8924,401873008,0,0,0-2,2-0,0.0,1.0,-9.5,21.0,342.5,380.5,340.0,340.0,-0.5,0.5,2.0,regular-season,2026-10-20T00:15Z,8:15 PM ET
2026-10-22,New England Patriots,Chicago Bears,Scheduled,,Chicago Bears,0.2988,0.7012,401873010,0,0,1-2,1-1,0.333,0.5,-5.0,8.0,315.5,443.0,340.0,340.0,-1.0,0.0,2.0,regular-season,2026-10-23T00:15Z,8:15 PM ET
2026-10-25,Pittsburgh Steelers,New Orleans Saints,Scheduled,,New Orleans Saints,0.3752,0.6248,401873011,0,0,1-1,1-1,0.5,0.5,-5.0,3.0,278.5,409.0,340.0,340.0,0.5,-0.5,2.0,regular-season,2026-10-25T13:30Z,9:30 AM ET
2026-10-25,San Francisco 49ers,Atlanta Falcons,Scheduled,,San Francisco 49ers,0.8481,0.1519,401873017,0,0,2-0,1-2,1.0,0.333,21.0,-5.7,380.5,354.3,340.0,340.0,0.5,-2.0,2.0,regular-season,2026-10-25T17:00Z,1:00 PM ET
2026-10-25,Cleveland Browns,Tennessee Titans,Scheduled,,Cleveland Browns,0.707,0.293,401873013,0,0,1-1,0-3,0.5,0.0,-10.0,-7.3,287.0,256.5,340.0,340.0,-0.5,0.33,2.0,regular-season,2026-10-25T17:00Z,1:00 PM ET
2026-10-25,Indianapolis Colts,Minnesota Vikings,Scheduled,,Minnesota Vikings,0.1567,0.8433,401873014,0,0,0-2,2-0,0.0,1.0,-10.5,11.5,298.5,260.0,340.0,340.0,-1.0,1.5,2.0,regular-season,2026-10-25T17:00Z,1:00 PM ET
2026-10-25,Miami Dolphins,New York Jets,Scheduled,,New York Jets,0.2891,0.7109,401873015,0,0,0-3,1-2,0.0,0.333,-16.7,1.0,296.5,340.5,340.0,340.0,0.0,0.67,2.0,regular-season,2026-10-25T17:00Z,1:00 PM ET
2026-10-25,Tampa Bay Buccaneers,Carolina Panthers,Scheduled,,Carolina Panthers,0.2293,0.7707,401873018,0,0,0-2,1-1,0.0,0.5,-5.0,4.5,312.0,420.5,340.0,340.0,-2.0,1.5,2.0,regular-season,2026-10-25T17:00Z,1:00 PM ET
2026-10-25,Cincinnati Bengals,Baltimore Ravens,Scheduled,,Cincinnati Bengals,0.6349,0.3651,401873012,0,0,2-0,1-1,1.0,0.5,10.0,5.5,326.0,434.5,340.0,340.0,1.5,0.0,2.0,regular-season,2026-10-25T17:00Z,1:00 PM ET
2026-10-25,New York Giants,Houston Texans,Scheduled,,New York Giants,0.6921,0.3079,401873016,0,0,2-1,0-2,0.667,0.0,-3.0,-9.5,289.0,405.5,340.0,340.0,0.33,-1.0,2.0,regular-season,2026-10-25T17:00Z,1:00 PM ET
2026-10-25,Denver Broncos,Arizona Cardinals,Scheduled,,Denver Broncos,0.5302,0.4698,401873019,0,0,1-1,1-1,0.5,0.5,-7.0,-6.0,292.0,279.0,340.0,340.0,-0.5,1.0,2.0,regular-season,2026-10-25T20:05Z,4:05 PM ET
2026-10-25,Green Bay Packers,Detroit Lions,Scheduled,,Detroit Lions,0.3109,0.6891,401873020,0,0,1-2,2-1,0.333,0.667,-11.7,-0.7,330.0,382.0,340.0,340.0,-0.67,0.67,2.0,regular-season,2026-10-25T20:25Z,4:25 PM ET
2026-10-25,Los Angeles Rams,Las Vegas Raiders,Scheduled,,Las Vegas Raiders,0.3616,0.6384,401873021,0,0,1-1,2-0,0.5,1.0,1.0,13.0,390.0,300.0,340.0,340.0,-1.0,1.0,2.0,regular-season,2026-10-25T20:25Z,4:25 PM ET
2026-10-25,Kansas City Chiefs,Seattle Seahawks,Scheduled,,Kansas City Chiefs,0.6238,0.3762,401873022,0,0,3-0,2-0,1.0,1.0,12.7,13.5,469.0,347.0,340.0,340.0,0.67,1.5,2.0,regular-season,2026-10-26T00:20Z,8:20 PM ET
2026-10-26,Dallas Cowboys,Philadelphia Eagles,Scheduled,,Philadelphia Eagles,0.316,0.684,401873009,0,0,1-1,2-0,0.5,1.0,4.5,3.0,294.5,346.0,340.0,340.0,0.5,-1.0,2.0,regular-season,2026-10-27T00:15Z,8:15 PM ET
