game_date,away_team,home_team,status,winner,favored_team,away_win_probability,home_win_probability,game_id,away_score,home_score,away_record,home_record,away_pts_pct,home_pts_pct,away_gf_pg,home_gf_pg,away_ga_pg,home_ga_pg,away_pp_pct,home_pp_pct,away_pk_pct,home_pk_pct,away_save_pct,home_save_pct,season_type,season_slug,game_start_utc,game_time
2026-09-19,Montreal Canadiens,Toronto Maple Leafs,Final,Montreal Canadiens,Toronto Maple Leafs,0.3595,0.6405,401881922,4,1,1-0-0,0-1-0,37.5,50.0,3.5,2.75,4.75,2.75,20.0,20.0,80.0,80.0,0.857,0.895,1.0,preseason,2026-09-19T23:00Z,7:00 PM ET
2026-09-19,Toronto Maple Leafs,Montreal Canadiens,Final,Montreal Canadiens,Montreal Canadiens,0.37,0.63,401881923,3,4,0-0-1,1-0-0,50.0,37.5,2.75,3.5,2.75,4.75,20.0,20.0,80.0,80.0,0.895,0.857,1.0,preseason,2026-09-19T23:00Z,7:00 PM ET
2026-09-19,Dallas Stars,St. Louis Blues,Final,Dallas Stars,St. Louis Blues,0.4312,0.5688,401886427,2,1,1-0-0,0-1-0,50.0,37.5,2.5,2.25,1.5,3.25,20.0,20.0,80.0,80.0,0.934,0.9,1.0,preseason,2026-09-19T23:00Z,7:00 PM ET
2026-09-19,Winnipeg Jets,Edmonton Oilers,Final,Edmonton Oilers,Edmonton Oilers,0.2259,0.7741,401878099,2,5,0-1-0,1-0-0,87.5,87.5,3.0,5.5,2.5,4.0,20.0,20.0,80.0,80.0,0.924,0.833,1.0,preseason,2026-09-20T00:00Z,8:00 PM ET
2026-09-19,Chicago Blackhawks,Minnesota Wild,Final,Minnesota Wild,Minnesota Wild,0.1625,0.8375,401886258,2,3,0-0-1,1-0-0,20.0,62.5,2.0,2.75,4.2,2.0,20.0,20.0,80.0,80.0,0.871,0.933,1.0,preseason,2026-09-20T00:00Z,8:00 PM ET
2026-09-19,Vegas Golden Knights,Los Angeles Kings,Final,Vegas Golden Knights,Vegas Golden Knights,0.7331,0.2669,401879412,4,2,1-0-0,0-1-0,75.0,16.7,4.25,3.0,2.5,5.0,20.0,20.0,80.0,80.0,0.892,0.817,1.0,preseason,2026-09-20T01:00Z,9:00 PM ET
2026-09-19,Vancouver Canucks,Seattle Kraken,Final,Seattle Kraken,Seattle Kraken,0.3587,0.6413,401879652,2,4,0-1-0,1-0-0,40.0,50.0,4.2,3.75,5.0,2.75,20.0,20.0,80.0,80.0,0.85,0.91,1.0,preseason,2026-09-20T01:00Z,9:00 PM ET
2026-09-20,New York Islanders,New Jersey Devils,Final,New Jersey Devils,New York Islanders,0.5102,0.4898,401879644,1,2,0-1-0,1-0-0,50.0,33.3,3.25,2.0,2.0,4.33,20.0,20.0,80.0,80.0,0.941,0.852,1.0,preseason,2026-09-20T17:00Z,1:00 PM ET
2026-09-20,San Jose Sharks,Anaheim Ducks,Final,Anaheim Ducks,Anaheim Ducks,0.4128,0.5872,401879368,2,6,0-1-0,1-0-0,75.0,66.7,3.0,3.0,3.5,3.33,20.0,20.0,80.0,80.0,0.862,0.875,1.0,preseason,2026-09-20T20:00Z,4:00 PM ET
2026-09-20,Washington Capitals,Boston Bruins,Final,Boston Bruins,Boston Bruins,0.4448,0.5552,401879358,2,3,0-0-1,1-0-0,66.7,60.0,3.67,3.0,2.67,2.4,20.0,20.0,80.0,80.0,0.924,0.909,1.0,preseason,2026-09-20T21:00Z,5:00 PM ET
2026-09-20,Nashville Predators,Tampa Bay Lightning,Final,Tampa Bay Lightning,Tampa Bay Lightning,0.3175,0.6825,401881131,1,2,0-1-0,1-0-0,62.5,75.0,3.0,2.75,2.75,2.25,20.0,20.0,80.0,80.0,0.907,0.898,1.0,preseason,2026-09-20T21:00Z,5:00 PM ET
2026-09-20,Utah Mammoth,Colorado Avalanche,Final,Colorado Avalanche,Colorado Avalanche,0.193,0.807,401879364,1,4,0-1-0,1-0-0,60.0,75.0,3.6,5.75,2.8,2.75,20.0,20.0,80.0,80.0,0.92,0.895,1.0,preseason,2026-09-20T23:00Z,7:00 PM ET
2026-09-20,Carolina Hurricanes,Florida Panthers,Final,Florida Panthers,Florida Panthers,0.4388,0.5612,401879932,3,6,0-1-0,1-0-0,70.0,75.0,3.6,2.0,2.8,2.0,20.0,20.0,80.0,80.0,0.859,0.908,1.0,preseason,2026-09-20T23:00Z,7:00 PM ET
2026-09-20,Seattle Kraken,Calgary Flames,Final,Seattle Kraken,Seattle Kraken,0.7385,0.2615,401879309,4,2,2-0-0,0-1-0,50.0,0.0,3.75,1.5,2.75,5.75,20.0,20.0,80.0,80.0,0.91,0.821,1.0,preseason,2026-09-21T00:00Z,8:00 PM ET
2026-09-21,Philadelphia Flyers,Washington Capitals,Final,Washington Capitals,Washington Capitals,0.0992,0.9008,401879359,2,5,0-1-0,1-0-1,20.0,66.7,1.2,3.67,3.8,2.67,20.0,20.0,80.0,80.0,0.898,0.924,1.0,preseason,2026-09-21T23:00Z,7:00 PM ET
2026-09-21,Detroit Red Wings,Columbus Blue Jackets,Final,Columbus Blue Jackets,Columbus Blue Jackets,0.2194,0.7806,401879450,0,1,0-0-0,0-0-0,33.3,50.0,2.33,3.5,2.67,3.5,20.0,20.0,80.0,80.0,0.903,0.877,1.0,preseason,2026-09-21T23:00Z,7:00 PM ET
2026-09-21,Buffalo Sabres,Pittsburgh Penguins,Final,Pittsburgh Penguins,Pittsburgh Penguins,0.2647,0.7353,401879456,1,4,0-1-0,1-0-0,50.0,50.0,2.5,4.5,3.75,3.25,20.0,20.0,80.0,80.0,0.825,0.876,1.0,preseason,2026-09-21T23:00Z,7:00 PM ET
2026-09-21,New York Rangers,New Jersey Devils,Final,New Jersey Devils,New York Rangers,0.6716,0.3284,401879645,2,3,0-1-0,2-0-0,80.0,33.3,3.2,2.0,1.6,4.33,20.0,20.0,80.0,80.0,0.94,0.852,1.0,preseason,2026-09-21T23:00Z,7:00 PM ET
2026-09-21,Ottawa Senators,Montreal Canadiens,Final,Montreal Canadiens,Ottawa Senators,0.5235,0.4765,401881921,2,3,0-0-1,3-0-0,75.0,37.5,3.0,3.5,2.25,4.75,20.0,20.0,80.0,80.0,0.916,0.857,1.0,preseason,2026-09-21T23:00Z,7:00 PM ET
2026-09-21,Colorado Avalanche,Winnipeg Jets,Final,Winnipeg Jets,Winnipeg Jets,0.4588,0.5412,401878107,1,3,1-1-0,1-1-0,75.0,87.5,5.75,3.0,2.75,2.5,20.0,20.0,80.0,80.0,0.895,0.924,1.0,preseason,2026-09-22T00:00Z,8:00 PM ET
2026-09-21,Minnesota Wild,Chicago Blackhawks,Final,Chicago Blackhawks,Minnesota Wild,0.6295,0.3705,401886259,3,4,1-0-1,1-0-1,62.5,20.0,2.75,2.0,2.0,4.2,20.0,20.0,80.0,80.0,0.933,0.871,1.0,preseason,2026-09-22T00:00Z,8:00 PM ET
2026-09-21,St. Louis Blues,Dallas Stars,Final,Dallas Stars,Dallas Stars,0.303,0.697,401886428,1,2,0-2-0,2-0-0,37.5,50.0,2.25,2.5,3.25,1.5,20.0,20.0,80.0,80.0,0.9,0.934,1.0,preseason,2026-09-22T00:00Z,8:00 PM ET
2026-09-22,Philadelphia Flyers,Boston Bruins,Final,Boston Bruins,Boston Bruins,0.1332,0.8668,401879362,1,5,0-2-0,2-0-0,20.0,60.0,1.2,3.0,3.8,2.4,20.0,20.0,80.0,80.0,0.898,0.909,1.0,preseason,2026-09-22T23:00Z,7:00 PM ET
2026-09-22,Detroit Red Wings,Pittsburgh Penguins,Final,Detroit Red Wings,Pittsburgh Penguins,0.182,0.818,401879451,7,4,1-0-1,1-1-0,33.3,50.0,2.33,4.5,2.67,3.25,20.0,20.0,80.0,80.0,0.903,0.876,1.0,preseason,2026-09-22T23:00Z,7:00 PM ET
2026-09-22,Columbus Blue Jackets,Buffalo Sabres,Final,Buffalo Sabres,Buffalo Sabres,0.4204,0.5796,401879454,1,5,1-1-0,1-1-0,50.0,50.0,3.5,2.5,3.5,3.75,20.0,20.0,80.0,80.0,0.877,0.825,1.0,preseason,2026-09-22T23:00Z,7:00 PM ET
2026-09-22,New York Islanders,New York Rangers,Final,New York Islanders,New York Rangers,0.2263,0.7737,401879648,4,3,1-1-0,0-2-0,50.0,80.0,3.25,3.2,2.0,1.6,20.0,20.0,80.0,80.0,0.941,0.94,1.0,preseason,2026-09-22T23:00Z,7:00 PM ET
2026-09-22,Florida Panthers,Carolina Hurricanes,Final,Carolina Hurricanes,Carolina Hurricanes,0.2966,0.7034,401879933,2,3,1-0-1,1-1-0,75.0,70.0,2.0,3.6,2.0,2.8,20.0,20.0,80.0,80.0,0.908,0.859,1.0,preseason,2026-09-22T23:00Z,7:00 PM ET
2026-09-22,Edmonton Oilers,Winnipeg Jets,Final,Edmonton Oilers,Edmonton Oilers,0.5305,0.4695,401878101,2,1,2-0-0,1-1-1,87.5,87.5,5.5,3.0,4.0,2.5,20.0,20.0,80.0,80.0,0.833,0.924,1.0,preseason,2026-09-23T00:00Z,8:00 PM ET
2026-09-22,Tampa Bay Lightning,Nashville Predators,Final,Nashville Predators,Nashville Predators,0.4148,0.5852,401881132,2,3,1-0-1,1-1-0,75.0,62.5,2.75,3.0,2.25,2.75,20.0,20.0,80.0,80.0,0.898,0.907,1.0,preseason,2026-09-23T00:00Z,8:00 PM ET
2026-09-22,Vancouver Canucks,Calgary Flames,Final,Calgary Flames,Vancouver Canucks,0.7333,0.2667,401879310,1,3,0-2-0,1-1-0,40.0,0.0,4.2,1.5,5.0,5.75,20.0,20.0,80.0,80.0,0.85,0.821,1.0,preseason,2026-09-23T01:00Z,9:00 PM ET
2026-09-22,Utah Mammoth,Los Angeles Kings,Final,Utah Mammoth,Utah Mammoth,0.6253,0.3747,401879366,6,3,1-1-0,0-2-0,60.0,16.7,3.6,3.0,2.8,5.0,20.0,20.0,80.0,80.0,0.92,0.817,1.0,preseason,2026-09-23T02:00Z,10:00 PM ET
2026-09-22,Vegas Golden Knights,San Jose Sharks,Final,Vegas Golden Knights,San Jose Sharks,0.4273,0.5727,401879413,2,1,2-0-0,0-1-1,75.0,75.0,4.25,3.0,2.5,3.5,20.0,20.0,80.0,80.0,0.892,0.862,1.0,preseason,2026-09-23T02:00Z,10:00 PM ET
2026-09-23,Toronto Maple Leafs,Ottawa Senators,Final,Toronto Maple Leafs,Ottawa Senators,0.2349,0.7651,401879650,4,2,1-1-1,0-1-1,50.0,75.0,2.75,3.0,2.75,2.25,20.0,20.0,80.0,80.0,0.895,0.916,1.0,preseason,2026-09-23T23:00Z,7:00 PM ET
2026-09-23,Ottawa Senators,Toronto Maple Leafs,Final,Toronto Maple Leafs,Ottawa Senators,0.5178,0.4822,401886441,1,6,0-2-1,2-1-1,75.0,50.0,3.0,2.75,2.25,2.75,20.0,20.0,80.0,80.0,0.916,0.895,1.0,preseason,2026-09-23T23:00Z,7:00 PM ET
2026-09-23,Minnesota Wild,Dallas Stars,Final,Dallas Stars,Dallas Stars,0.4555,0.5445,401886429,0,2,1-1-1,3-0-0,62.5,50.0,2.75,2.5,2.0,1.5,20.0,20.0,80.0,80.0,0.933,0.934,1.0,preseason,2026-09-24T00:00Z,8:00 PM ET
2026-09-23,Los Angeles Kings,Anaheim Ducks,Final,Los Angeles Kings,Anaheim Ducks,0.1603,0.8397,401879369,2,1,1-2-0,1-1-0,16.7,66.7,3.0,3.0,5.0,3.33,20.0,20.0,80.0,80.0,0.817,0.875,1.0,preseason,2026-09-24T02:00Z,10:00 PM ET
2026-09-24,Boston Bruins,Philadelphia Flyers,Final,Philadelphia Flyers,Boston Bruins,0.682,0.318,401879363,0,2,2-1-0,1-2-0,60.0,20.0,3.0,1.2,2.4,3.8,20.0,20.0,80.0,80.0,0.909,0.898,1.0,preseason,2026-09-24T23:00Z,7:00 PM ET
2026-09-24,Buffalo Sabres,Detroit Red Wings,Final,Detroit Red Wings,Detroit Red Wings,0.4815,0.5185,401879452,2,3,1-1-1,2-0-1,50.0,33.3,2.5,2.33,3.75,2.67,20.0,20.0,80.0,80.0,0.825,0.903,1.0,preseason,2026-09-24T23:00Z,7:00 PM ET
2026-09-24,Pittsburgh Penguins,Columbus Blue Jackets,Final,Columbus Blue Jackets,Columbus Blue Jackets,0.4204,0.5796,401879455,0,4,1-2-0,2-1-0,50.0,50.0,4.5,3.5,3.25,3.5,20.0,20.0,80.0,80.0,0.876,0.877,1.0,preseason,2026-09-24T23:00Z,7:00 PM ET
2026-09-24,New Jersey Devils,New York Rangers,Final,New York Rangers,New York Rangers,0.1388,0.8612,401879646,3,4,2-0-1,1-2-0,33.3,80.0,2.0,3.2,4.33,1.6,20.0,20.0,80.0,80.0,0.852,0.94,1.0,preseason,2026-09-24T23:00Z,7:00 PM ET
2026-09-24,Nashville Predators,Carolina Hurricanes,Final,Carolina Hurricanes,Carolina Hurricanes,0.2932,0.7068,401879934,5,6,1-2-0,2-1-0,62.5,70.0,3.0,3.6,2.75,2.8,20.0,20.0,80.0,80.0,0.907,0.859,1.0,preseason,2026-09-24T23:00Z,7:00 PM ET
2026-09-24,Florida Panthers,Tampa Bay Lightning,Final,Florida Panthers,Tampa Bay Lightning,0.321,0.679,401881133,5,3,2-0-1,1-1-1,75.0,75.0,2.0,2.75,2.0,2.25,20.0,20.0,80.0,80.0,0.908,0.898,1.0,preseason,2026-09-24T23:00Z,7:00 PM ET
2026-09-24,Chicago Blackhawks,St. Louis Blues,Final,St. Louis Blues,St. Louis Blues,0.2718,0.7282,401886260,0,1,1-1-1,1-2-0,20.0,37.5,2.0,2.25,4.2,3.25,20.0,20.0,80.0,80.0,0.871,0.9,1.0,preseason,2026-09-25T00:00Z,8:00 PM ET
2026-09-24,Edmonton Oilers,Vancouver Canucks,Final,Edmonton Oilers,Edmonton Oilers,0.6973,0.3027,401878103,2,1,3-0-0,0-3-0,87.5,40.0,5.5,4.2,4.0,5.0,20.0,20.0,80.0,80.0,0.833,0.85,1.0,preseason,2026-09-25T01:00Z,9:00 PM ET
2026-09-24,Calgary Flames,Seattle Kraken,Final,Seattle Kraken,Seattle Kraken,0.1046,0.8954,401879332,3,4,1-1-1,3-0-0,0.0,50.0,1.5,3.75,5.75,2.75,20.0,20.0,80.0,80.0,0.821,0.91,1.0,preseason,2026-09-25T01:40Z,9:40 PM ET
2026-09-24,Utah Mammoth,Vegas Golden Knights,Final,Vegas Golden Knights,Vegas Golden Knights,0.2587,0.7413,401879367,4,5,1-1-1,3-0-0,60.0,75.0,3.6,4.25,2.8,2.5,20.0,20.0,80.0,80.0,0.92,0.892,1.0,preseason,2026-09-25T02:00Z,10:00 PM ET
2026-09-24,Anaheim Ducks,San Jose Sharks,Final,San Jose Sharks,San Jose Sharks,0.3193,0.6807,401879370,0,10,1-2-0,1-1-1,66.7,75.0,3.0,3.0,3.33,3.5,20.0,20.0,80.0,80.0,0.875,0.862,1.0,preseason,2026-09-25T02:00Z,10:00 PM ET
2026-09-25,Boston Bruins,Washington Capitals,Final,Washington Capitals,Washington Capitals,0.2916,0.7084,401879360,2,3,2-1-1,2-0-1,60.0,66.7,3.0,3.67,2.4,2.67,20.0,20.0,80.0,80.0,0.909,0.924,1.0,preseason,2026-09-25T23:00Z,7:00 PM ET
2026-09-25,New York Rangers,New York Islanders,Final,New York Rangers,New York Rangers,0.5299,0.4701,401879649,6,1,2-2-0,1-2-0,80.0,50.0,3.2,3.25,1.6,2.0,20.0,20.0,80.0,80.0,0.94,0.941,1.0,preseason,2026-09-25T23:30Z,7:30 PM ET
2026-09-25,Dallas Stars,Minnesota Wild,Final,Dallas Stars,Minnesota Wild,0.2827,0.7173,401886430,2,1,4-0-0,1-2-1,50.0,62.5,2.5,2.75,1.5,2.0,20.0,20.0,80.0,80.0,0.934,0.933,1.0,preseason,2026-09-26T00:00Z,8:00 PM ET
2026-09-25,Winnipeg Jets,Colorado Avalanche,Final,Colorado Avalanche,Colorado Avalanche,0.28,0.72,401878108,2,5,1-2-1,2-1-0,87.5,75.0,3.0,5.75,2.5,2.75,20.0,20.0,80.0,80.0,0.924,0.895,1.0,preseason,2026-09-26T00:30Z,8:30 PM ET
2026-09-26,Pittsburgh Penguins,Buffalo Sabres,Final,Pittsburgh Penguins,Buffalo Sabres,0.4781,0.5219,401879457,3,1,2-2-0,1-2-1,50.0,50.0,4.5,2.5,3.25,3.75,20.0,20.0,80.0,80.0,0.876,0.825,1.0,preseason,2026-09-26T19:00Z,3:00 PM ET
2026-09-26,Carolina Hurricanes,Nashville Predators,Final,Carolina Hurricanes,Nashville Predators,0.4428,0.5572,401879935,6,0,3-1-0,1-3-0,70.0,62.5,3.6,3.0,2.8,2.75,20.0,20.0,80.0,80.0,0.859,0.907,1.0,preseason,2026-09-26T19:00Z,3:00 PM ET
2026-09-26,Anaheim Ducks,Los Angeles Kings,Final,Los Angeles Kings,Anaheim Ducks,0.6332,0.3668,401879371,2,6,1-3-0,2-2-0,66.7,16.7,3.0,3.0,3.33,5.0,20.0,20.0,80.0,80.0,0.875,0.817,1.0,preseason,2026-09-26T20:00Z,4:00 PM ET
2026-09-26,Washington Capitals,Philadelphia Flyers,Final,Washington Capitals,Washington Capitals,0.7495,0.2505,401879361,5,1,3-0-1,1-3-0,66.7,20.0,3.67,1.2,2.67,3.8,20.0,20.0,80.0,80.0,0.924,0.898,1.0,preseason,2026-09-26T21:00Z,5:00 PM ET
2026-09-26,Colorado Avalanche,Utah Mammoth,Final,Utah Mammoth,Colorado Avalanche,0.5795,0.4205,401879365,0,2,2-2-0,2-1-1,75.0,60.0,5.75,3.6,2.75,2.8,20.0,20.0,80.0,80.0,0.895,0.92,1.0,preseason,2026-09-26T21:00Z,5:00 PM ET
2026-09-26,Tampa Bay Lightning,Florida Panthers,Final,Tampa Bay Lightning,Florida Panthers,0.4108,0.5892,401881134,3,2,2-1-1,2-0-2,75.0,75.0,2.75,2.0,2.25,2.0,20.0,20.0,80.0,80.0,0.898,0.908,1.0,preseason,2026-09-26T22:00Z,6:00 PM ET
2026-09-26,Columbus Blue Jackets,Detroit Red Wings,Final,Columbus Blue Jackets,Columbus Blue Jackets,0.5398,0.4602,401879453,4,2,3-1-0,2-1-1,50.0,33.3,3.5,2.33,3.5,2.67,20.0,20.0,80.0,80.0,0.877,0.903,1.0,preseason,2026-09-26T23:00Z,7:00 PM ET
2026-09-26,Montreal Canadiens,Ottawa Senators,Final,Ottawa Senators,Ottawa Senators,0.2308,0.7692,401879651,3,4,3-1-0,1-2-1,37.5,75.0,3.5,3.0,4.75,2.25,20.0,20.0,80.0,80.0,0.857,0.916,1.0,preseason,2026-09-26T23:00Z,7:00 PM ET
2026-09-26,Seattle Kraken,Vancouver Canucks,Final,Vancouver Canucks,Vancouver Canucks,0.3709,0.6291,401879653,3,4,3-1-0,1-3-0,50.0,40.0,3.75,4.2,2.75,5.0,20.0,20.0,80.0,80.0,0.91,0.85,1.0,preseason,2026-09-26T23:00Z,7:00 PM ET
2026-09-26,Ottawa Senators,Montreal Canadiens,Final,Montreal Canadiens,Ottawa Senators,0.5235,0.4765,401881724,2,4,0-3-1,4-0-0,75.0,37.5,3.0,3.5,2.25,4.75,20.0,20.0,80.0,80.0,0.916,0.857,1.0,preseason,2026-09-26T23:00Z,7:00 PM ET
2026-09-26,St. Louis Blues,Chicago Blackhawks,Final,Chicago Blackhawks,Chicago Blackhawks,0.4689,0.5311,401886261,2,3,1-3-0,2-1-1,37.5,20.0,2.25,2.0,3.25,4.2,20.0,20.0,80.0,80.0,0.9,0.871,1.0,preseason,2026-09-26T23:00Z,7:00 PM ET
2026-09-26,New Jersey Devils,New York Islanders,Final,New Jersey Devils,New York Islanders,0.2404,0.7596,401879647,4,1,3-0-1,1-3-0,33.3,50.0,2.0,3.25,4.33,2.0,20.0,20.0,80.0,80.0,0.852,0.941,1.0,preseason,2026-09-26T23:30Z,7:30 PM ET
2026-09-26,Calgary Flames,Edmonton Oilers,Final,Edmonton Oilers,Edmonton Oilers,0.029,0.971,401878104,1,4,1-2-1,4-0-0,0.0,87.5,1.5,5.5,5.75,4.0,20.0,20.0,80.0,80.0,0.821,0.833,1.0,preseason,2026-09-27T01:00Z,9:00 PM ET
2026-09-26,San Jose Sharks,Vegas Golden Knights,Final,San Jose Sharks,Vegas Golden Knights,0.3065,0.6935,401879414,4,2,2-1-1,3-1-0,75.0,75.0,3.0,4.25,3.5,2.5,20.0,20.0,80.0,80.0,0.862,0.892,1.0,preseason,2026-09-27T02:00Z,10:00 PM ET
2026-09-29,Florida Panthers,Carolina Hurricanes,Final,Florida Panthers,Carolina Hurricanes,0.2966,0.7034,401891773,1,0,1-0-0,0-0-1,75.0,70.0,2.0,3.6,2.0,2.8,20.0,20.0,80.0,80.0,0.908,0.859,2.0,regular-season,2026-09-29T21:00Z,5:00 PM ET
2026-09-29,Montreal Canadiens,Toronto Maple Leafs,Final,Montreal Canadiens,Toronto Maple Leafs,0.3595,0.6405,401891827,3,2,1-0-0,0-1-0,37.5,50.0,3.5,2.75,4.75,2.75,20.0,20.0,80.0,80.0,0.857,0.895,2.0,regular-season,2026-09-29T23:00Z,7:00 PM ET
2026-09-29,New York Rangers,Boston Bruins,Final,Boston Bruins,Boston Bruins,0.4822,0.5178,401891774,0,3,0-1-0,1-0-0,80.0,60.0,3.2,3.0,1.6,2.4,20.0,20.0,80.0,80.0,0.94,0.909,2.0,regular-season,2026-09-30T00:00Z,8:00 PM ET
2026-09-29,Vancouver Canucks,Edmonton Oilers,Final,Vancouver Canucks,Edmonton Oilers,0.1252,0.8748,401891804,6,5,1-0-0,0-0-1,40.0,87.5,4.2,5.5,5.0,4.0,20.0,20.0,80.0,80.0,0.85,0.833,2.0,regular-season,2026-09-30T02:00Z,10:00 PM ET
2026-09-29,Chicago Blackhawks,Vegas Golden Knights,Final,Vegas Golden Knights,Vegas Golden Knights,0.0893,0.9107,401891775,2,5,0-1-0,1-0-0,20.0,75.0,2.0,4.25,4.2,2.5,20.0,20.0,80.0,80.0,0.871,0.892,2.0,regular-season,2026-09-30T02:45Z,10:45 PM ET
2026-09-30,Pittsburgh Penguins,Philadelphia Flyers,Final,Pittsburgh Penguins,Pittsburgh Penguins,0.7175,0.2825,401891821,7,0,1-0-0,0-1-0,50.0,20.0,4.5,1.2,3.25,3.8,20.0,20.0,80.0,80.0,0.876,0.898,2.0,regular-season,2026-09-30T23:30Z,7:30 PM ET
2026-09-30,New York Islanders,Toronto Maple Leafs,Final,Toronto Maple Leafs,Toronto Maple Leafs,0.3857,0.6143,401892431,1,2,0-1-0,1-1-0,50.0,50.0,3.25,2.75,2.0,2.75,20.0,20.0,80.0,80.0,0.941,0.895,2.0,regular-season,2026-09-30T23:30Z,7:30 PM ET
2026-09-30,Los Angeles Kings,Colorado Avalanche,Final,Colorado Avalanche,Colorado Avalanche,0.076,0.924,401891780,4,8,0-1-0,1-0-0,16.7,75.0,3.0,5.75,5.0,2.75,20.0,20.0,80.0,80.0,0.817,0.895,2.0,regular-season,2026-10-01T02:00Z,10:00 PM ET
2026-10-01,Buffalo Sabres,Columbus Blue Jackets,Final,Columbus Blue Jackets,Columbus Blue Jackets,0.3125,0.6875,401891781,3,6,0-1-0,1-0-0,50.0,50.0,2.5,3.5,3.75,3.5,20.0,20.0,80.0,80.0,0.825,0.877,2.0,regular-season,2026-10-01T23:00Z,7:00 PM ET
2026-10-01,Philadelphia Flyers,New Jersey Devils,Final,New Jersey Devils,New Jersey Devils,0.2524,0.7476,401891817,2,3,0-1-1,1-0-0,20.0,33.3,1.2,2.0,3.8,4.33,20.0,20.0,80.0,80.0,0.898,0.852,2.0,regular-season,2026-10-01T23:00Z,7:00 PM ET
2026-10-01,Tampa Bay Lightning,New York Rangers,Final,New York Rangers,New York Rangers,0.32,0.68,401891819,1,5,0-1-0,1-1-0,75.0,80.0,2.75,3.2,2.25,1.6,20.0,20.0,80.0,80.0,0.898,0.94,2.0,regular-season,2026-10-01T23:00Z,7:00 PM ET
2026-10-01,Minnesota Wild,Nashville Predators,Final,Minnesota Wild,Nashville Predators,0.3433,0.6567,401891816,3,1,1-0-0,0-1-0,62.5,62.5,2.75,3.0,2.0,2.75,20.0,20.0,80.0,80.0,0.933,0.907,2.0,regular-season,2026-10-02T00:00Z,8:00 PM ET
2026-10-01,Seattle Kraken,Calgary Flames,Final,Seattle Kraken,Seattle Kraken,0.7385,0.2615,401891777,6,1,1-0-0,0-1-0,50.0,0.0,3.75,1.5,2.75,5.75,20.0,20.0,80.0,80.0,0.91,0.821,2.0,regular-season,2026-10-02T01:00Z,9:00 PM ET
2026-10-01,Chicago Blackhawks,Utah Mammoth,Final,Utah Mammoth,Utah Mammoth,0.139,0.861,401891828,0,6,0-2-0,1-0-0,20.0,60.0,2.0,3.6,4.2,2.8,20.0,20.0,80.0,80.0,0.871,0.92,2.0,regular-season,2026-10-02T01:30Z,9:30 PM ET
2026-10-01,Florida Panthers,San Jose Sharks,Final,San Jose Sharks,San Jose Sharks,0.2963,0.7037,401891823,3,4,1-0-1,1-0-0,75.0,75.0,2.0,3.0,2.0,3.5,20.0,20.0,80.0,80.0,0.908,0.862,2.0,regular-season,2026-10-02T02:00Z,10:00 PM ET
2026-10-01,Edmonton Oilers,Vancouver Canucks,Final,Edmonton Oilers,Edmonton Oilers,0.6973,0.3027,401891829,9,7,1-0-1,1-1-0,87.5,40.0,5.5,4.2,4.0,5.0,20.0,20.0,80.0,80.0,0.833,0.85,2.0,regular-season,2026-10-02T02:00Z,10:00 PM ET
2026-10-02,New York Rangers,Detroit Red Wings,Final,New York Rangers,New York Rangers,0.6699,0.3301,401891803,2,0,2-1-0,0-1-0,80.0,33.3,3.2,2.33,1.6,2.67,20.0,20.0,80.0,80.0,0.94,0.903,2.0,regular-season,2026-10-02T22:30Z,6:30 PM ET
2026-10-02,Washington Capitals,Carolina Hurricanes,Final,Washington Capitals,Carolina Hurricanes,0.3496,0.6504,401892432,5,2,1-0-0,0-1-1,66.7,70.0,3.67,3.6,2.67,2.8,20.0,20.0,80.0,80.0,0.924,0.859,2.0,regular-season,2026-10-02T23:00Z,7:00 PM ET
2026-10-02,Boston Bruins,Winnipeg Jets,Final,Boston Bruins,Winnipeg Jets,0.2306,0.7694,401891831,4,3,2-0-0,0-0-1,60.0,87.5,3.0,3.0,2.4,2.5,20.0,20.0,80.0,80.0,0.909,0.924,2.0,regular-season,2026-10-03T00:00Z,8:00 PM ET
2026-10-02,St. Louis Blues,Dallas Stars,Final,St. Louis Blues,Dallas Stars,0.303,0.697,401891782,4,0,1-0-0,0-1-0,37.5,50.0,2.25,2.5,3.25,1.5,20.0,20.0,80.0,80.0,0.9,0.934,2.0,regular-season,2026-10-03T01:00Z,9:00 PM ET
2026-10-02,Anaheim Ducks,Vegas Golden Knights,Final,Anaheim Ducks,Vegas Golden Knights,0.2652,0.7348,401892433,4,3,1-0-0,1-1-0,66.7,75.0,3.0,4.25,3.33,2.5,20.0,20.0,80.0,80.0,0.875,0.892,2.0,regular-season,2026-10-03T02:00Z,10:00 PM ET
2026-10-03,Chicago Blackhawks,Buffalo Sabres,Final,Buffalo Sabres,Buffalo Sabres,0.204,0.796,401891776,3,4,0-3-0,1-1-0,20.0,50.0,2.0,2.5,4.2,3.75,20.0,20.0,80.0,80.0,0.871,0.825,2.0,regular-season,2026-10-03T23:00Z,7:00 PM ET
2026-10-03,Montreal Canadiens,Pittsburgh Penguins,Final,Pittsburgh Penguins,Pittsburgh Penguins,0.2636,0.7364,401891822,5,6,1-0-1,2-0-0,37.5,50.0,3.5,4.5,4.75,3.25,20.0,20.0,80.0,80.0,0.857,0.876,2.0,regular-season,2026-10-03T23:00Z,7:00 PM ET
2026-10-03,Washington Capitals,Tampa Bay Lightning,Final,Tampa Bay Lightning,Tampa Bay Lightning,0.376,0.624,401891826,1,3,1-1-0,1-1-0,66.7,75.0,3.67,2.75,2.67,2.25,20.0,20.0,80.0,80.0,0.924,0.898,2.0,regular-season,2026-10-03T23:00Z,7:00 PM ET
2026-10-03,Ottawa Senators,Toronto Maple Leafs,Final,Ottawa Senators,Ottawa Senators,0.5178,0.4822,401892434,3,2,1-0-0,1-2-0,75.0,50.0,3.0,2.75,2.25,2.75,20.0,20.0,80.0,80.0,0.916,0.895,2.0,regular-season,2026-10-03T23:00Z,7:00 PM ET
2026-10-03,Carolina Hurricanes,Philadelphia Flyers,Final,Carolina Hurricanes,Carolina Hurricanes,0.7617,0.2383,401892435,3,2,1-1-1,0-1-2,70.0,20.0,3.6,1.2,2.8,3.8,20.0,20.0,80.0,80.0,0.859,0.898,2.0,regular-season,2026-10-03T23:00Z,7:00 PM ET
2026-10-03,Utah Mammoth,Columbus Blue Jackets,Final,Utah Mammoth,Columbus Blue Jackets,0.4192,0.5808,401892436,4,1,2-0-0,1-1-0,60.0,50.0,3.6,3.5,2.8,3.5,20.0,20.0,80.0,80.0,0.92,0.877,2.0,regular-season,2026-10-03T23:00Z,7:00 PM ET
2026-10-03,Seattle Kraken,Edmonton Oilers,Final,Edmonton Oilers,Edmonton Oilers,0.1281,0.8719,401892437,1,3,1-1-0,2-0-1,50.0,87.5,3.75,5.5,2.75,4.0,20.0,20.0,80.0,80.0,0.91,0.833,2.0,regular-season,2026-10-03T23:00Z,7:00 PM ET
2026-10-03,New Jersey Devils,New York Islanders,Final,New York Islanders,New York Islanders,0.2404,0.7596,401891818,0,6,1-1-0,1-1-0,33.3,50.0,2.0,3.25,4.33,2.0,20.0,20.0,80.0,80.0,0.852,0.941,2.0,regular-season,2026-10-03T23:30Z,7:30 PM ET
2026-10-03,Boston Bruins,Minnesota Wild,Final,Minnesota Wild,Minnesota Wild,0.3694,0.6306,401891814,1,4,2-1-0,2-0-0,60.0,62.5,3.0,2.75,2.4,2.0,20.0,20.0,80.0,80.0,0.909,0.933,2.0,regular-season,2026-10-04T00:00Z,8:00 PM ET
2026-10-03,Dallas Stars,Nashville Predators,Final,Nashville Predators,Nashville Predators,0.264,0.736,401892438,1,2,0-2-0,1-1-0,50.0,62.5,2.5,3.0,1.5,2.75,20.0,20.0,80.0,80.0,0.934,0.907,2.0,regular-season,2026-10-04T00:00Z,8:00 PM ET
2026-10-03,St. Louis Blues,Colorado Avalanche,Final,Colorado Avalanche,Colorado Avalanche,0.0937,0.9063,401892439,1,6,1-1-0,2-0-0,37.5,75.0,2.25,5.75,3.25,2.75,20.0,20.0,80.0,80.0,0.9,0.895,2.0,regular-season,2026-10-04T01:00Z,9:00 PM ET
2026-10-03,Calgary Flames,Vancouver Canucks,Final,Vancouver Canucks,Vancouver Canucks,0.107,0.893,401892440,1,4,0-2-0,2-1-0,0.0,40.0,1.5,4.2,5.75,5.0,20.0,20.0,80.0,80.0,0.821,0.85,2.0,regular-season,2026-10-04T02:00Z,10:00 PM ET
2026-10-03,Los Angeles Kings,San Jose Sharks,Final,San Jose Sharks,San Jose Sharks,0.1349,0.8651,401892441,4,5,0-1-0,1-0-0,16.7,75.0,3.0,3.0,5.0,3.5,20.0,20.0,80.0,80.0,0.817,0.862,2.0,regular-season,2026-10-04T02:00Z,10:00 PM ET
2026-10-04,Winnipeg Jets,Detroit Red Wings,Final,Winnipeg Jets,Winnipeg Jets,0.7056,0.2944,401892442,3,2,1-0-1,0-2-0,87.5,33.3,3.0,2.33,2.5,2.67,20.0,20.0,80.0,80.0,0.924,0.903,2.0,regular-season,2026-10-04T17:00Z,1:00 PM ET
2026-10-04,Utah Mammoth,New York Rangers,Final,New York Rangers,New York Rangers,0.2944,0.7056,401892443,2,4,2-1-0,3-1-0,60.0,80.0,3.6,3.2,2.8,1.6,20.0,20.0,80.0,80.0,0.92,0.94,2.0,regular-season,2026-10-04T22:00Z,6:00 PM ET
2026-10-04,Florida Panthers,Anaheim Ducks,Final,Anaheim Ducks,Anaheim Ducks,0.3402,0.6598,401891778,2,3,1-0-2,2-0-0,75.0,66.7,2.0,3.0,2.0,3.33,20.0,20.0,80.0,80.0,0.908,0.875,2.0,regular-season,2026-10-05T00:00Z,8:00 PM ET
2026-10-04,Calgary Flames,Seattle Kraken,Final,Seattle Kraken,Seattle Kraken,0.1046,0.8954,401891824,1,6,0-3-0,2-1-0,0.0,50.0,1.5,3.75,5.75,2.75,20.0,20.0,80.0,80.0,0.821,0.91,2.0,regular-season,2026-10-05T00:00Z,8:00 PM ET
2026-10-04,Vegas Golden Knights,Vancouver Canucks,Final,Vegas Golden Knights,Vegas Golden Knights,0.5424,0.4576,401892444,3,2,2-1-0,2-2-0,75.0,40.0,4.25,4.2,2.5,5.0,20.0,20.0,80.0,80.0,0.892,0.85,2.0,regular-season,2026-10-05T01:00Z,9:00 PM ET
2026-10-05,Philadelphia Flyers,Tampa Bay Lightning,Final,Tampa Bay Lightning,Tampa Bay Lightning,0.1036,0.8964,401892445,1,4,0-2-2,2-1-0,20.0,75.0,1.2,2.75,3.8,2.25,20.0,20.0,80.0,80.0,0.898,0.898,2.0,regular-season,2026-10-05T23:00Z,7:00 PM ET
2026-10-05,Ottawa Senators,Boston Bruins,Final,Ottawa Senators,Boston Bruins,0.4479,0.5521,401892446,4,1,2-0-0,2-2-0,75.0,60.0,3.0,3.0,2.25,2.4,20.0,20.0,80.0,80.0,0.916,0.909,2.0,regular-season,2026-10-05T23:30Z,7:30 PM ET
2026-10-05,Winnipeg Jets,Pittsburgh Penguins,Final,Winnipeg Jets,Pittsburgh Penguins,0.4816,0.5184,401892447,3,2,2-0-1,2-1-0,87.5,50.0,3.0,4.5,2.5,3.25,20.0,20.0,80.0,80.0,0.924,0.876,2.0,regular-season,2026-10-05T23:30Z,7:30 PM ET
2026-10-05,San Jose Sharks,Dallas Stars,Final,Dallas Stars,San Jose Sharks,0.5602,0.4398,401892448,0,5,2-1-0,1-2-0,75.0,50.0,3.0,2.5,3.5,1.5,20.0,20.0,80.0,80.0,0.862,0.934,2.0,regular-season,2026-10-06T00:00Z,8:00 PM ET
2026-10-06,Carolina Hurricanes,Montreal Canadiens,Final,Carolina Hurricanes,Carolina Hurricanes,0.5368,0.4632,401891815,6,4,2-1-1,1-1-1,70.0,37.5,3.6,3.5,2.8,4.75,20.0,20.0,80.0,80.0,0.859,0.857,2.0,regular-season,2026-10-06T23:00Z,7:00 PM ET
2026-10-06,Nashville Predators,Toronto Maple Leafs,Final,Toronto Maple Leafs,Toronto Maple Leafs,0.4501,0.5499,401892449,4,5,1-1-1,2-2-0,62.5,50.0,3.0,2.75,2.75,2.75,20.0,20.0,80.0,80.0,0.907,0.895,2.0,regular-season,2026-10-06T23:00Z,7:00 PM ET
2026-10-06,Ottawa Senators,Detroit Red Wings,Final,Detroit Red Wings,Ottawa Senators,0.6387,0.3613,401892450,3,5,2-1-0,1-2-0,75.0,33.3,3.0,2.33,2.25,2.67,20.0,20.0,80.0,80.0,0.916,0.903,2.0,regular-season,2026-10-06T23:00Z,7:00 PM ET
2026-10-06,Utah Mammoth,New Jersey Devils,Final,Utah Mammoth,Utah Mammoth,0.5978,0.4022,401892451,5,3,3-1-0,1-2-0,60.0,33.3,3.6,2.0,2.8,4.33,20.0,20.0,80.0,80.0,0.92,0.852,2.0,regular-season,2026-10-06T23:00Z,7:00 PM ET
2026-10-06,Minnesota Wild,Buffalo Sabres,Final,Buffalo Sabres,Buffalo Sabres,0.4312,0.5688,401892453,2,3,2-0-1,2-1-0,62.5,50.0,2.75,2.5,2.0,3.75,20.0,20.0,80.0,80.0,0.933,0.825,2.0,regular-season,2026-10-06T23:00Z,7:00 PM ET
2026-10-06,New York Islanders,New York Rangers,Final,New York Rangers,New York Rangers,0.2263,0.7737,401892452,2,5,1-2-0,4-1-0,50.0,80.0,3.25,3.2,2.0,1.6,20.0,20.0,80.0,80.0,0.941,0.94,2.0,regular-season,2026-10-06T23:30Z,7:30 PM ET
2026-10-06,St. Louis Blues,Chicago Blackhawks,Final,Chicago Blackhawks,Chicago Blackhawks,0.4689,0.5311,401891779,2,4,1-2-0,1-3-0,37.5,20.0,2.25,2.0,3.25,4.2,20.0,20.0,80.0,80.0,0.9,0.871,2.0,regular-season,2026-10-07T00:00Z,8:00 PM ET
2026-10-06,Vegas Golden Knights,Seattle Kraken,Final,Vegas Golden Knights,Vegas Golden Knights,0.5358,0.4642,401892454,6,2,3-1-0,2-2-0,75.0,50.0,4.25,3.75,2.5,2.75,20.0,20.0,80.0,80.0,0.892,0.91,2.0,regular-season,2026-10-07T01:40Z,9:40 PM ET
2026-10-06,Florida Panthers,Los Angeles Kings,Final,Florida Panthers,Florida Panthers,0.6079,0.3921,401891806,2,1,2-0-2,0-2-1,75.0,16.7,2.0,3.0,2.0,5.0,20.0,20.0,80.0,80.0,0.908,0.817,2.0,regular-season,2026-10-07T02:20Z,10:20 PM ET
2026-10-07,Pittsburgh Penguins,Washington Capitals,Final,Washington Capitals,Washington Capitals,0.3277,0.6723,401891830,3,5,2-2-0,2-1-0,50.0,66.7,4.5,3.67,3.25,2.67,20.0,20.0,80.0,80.0,0.876,0.924,2.0,regular-season,2026-10-07T23:30Z,7:30 PM ET
2026-10-07,Colorado Avalanche,Winnipeg Jets,Final,Winnipeg Jets,Winnipeg Jets,0.4588,0.5412,401892455,2,3,2-1-0,3-0-1,75.0,87.5,5.75,3.0,2.75,2.5,20.0,20.0,80.0,80.0,0.895,0.924,2.0,regular-season,2026-10-07T23:30Z,7:30 PM ET
2026-10-07,Edmonton Oilers,Anaheim Ducks,Final,Edmonton Oilers,Edmonton Oilers,0.6397,0.3603,401892456,5,2,3-0-1,2-1-0,87.5,66.7,5.5,3.0,4.0,3.33,20.0,20.0,80.0,80.0,0.833,0.875,2.0,regular-season,2026-10-08T02:00Z,10:00 PM ET
2026-10-08,Philadelphia Flyers,Ottawa Senators,Final,Ottawa Senators,Ottawa Senators,0.0981,0.9019,401891820,1,2,0-3-2,3-1-0,20.0,75.0,1.2,3.0,3.8,2.25,20.0,20.0,80.0,80.0,0.898,0.916,2.0,regular-season,2026-10-08T23:00Z,7:00 PM ET
2026-10-08,Utah Mammoth,Boston Bruins,Final,Boston Bruins,Boston Bruins,0.4036,0.5964,401892457,1,6,3-2-0,3-2-0,60.0,60.0,3.6,3.0,2.8,2.4,20.0,20.0,80.0,80.0,0.92,0.909,2.0,regular-season,2026-10-08T23:00Z,7:00 PM ET
2026-10-08,Dallas Stars,Buffalo Sabres,Final,Dallas Stars,Buffalo Sabres,0.3423,0.6577,401892458,4,0,2-2-0,2-2-0,50.0,50.0,2.5,2.5,1.5,3.75,20.0,20.0,80.0,80.0,0.934,0.825,2.0,regular-season,2026-10-08T23:00Z,7:00 PM ET
2026-10-08,Nashville Predators,Montreal Canadiens,Final,Nashville Predators,Montreal Canadiens,0.4557,0.5443,401892459,5,2,2-1-1,1-2-1,62.5,37.5,3.0,3.5,2.75,4.75,20.0,20.0,80.0,80.0,0.907,0.857,2.0,regular-season,2026-10-08T23:00Z,7:00 PM ET
2026-10-08,Minnesota Wild,Tampa Bay Lightning,Final,Tampa Bay Lightning,Tampa Bay Lightning,0.2975,0.7025,401892460,2,3,2-1-1,3-1-0,62.5,75.0,2.75,2.75,2.0,2.25,20.0,20.0,80.0,80.0,0.933,0.898,2.0,regular-season,2026-10-08T23:00Z,7:00 PM ET
2026-10-08,Vancouver Canucks,Carolina Hurricanes,Final,Carolina Hurricanes,Carolina Hurricanes,0.2658,0.7342,401892461,2,7,2-3-0,3-1-1,40.0,70.0,4.2,3.6,5.0,2.8,20.0,20.0,80.0,80.0,0.85,0.859,2.0,regular-season,2026-10-08T23:00Z,7:00 PM ET
2026-10-08,Chicago Blackhawks,New York Islanders,Final,New York Islanders,New York Islanders,0.1872,0.8128,401892462,1,4,1-4-0,2-2-0,20.0,50.0,2.0,3.25,4.2,2.0,20.0,20.0,80.0,80.0,0.871,0.941,2.0,regular-season,2026-10-08T23:30Z,7:30 PM ET
2026-10-08,San Jose Sharks,St. Louis Blues,Final,San Jose Sharks,San Jose Sharks,0.6271,0.3729,401891825,3,2,3-1-0,1-2-1,75.0,37.5,3.0,2.25,3.5,3.25,20.0,20.0,80.0,80.0,0.862,0.9,2.0,regular-season,2026-10-09T00:00Z,8:00 PM ET
2026-10-08,Colorado Avalanche,Calgary Flames,Final,Colorado Avalanche,Colorado Avalanche,0.8922,0.1078,401892463,7,3,3-1-0,0-4-0,75.0,0.0,5.75,1.5,2.75,5.75,20.0,20.0,80.0,80.0,0.895,0.821,2.0,regular-season,2026-10-09T01:00Z,9:00 PM ET
2026-10-08,Toronto Maple Leafs,Vegas Golden Knights,Scheduled,,Vegas Golden Knights,0.1828,0.8172,401892464,3,3,2-2-0,3-1-0,50.0,75.0,2.75,4.25,2.75,2.5,20.0,20.0,80.0,80.0,0.895,0.892,2.0,regular-season,2026-10-09T02:00Z,10:00 PM ET
2026-10-09,Seattle Kraken,Detroit Red Wings,Scheduled,,Seattle Kraken,0.5468,0.4532,401892465,0,0,2-2-0,1-2-0,50.0,33.3,3.75,2.33,2.75,2.67,20.0,20.0,80.0,80.0,0.91,0.903,2.0,regular-season,2026-10-09T23:00Z,7:00 PM ET
2026-10-09,New York Rangers,Washington Capitals,Scheduled,,Washington Capitals,0.4003,0.5997,401892466,0,0,4-1-0,2-1-0,80.0,66.7,3.2,3.67,1.6,2.67,20.0,20.0,80.0,80.0,0.94,0.924,2.0,regular-season,2026-10-09T23:00Z,7:00 PM ET
2026-10-09,Pittsburgh Penguins,Columbus Blue Jackets,Scheduled,,Columbus Blue Jackets,0.4204,0.5796,401892467,0,0,2-2-0,1-1-0,50.0,50.0,4.5,3.5,3.25,3.5,20.0,20.0,80.0,80.0,0.876,0.877,2.0,regular-season,2026-10-09T23:00Z,7:00 PM ET
2026-10-09,Anaheim Ducks,Winnipeg Jets,Scheduled,,Winnipeg Jets,0.2676,0.7324,401892468,0,0,2-1-0,3-0-1,66.7,87.5,3.0,3.0,3.33,2.5,20.0,20.0,80.0,80.0,0.875,0.924,2.0,regular-season,2026-10-10T00:00Z,8:00 PM ET
2026-10-10,Philadelphia Flyers,Boston Bruins,Scheduled,,Boston Bruins,0.1332,0.8668,401892469,0,0,0-3-2,3-2-0,20.0,60.0,1.2,3.0,3.8,2.4,20.0,20.0,80.0,80.0,0.898,0.909,2.0,regular-season,2026-10-10T17:00Z,1:00 PM ET
2026-10-10,Vancouver Canucks,New Jersey Devils,Scheduled,,Vancouver Canucks,0.5423,0.4577,401892470,0,0,2-3-0,1-2-0,40.0,33.3,4.2,2.0,5.0,4.33,20.0,20.0,80.0,80.0,0.85,0.852,2.0,regular-season,2026-10-10T19:30Z,3:30 PM ET
2026-10-10,Edmonton Oilers,San Jose Sharks,Scheduled,,Edmonton Oilers,0.5919,0.4081,401892471,0,0,3-0-1,3-1-0,87.5,75.0,5.5,3.0,4.0,3.5,20.0,20.0,80.0,80.0,0.833,0.862,2.0,regular-season,2026-10-10T20:00Z,4:00 PM ET
2026-10-10,Minnesota Wild,Florida Panthers,Scheduled,,Florida Panthers,0.3396,0.6604,401891805,0,0,2-1-1,2-0-2,62.5,75.0,2.75,2.0,2.0,2.0,20.0,20.0,80.0,80.0,0.933,0.908,2.0,regular-season,2026-10-10T22:00Z,6:00 PM ET
2026-10-10,Utah Mammoth,Buffalo Sabres,Scheduled,,Buffalo Sabres,0.4768,0.5232,401892472,0,0,3-2-0,2-2-0,60.0,50.0,3.6,2.5,2.8,3.75,20.0,20.0,80.0,80.0,0.92,0.825,2.0,regular-season,2026-10-10T23:00Z,7:00 PM ET
2026-10-10,Detroit Red Wings,Montreal Canadiens,Scheduled,,Montreal Canadiens,0.263,0.737,401892473,0,0,1-2-0,1-2-1,33.3,37.5,2.33,3.5,2.67,4.75,20.0,20.0,80.0,80.0,0.903,0.857,2.0,regular-season,2026-10-10T23:00Z,7:00 PM ET
2026-10-10,Nashville Predators,Ottawa Senators,Scheduled,,Ottawa Senators,0.3044,0.6956,401892474,0,0,2-1-1,3-1-0,62.5,75.0,3.0,3.0,2.75,2.25,20.0,20.0,80.0,80.0,0.907,0.916,2.0,regular-season,2026-10-10T23:00Z,7:00 PM ET
2026-10-10,Dallas Stars,Pittsburgh Penguins,Scheduled,,Pittsburgh Penguins,0.246,0.754,401892475,0,0,2-2-0,2-2-0,50.0,50.0,2.5,4.5,1.5,3.25,20.0,20.0,80.0,80.0,0.934,0.876,2.0,regular-season,2026-10-10T23:00Z,7:00 PM ET
2026-10-10,Carolina Hurricanes,Chicago Blackhawks,Scheduled,,Carolina Hurricanes,0.7209,0.2791,401892476,0,0,3-1-1,1-4-0,70.0,20.0,3.6,2.0,2.8,4.2,20.0,20.0,80.0,80.0,0.859,0.871,2.0,regular-season,2026-10-10T23:00Z,7:00 PM ET
2026-10-10,Columbus Blue Jackets,St. Louis Blues,Scheduled,,Columbus Blue Jackets,0.5138,0.4862,401892477,0,0,1-1-0,1-2-1,50.0,37.5,3.5,2.25,3.5,3.25,20.0,20.0,80.0,80.0,0.877,0.9,2.0,regular-season,2026-10-10T23:00Z,7:00 PM ET
2026-10-10,Toronto Maple Leafs,Colorado Avalanche,Scheduled,,Colorado Avalanche,0.1329,0.8671,401892478,0,0,2-2-0,3-1-0,50.0,75.0,2.75,5.75,2.75,2.75,20.0,20.0,80.0,80.0,0.895,0.895,2.0,regular-season,2026-10-10T23:00Z,7:00 PM ET
2026-10-10,Tampa Bay Lightning,New York Islanders,Scheduled,,New York Islanders,0.4802,0.5198,401892479,0,0,3-1-0,2-2-0,75.0,50.0,2.75,3.25,2.25,2.0,20.0,20.0,80.0,80.0,0.898,0.941,2.0,regular-season,2026-10-10T23:30Z,7:30 PM ET
2026-10-10,Anaheim Ducks,Calgary Flames,Scheduled,,Anaheim Ducks,0.7811,0.2189,401892480,0,0,2-1-0,0-4-0,66.7,0.0,3.0,1.5,3.33,5.75,20.0,20.0,80.0,80.0,0.875,0.821,2.0,regular-season,2026-10-11T02:00Z,10:00 PM ET
2026-10-10,Los Angeles Kings,Vegas Golden Knights,Scheduled,,Vegas Golden Knights,0.1072,0.8928,401892481,0,0,0-2-1,3-1-0,16.7,75.0,3.0,4.25,5.0,2.5,20.0,20.0,80.0,80.0,0.817,0.892,2.0,regular-season,2026-10-11T02:00Z,10:00 PM ET
2026-10-11,Seattle Kraken,Washington Capitals,Scheduled,,Washington Capitals,0.2842,0.7158,401892482,0,0,2-2-0,2-1-0,50.0,66.7,3.75,3.67,2.75,2.67,20.0,20.0,80.0,80.0,0.91,0.924,2.0,regular-season,2026-10-11T21:00Z,5:00 PM ET
2026-10-11,Vancouver Canucks,New York Rangers,Scheduled,,New York Rangers,0.2496,0.7504,401892483,0,0,2-3-0,4-1-0,40.0,80.0,4.2,3.2,5.0,1.6,20.0,20.0,80.0,80.0,0.85,0.94,2.0,regular-season,2026-10-11T22:00Z,6:00 PM ET
2026-10-11,Carolina Hurricanes,Philadelphia Flyers,Scheduled,,Carolina Hurricanes,0.7617,0.2383,401892484,0,0,3-1-1,0-3-2,70.0,20.0,3.6,1.2,2.8,3.8,20.0,20.0,80.0,80.0,0.859,0.898,2.0,regular-season,2026-10-11T23:00Z,7:00 PM ET
2026-10-12,Florida Panthers,Buffalo Sabres,Scheduled,,Buffalo Sabres,0.4584,0.5416,401892485,0,0,2-0-2,2-2-0,75.0,50.0,2.0,2.5,2.0,3.75,20.0,20.0,80.0,80.0,0.908,0.825,2.0,regular-season,2026-10-12T17:00Z,1:00 PM ET
2026-10-12,Ottawa Senators,New Jersey Devils,Scheduled,,Ottawa Senators,0.6405,0.3595,401892486,0,0,3-1-0,1-2-0,75.0,33.3,3.0,2.0,2.25,4.33,20.0,20.0,80.0,80.0,0.916,0.852,2.0,regular-season,2026-10-12T23:00Z,7:00 PM ET
2026-10-12,Vegas Golden Knights,Minnesota Wild,Scheduled,,Vegas Golden Knights,0.5318,0.4682,401892487,0,0,3-1-0,2-1-1,75.0,62.5,4.25,2.75,2.5,2.0,20.0,20.0,80.0,80.0,0.892,0.933,2.0,regular-season,2026-10-13T00:00Z,8:00 PM ET
2026-10-13,New Jersey Devils,Detroit Red Wings,Scheduled,,Detroit Red Wings,0.3629,0.6371,401892488,0,0,1-2-0,1-2-0,33.3,33.3,2.0,2.33,4.33,2.67,20.0,20.0,80.0,80.0,0.852,0.903,2.0,regular-season,2026-10-13T22:00Z,6:00 PM ET
2026-10-13,Florida Panthers,Columbus Blue Jackets,Scheduled,,Columbus Blue Jackets,0.4013,0.5987,401892489,0,0,2-0-2,1-1-0,75.0,50.0,2.0,3.5,2.0,3.5,20.0,20.0,80.0,80.0,0.908,0.877,2.0,regular-season,2026-10-13T22:15Z,6:15 PM ET
2026-10-13,Buffalo Sabres,Montreal Canadiens,Scheduled,,Montreal Canadiens,0.366,0.634,401892490,0,0,2-2-0,1-2-1,50.0,37.5,2.5,3.5,3.75,4.75,20.0,20.0,80.0,80.0,0.825,0.857,2.0,regular-season,2026-10-13T22:30Z,6:30 PM ET
2026-10-13,Washington Capitals,Carolina Hurricanes,Scheduled,,Carolina Hurricanes,0.3496,0.6504,401892491,0,0,2-1-0,3-1-1,66.7,70.0,3.67,3.6,2.67,2.8,20.0,20.0,80.0,80.0,0.924,0.859,2.0,regular-season,2026-10-13T22:45Z,6:45 PM ET
2026-10-13,Seattle Kraken,Philadelphia Flyers,Scheduled,,Seattle Kraken,0.6741,0.3259,401892492,0,0,2-2-0,0-3-2,50.0,20.0,3.75,1.2,2.75,3.8,20.0,20.0,80.0,80.0,0.91,0.898,2.0,regular-season,2026-10-13T23:00Z,7:00 PM ET
2026-10-13,Tampa Bay Lightning,New York Rangers,Scheduled,,New York Rangers,0.32,0.68,401892493,0,0,3-1-0,4-1-0,75.0,80.0,2.75,3.2,2.25,1.6,20.0,20.0,80.0,80.0,0.898,0.94,2.0,regular-season,2026-10-13T23:15Z,7:15 PM ET
2026-10-13,St. Louis Blues,Ottawa Senators,Scheduled,,Ottawa Senators,0.1715,0.8285,401892494,0,0,1-2-1,3-1-0,37.5,75.0,2.25,3.0,3.25,2.25,20.0,20.0,80.0,80.0,0.9,0.916,2.0,regular-season,2026-10-13T23:30Z,7:30 PM ET
2026-10-13,Vancouver Canucks,New York Islanders,Scheduled,,New York Islanders,0.3951,0.6049,401892495,0,0,2-3-0,2-2-0,40.0,50.0,4.2,3.25,5.0,2.0,20.0,20.0,80.0,80.0,0.85,0.941,2.0,regular-season,2026-10-13T23:45Z,7:45 PM ET
2026-10-13,Pittsburgh Penguins,Chicago Blackhawks,Scheduled,,Pittsburgh Penguins,0.6724,0.3276,401892496,0,0,2-2-0,1-4-0,50.0,20.0,4.5,2.0,3.25,4.2,20.0,20.0,80.0,80.0,0.876,0.871,2.0,regular-season,2026-10-14T00:00Z,8:00 PM ET
2026-10-13,Minnesota Wild,Winnipeg Jets,Scheduled,,Winnipeg Jets,0.2271,0.7729,401892497,0,0,2-1-1,3-0-1,62.5,87.5,2.75,3.0,2.0,2.5,20.0,20.0,80.0,80.0,0.933,0.924,2.0,regular-season,2026-10-14T00:15Z,8:15 PM ET
2026-10-13,Colorado Avalanche,Dallas Stars,Scheduled,,Colorado Avalanche,0.7071,0.2929,401892498,0,0,3-1-0,2-2-0,75.0,50.0,5.75,2.5,2.75,1.5,20.0,20.0,80.0,80.0,0.895,0.934,2.0,regular-season,2026-10-14T00:30Z,8:30 PM ET
2026-10-13,Vegas Golden Knights,Nashville Predators,Scheduled,,Vegas Golden Knights,0.5083,0.4917,401892499,0,0,3-1-0,2-1-1,75.0,62.5,4.25,3.0,2.5,2.75,20.0,20.0,80.0,80.0,0.892,0.907,2.0,regular-season,2026-10-14T00:45Z,8:45 PM ET
2026-10-13,Toronto Maple Leafs,Utah Mammoth,Scheduled,,Utah Mammoth,0.269,0.731,401892500,0,0,2-2-0,3-2-0,50.0,60.0,2.75,3.6,2.75,2.8,20.0,20.0,80.0,80.0,0.895,0.92,2.0,regular-season,2026-10-14T01:00Z,9:00 PM ET
2026-10-13,Calgary Flames,Anaheim Ducks,Scheduled,,Anaheim Ducks,0.0846,0.9154,401892501,0,0,0-4-0,2-1-0,0.0,66.7,1.5,3.0,5.75,3.33,20.0,20.0,80.0,80.0,0.821,0.875,2.0,regular-season,2026-10-14T01:45Z,9:45 PM ET
2026-10-13,Edmonton Oilers,Los Angeles Kings,Scheduled,,Edmonton Oilers,0.8422,0.1578,401892502,0,0,3-0-1,0-2-1,87.5,16.7,5.5,3.0,4.0,5.0,20.0,20.0,80.0,80.0,0.833,0.817,2.0,regular-season,2026-10-14T02:30Z,10:30 PM ET
2026-10-13,Boston Bruins,San Jose Sharks,Scheduled,,San Jose Sharks,0.2779,0.7221,401892503,0,0,3-2-0,3-1-0,60.0,75.0,3.0,3.0,2.4,3.5,20.0,20.0,80.0,80.0,0.909,0.862,2.0,regular-season,2026-10-14T03:00Z,11:00 PM ET
2026-10-14,Montreal Canadiens,Washington Capitals,Scheduled,,Washington Capitals,0.2331,0.7669,401892504,0,0,1-2-1,2-1-0,37.5,66.7,3.5,3.67,4.75,2.67,20.0,20.0,80.0,80.0,0.857,0.924,2.0,regular-season,2026-10-14T23:30Z,7:30 PM ET
2026-10-14,Dallas Stars,Colorado Avalanche,Scheduled,,Colorado Avalanche,0.1201,0.8799,401892505,0,0,2-2-0,3-1-0,50.0,75.0,2.5,5.75,1.5,2.75,20.0,20.0,80.0,80.0,0.934,0.895,2.0,regular-season,2026-10-15T00:30Z,8:30 PM ET
2026-10-15,Buffalo Sabres,Toronto Maple Leafs,Scheduled,,Toronto Maple Leafs,0.3607,0.6393,401892506,0,0,2-2-0,2-2-0,50.0,50.0,2.5,2.75,3.75,2.75,20.0,20.0,80.0,80.0,0.825,0.895,2.0,regular-season,2026-10-15T23:00Z,7:00 PM ET
2026-10-15,New York Islanders,Ottawa Senators,Scheduled,,Ottawa Senators,0.2513,0.7487,401892507,0,0,2-2-0,3-1-0,50.0,75.0,3.25,3.0,2.0,2.25,20.0,20.0,80.0,80.0,0.941,0.916,2.0,regular-season,2026-10-15T23:00Z,7:00 PM ET
2026-10-15,Seattle Kraken,Tampa Bay Lightning,Scheduled,,Tampa Bay Lightning,0.2941,0.7059,401892509,0,0,2-2-0,3-1-0,50.0,75.0,3.75,2.75,2.75,2.25,20.0,20.0,80.0,80.0,0.91,0.898,2.0,regular-season,2026-10-15T23:00Z,7:00 PM ET
2026-10-15,Vancouver Canucks,Florida Panthers,Scheduled,,Florida Panthers,0.3301,0.6699,401892510,0,0,2-3-0,2-0-2,40.0,75.0,4.2,2.0,5.0,2.0,20.0,20.0,80.0,80.0,0.85,0.908,2.0,regular-season,2026-10-15T23:00Z,7:00 PM ET
2026-10-15,New York Rangers,New Jersey Devils,Scheduled,,New York Rangers,0.6716,0.3284,401892511,0,0,4-1-0,1-2-0,80.0,33.3,3.2,2.0,1.6,4.33,20.0,20.0,80.0,80.0,0.94,0.852,2.0,regular-season,2026-10-15T23:00Z,7:00 PM ET
2026-10-15,Philadelphia Flyers,Detroit Red Wings,Scheduled,,Detroit Red Wings,0.2509,0.7491,401892508,0,0,0-3-2,1-2-0,20.0,33.3,1.2,2.33,3.8,2.67,20.0,20.0,80.0,80.0,0.898,0.903,2.0,regular-season,2026-10-15T23:30Z,7:30 PM ET
2026-10-15,Winnipeg Jets,Chicago Blackhawks,Scheduled,,Winnipeg Jets,0.7686,0.2314,401892512,0,0,3-0-1,1-4-0,87.5,20.0,3.0,2.0,2.5,4.2,20.0,20.0,80.0,80.0,0.924,0.871,2.0,regular-season,2026-10-16T00:00Z,8:00 PM ET
2026-10-15,San Jose Sharks,Nashville Predators,Scheduled,,Nashville Predators,0.4431,0.5569,401892513,0,0,3-1-0,2-1-1,75.0,62.5,3.0,3.0,3.5,2.75,20.0,20.0,80.0,80.0,0.862,0.907,2.0,regular-season,2026-10-16T00:00Z,8:00 PM ET
2026-10-15,St. Louis Blues,Minnesota Wild,Scheduled,,Minnesota Wild,0.2298,0.7702,401892514,0,0,1-2-1,2-1-1,37.5,62.5,2.25,2.75,3.25,2.0,20.0,20.0,80.0,80.0,0.9,0.933,2.0,regular-season,2026-10-16T00:00Z,8:00 PM ET
2026-10-15,Utah Mammoth,Edmonton Oilers,Scheduled,,Edmonton Oilers,0.1522,0.8478,401892515,0,0,3-2-0,3-0-1,60.0,87.5,3.6,5.5,2.8,4.0,20.0,20.0,80.0,80.0,0.92,0.833,2.0,regular-season,2026-10-16T01:00Z,9:00 PM ET
2026-10-15,Calgary Flames,Vegas Golden Knights,Scheduled,,Vegas Golden Knights,0.0549,0.9451,401892516,0,0,0-4-0,3-1-0,0.0,75.0,1.5,4.25,5.75,2.5,20.0,20.0,80.0,80.0,0.821,0.892,2.0,regular-season,2026-10-16T02:00Z,10:00 PM ET
2026-10-16,Pittsburgh Penguins,Colorado Avalanche,Scheduled,,Colorado Avalanche,0.1938,0.8062,401892517,0,0,2-2-0,3-1-0,50.0,75.0,4.5,5.75,3.25,2.75,20.0,20.0,80.0,80.0,0.876,0.895,2.0,regular-season,2026-10-17T01:00Z,9:00 PM ET
2026-10-16,Boston Bruins,Anaheim Ducks,Scheduled,,Anaheim Ducks,0.3202,0.6798,401892518,0,0,3-2-0,2-1-0,60.0,66.7,3.0,3.0,2.4,3.33,20.0,20.0,80.0,80.0,0.909,0.875,2.0,regular-season,2026-10-17T02:00Z,10:00 PM ET
2026-10-17,New Jersey Devils,Washington Capitals,Scheduled,,Washington Capitals,0.1578,0.8422,401892519,0,0,1-2-0,2-1-0,33.3,66.7,2.0,3.67,4.33,2.67,20.0,20.0,80.0,80.0,0.852,0.924,2.0,regular-season,2026-10-17T17:00Z,1:00 PM ET
2026-10-17,Carolina Hurricanes,Winnipeg Jets,Scheduled,,Winnipeg Jets,0.3088,0.6912,401892520,0,0,3-1-1,3-0-1,70.0,87.5,3.6,3.0,2.8,2.5,20.0,20.0,80.0,80.0,0.859,0.924,2.0,regular-season,2026-10-17T19:30Z,3:30 PM ET
2026-10-17,Vancouver Canucks,Tampa Bay Lightning,Scheduled,,Tampa Bay Lightning,0.2887,0.7113,401892521,0,0,2-3-0,3-1-0,40.0,75.0,4.2,2.75,5.0,2.25,20.0,20.0,80.0,80.0,0.85,0.898,2.0,regular-season,2026-10-17T20:00Z,4:00 PM ET
2026-10-17,Seattle Kraken,Florida Panthers,Scheduled,,Florida Panthers,0.336,0.664,401892522,0,0,2-2-0,2-0-2,50.0,75.0,3.75,2.0,2.75,2.0,20.0,20.0,80.0,80.0,0.91,0.908,2.0,regular-season,2026-10-17T22:00Z,6:00 PM ET
2026-10-17,New York Islanders,Toronto Maple Leafs,Scheduled,,Toronto Maple Leafs,0.3857,0.6143,401892523,0,0,2-2-0,2-2-0,50.0,50.0,3.25,2.75,2.0,2.75,20.0,20.0,80.0,80.0,0.941,0.895,2.0,regular-season,2026-10-17T23:00Z,7:00 PM ET
2026-10-17,Buffalo Sabres,Montreal Canadiens,Scheduled,,Montreal Canadiens,0.366,0.634,401892524,0,0,2-2-0,1-2-1,50.0,37.5,2.5,3.5,3.75,4.75,20.0,20.0,80.0,80.0,0.825,0.857,2.0,regular-season,2026-10-17T23:00Z,7:00 PM ET
2026-10-17,San Jose Sharks,Detroit Red Wings,Scheduled,,San Jose Sharks,0.6512,0.3488,401892525,0,0,3-1-0,1-2-0,75.0,33.3,3.0,2.33,3.5,2.67,20.0,20.0,80.0,80.0,0.862,0.903,2.0,regular-season,2026-10-17T23:00Z,7:00 PM ET
2026-10-17,Ottawa Senators,Philadelphia Flyers,Scheduled,,Ottawa Senators,0.7519,0.2481,401892526,0,0,3-1-0,0-3-2,75.0,20.0,3.0,1.2,2.25,3.8,20.0,20.0,80.0,80.0,0.916,0.898,2.0,regular-season,2026-10-17T23:00Z,7:00 PM ET
2026-10-17,New York Rangers,Columbus Blue Jackets,Scheduled,,Columbus Blue Jackets,0.4983,0.5017,401892527,0,0,4-1-0,1-1-0,80.0,50.0,3.2,3.5,1.6,3.5,20.0,20.0,80.0,80.0,0.94,0.877,2.0,regular-season,2026-10-17T23:00Z,7:00 PM ET
2026-10-17,Dallas Stars,Chicago Blackhawks,Scheduled,,Dallas Stars,0.5383,0.4617,401892528,0,0,2-2-0,1-4-0,50.0,20.0,2.5,2.0,1.5,4.2,20.0,20.0,80.0,80.0,0.934,0.871,2.0,regular-season,2026-10-17T23:00Z,7:00 PM ET
2026-10-17,St. Louis Blues,Nashville Predators,Scheduled,,Nashville Predators,0.2136,0.7864,401892529,0,0,1-2-1,2-1-1,37.5,62.5,2.25,3.0,3.25,2.75,20.0,20.0,80.0,80.0,0.9,0.907,2.0,regular-season,2026-10-18T00:00Z,8:00 PM ET
2026-10-17,Boston Bruins,Los Angeles Kings,Scheduled,,Boston Bruins,0.5862,0.4138,401892530,0,0,3-2-0,0-2-1,60.0,16.7,3.0,3.0,2.4,5.0,20.0,20.0,80.0,80.0,0.909,0.817,2.0,regular-season,2026-10-18T01:00Z,9:00 PM ET
2026-10-17,Edmonton Oilers,Utah Mammoth,Scheduled,,Edmonton Oilers,0.6475,0.3525,401892531,0,0,3-0-1,3-2-0,87.5,60.0,5.5,3.6,4.0,2.8,20.0,20.0,80.0,80.0,0.833,0.92,2.0,regular-season,2026-10-18T02:00Z,10:00 PM ET
2026-10-17,Pittsburgh Penguins,Vegas Golden Knights,Scheduled,,Vegas Golden Knights,0.2596,0.7404,401892532,0,0,2-2-0,3-1-0,50.0,75.0,4.5,4.25,3.25,2.5,20.0,20.0,80.0,80.0,0.876,0.892,2.0,regular-season,2026-10-18T02:00Z,10:00 PM ET
2026-10-18,Columbus Blue Jackets,Minnesota Wild,Scheduled,,Minnesota Wild,0.3545,0.6455,401892533,0,0,1-1-0,2-1-1,50.0,62.5,3.5,2.75,3.5,2.0,20.0,20.0,80.0,80.0,0.877,0.933,2.0,regular-season,2026-10-18T22:00Z,6:00 PM ET
2026-10-18,Carolina Hurricanes,Calgary Flames,Scheduled,,Carolina Hurricanes,0.8135,0.1865,401892534,0,0,3-1-1,0-4-0,70.0,0.0,3.6,1.5,2.8,5.75,20.0,20.0,80.0,80.0,0.859,0.821,2.0,regular-season,2026-10-19T00:00Z,8:00 PM ET
2026-10-19,Anaheim Ducks,New York Rangers,Scheduled,,New York Rangers,0.3015,0.6985,401892535,0,0,2-1-0,4-1-0,66.7,80.0,3.0,3.2,3.33,1.6,20.0,20.0,80.0,80.0,0.875,0.94,2.0,regular-season,2026-10-19T23:00Z,7:00 PM ET
2026-10-19,Colorado Avalanche,Philadelphia Flyers,Scheduled,,Colorado Avalanche,0.8585,0.1415,401892536,0,0,3-1-0,0-3-2,75.0,20.0,5.75,1.2,2.75,3.8,20.0,20.0,80.0,80.0,0.895,0.898,2.0,regular-season,2026-10-19T23:00Z,7:00 PM ET
2026-10-19,San Jose Sharks,Toronto Maple Leafs,Scheduled,,San Jose Sharks,0.5315,0.4685,401892537,0,0,3-1-0,2-2-0,75.0,50.0,3.0,2.75,3.5,2.75,20.0,20.0,80.0,80.0,0.862,0.895,2.0,regular-season,2026-10-19T23:30Z,7:30 PM ET
2026-10-19,Pittsburgh Penguins,Utah Mammoth,Scheduled,,Utah Mammoth,0.3659,0.6341,401892538,0,0,2-2-0,3-2-0,50.0,60.0,4.5,3.6,3.25,2.8,20.0,20.0,80.0,80.0,0.876,0.92,2.0,regular-season,2026-10-20T01:00Z,9:00 PM ET
2026-10-20,San Jose Sharks,Montreal Canadiens,Scheduled,,San Jose Sharks,0.5371,0.4629,401892539,0,0,3-1-0,1-2-1,75.0,37.5,3.0,3.5,3.5,4.75,20.0,20.0,80.0,80.0,0.862,0.857,2.0,regular-season,2026-10-20T23:00Z,7:00 PM ET
2026-10-20,Colorado Avalanche,New Jersey Devils,Scheduled,,Colorado Avalanche,0.7811,0.2189,401892540,0,0,3-1-0,1-2-0,75.0,33.3,5.75,2.0,2.75,4.33,20.0,20.0,80.0,80.0,0.895,0.852,2.0,regular-season,2026-10-20T23:00Z,7:00 PM ET
2026-10-20,Anaheim Ducks,New York Islanders,Scheduled,,New York Islanders,0.4587,0.5413,401892541,0,0,2-1-0,2-2-0,66.7,50.0,3.0,3.25,3.33,2.0,20.0,20.0,80.0,80.0,0.875,0.941,2.0,regular-season,2026-10-20T23:00Z,7:00 PM ET
2026-10-20,Los Angeles Kings,Washington Capitals,Scheduled,,Washington Capitals,0.143,0.857,401892542,0,0,0-2-1,2-1-0,16.7,66.7,3.0,3.67,5.0,2.67,20.0,20.0,80.0,80.0,0.817,0.924,2.0,regular-season,2026-10-20T23:00Z,7:00 PM ET
2026-10-20,Toronto Maple Leafs,Columbus Blue Jackets,Scheduled,,Columbus Blue Jackets,0.3163,0.6837,401892543,0,0,2-2-0,1-1-0,50.0,50.0,2.75,3.5,2.75,3.5,20.0,20.0,80.0,80.0,0.895,0.877,2.0,regular-season,2026-10-20T23:00Z,7:00 PM ET
2026-10-20,Winnipeg Jets,St. Louis Blues,Scheduled,,Winnipeg Jets,0.6835,0.3165,401892544,0,0,3-0-1,1-2-1,87.5,37.5,3.0,2.25,2.5,3.25,20.0,20.0,80.0,80.0,0.924,0.9,2.0,regular-season,2026-10-21T00:00Z,8:00 PM ET
2026-10-20,Boston Bruins,Dallas Stars,Scheduled,,Dallas Stars,0.4605,0.5395,401892545,0,0,3-2-0,2-2-0,60.0,50.0,3.0,2.5,2.4,1.5,20.0,20.0,80.0,80.0,0.909,0.934,2.0,regular-season,2026-10-21T00:00Z,8:00 PM ET
2026-10-20,Minnesota Wild,Edmonton Oilers,Scheduled,,Edmonton Oilers,0.1299,0.8701,401892546,0,0,2-1-1,3-0-1,62.5,87.5,2.75,5.5,2.0,4.0,20.0,20.0,80.0,80.0,0.933,0.833,2.0,regular-season,2026-10-21T01:00Z,9:00 PM ET
2026-10-20,Detroit Red Wings,Seattle Kraken,Scheduled,,Seattle Kraken,0.2146,0.7854,401892547,0,0,1-2-0,2-2-0,33.3,50.0,2.33,3.75,2.67,2.75,20.0,20.0,80.0,80.0,0.903,0.91,2.0,regular-season,2026-10-21T01:40Z,9:40 PM ET
2026-10-20,Carolina Hurricanes,Vancouver Canucks,Scheduled,,Vancouver Canucks,0.4767,0.5233,401892548,0,0,3-1-1,2-3-0,70.0,40.0,3.6,4.2,2.8,5.0,20.0,20.0,80.0,80.0,0.859,0.85,2.0,regular-season,2026-10-21T02:00Z,10:00 PM ET
2026-10-20,Tampa Bay Lightning,Vegas Golden Knights,Scheduled,,Vegas Golden Knights,0.2824,0.7176,401892549,0,0,3-1-0,3-1-0,75.0,75.0,2.75,4.25,2.25,2.5,20.0,20.0,80.0,80.0,0.898,0.892,2.0,regular-season,2026-10-21T02:30Z,10:30 PM ET
2026-10-21,Philadelphia Flyers,Buffalo Sabres,Scheduled,,Buffalo Sabres,0.1715,0.8285,401892550,0,0,0-3-2,2-2-0,20.0,50.0,1.2,2.5,3.8,3.75,20.0,20.0,80.0,80.0,0.898,0.825,2.0,regular-season,2026-10-21T23:30Z,7:30 PM ET
2026-10-21,Florida Panthers,Ottawa Senators,Scheduled,,Ottawa Senators,0.3078,0.6922,401892551,0,0,2-0-2,3-1-0,75.0,75.0,2.0,3.0,2.0,2.25,20.0,20.0,80.0,80.0,0.908,0.916,2.0,regular-season,2026-10-21T23:30Z,7:30 PM ET
2026-10-22,Nashville Predators,Boston Bruins,Scheduled,,Boston Bruins,0.3821,0.6179,401892552,0,0,2-1-1,3-2-0,62.5,60.0,3.0,3.0,2.75,2.4,20.0,20.0,80.0,80.0,0.907,0.909,2.0,regular-season,2026-10-22T23:00Z,7:00 PM ET
2026-10-22,New York Rangers,Toronto Maple Leafs,Scheduled,,New York Rangers,0.5521,0.4479,401892553,0,0,4-1-0,2-2-0,80.0,50.0,3.2,2.75,1.6,2.75,20.0,20.0,80.0,80.0,0.94,0.895,2.0,regular-season,2026-10-22T23:00Z,7:00 PM ET
2026-10-22,San Jose Sharks,Ottawa Senators,Scheduled,,Ottawa Senators,0.3775,0.6225,401892554,0,0,3-1-0,3-1-0,75.0,75.0,3.0,3.0,3.5,2.25,20.0,20.0,80.0,80.0,0.862,0.916,2.0,regular-season,2026-10-22T23:00Z,7:00 PM ET
2026-10-22,Anaheim Ducks,New Jersey Devils,Scheduled,,Anaheim Ducks,0.6059,0.3941,401892555,0,0,2-1-0,1-2-0,66.7,33.3,3.0,2.0,3.33,4.33,20.0,20.0,80.0,80.0,0.875,0.852,2.0,regular-season,2026-10-22T23:00Z,7:00 PM ET
2026-10-22,Florida Panthers,Pittsburgh Penguins,Scheduled,,Pittsburgh Penguins,0.3467,0.6533,401892556,0,0,2-0-2,2-2-0,75.0,50.0,2.0,4.5,2.0,3.25,20.0,20.0,80.0,80.0,0.908,0.876,2.0,regular-season,2026-10-22T23:00Z,7:00 PM ET
2026-10-22,Los Angeles Kings,New York Islanders,Scheduled,,New York Islanders,0.2198,0.7802,401892557,0,0,0-2-1,2-2-0,16.7,50.0,3.0,3.25,5.0,2.0,20.0,20.0,80.0,80.0,0.817,0.941,2.0,regular-season,2026-10-22T23:30Z,7:30 PM ET
2026-10-22,Vegas Golden Knights,St. Louis Blues,Scheduled,,Vegas Golden Knights,0.6861,0.3139,401892558,0,0,3-1-0,1-2-1,75.0,37.5,4.25,2.25,2.5,3.25,20.0,20.0,80.0,80.0,0.892,0.9,2.0,regular-season,2026-10-23T00:00Z,8:00 PM ET
2026-10-22,Winnipeg Jets,Dallas Stars,Scheduled,,Winnipeg Jets,0.6205,0.3795,401892559,0,0,3-0-1,2-2-0,87.5,50.0,3.0,2.5,2.5,1.5,20.0,20.0,80.0,80.0,0.924,0.934,2.0,regular-season,2026-10-23T00:00Z,8:00 PM ET
2026-10-22,Minnesota Wild,Calgary Flames,Scheduled,,Minnesota Wild,0.7416,0.2584,401892560,0,0,2-1-1,0-4-0,62.5,0.0,2.75,1.5,2.0,5.75,20.0,20.0,80.0,80.0,0.933,0.821,2.0,regular-season,2026-10-23T01:00Z,9:00 PM ET
2026-10-22,Carolina Hurricanes,Edmonton Oilers,Scheduled,,Edmonton Oilers,0.185,0.815,401892561,0,0,3-1-1,3-0-1,70.0,87.5,3.6,5.5,2.8,4.0,20.0,20.0,80.0,80.0,0.859,0.833,2.0,regular-season,2026-10-23T01:00Z,9:00 PM ET
2026-10-22,Utah Mammoth,Seattle Kraken,Scheduled,,Seattle Kraken,0.4123,0.5877,401892562,0,0,3-2-0,2-2-0,60.0,50.0,3.6,3.75,2.8,2.75,20.0,20.0,80.0,80.0,0.92,0.91,2.0,regular-season,2026-10-23T02:00Z,10:00 PM ET
2026-10-22,Detroit Red Wings,Vancouver Canucks,Scheduled,,Vancouver Canucks,0.219,0.781,401892563,0,0,1-2-0,2-3-0,33.3,40.0,2.33,4.2,2.67,5.0,20.0,20.0,80.0,80.0,0.903,0.85,2.0,regular-season,2026-10-23T02:00Z,10:00 PM ET
2026-10-23,Montreal Canadiens,Chicago Blackhawks,Scheduled,,Montreal Canadiens,0.5614,0.4386,401892564,0,0,1-2-1,1-4-0,37.5,20.0,3.5,2.0,4.75,4.2,20.0,20.0,80.0,80.0,0.857,0.871,2.0,regular-season,2026-10-24T00:00Z,8:00 PM ET
2026-10-23,Tampa Bay Lightning,Colorado Avalanche,Scheduled,,Colorado Avalanche,0.2125,0.7875,401892565,0,0,3-1-0,3-1-0,75.0,75.0,2.75,5.75,2.25,2.75,20.0,20.0,80.0,80.0,0.898,0.895,2.0,regular-season,2026-10-24T01:00Z,9:00 PM ET
