game_id,game_date,away_team,home_team,away_score,home_score,winner,first_seen
401816141,2026-07-17,Chicago White Sox,Toronto Blue Jays,12,4,Chicago White Sox,2026-09-15
401816142,2026-07-17,Los Angeles Dodgers,New York Yankees,2,1,Los Angeles Dodgers,2026-09-15
401816146,2026-07-17,Texas Rangers,Atlanta Braves,1,15,Atlanta Braves,2026-09-15
401816147,2026-07-17,Baltimore Orioles,Houston Astros,3,2,Baltimore Orioles,2026-09-15
401816148,2026-07-17,Miami Marlins,Milwaukee Brewers,1,2,Milwaukee Brewers,2026-09-15
401816149,2026-07-17,Minnesota Twins,Chicago Cubs,5,2,Minnesota Twins,2026-09-15
401816150,2026-07-17,San Diego Padres,Kansas City Royals,6,7,Kansas City Royals,2026-09-15
401816151,2026-07-17,Cincinnati Reds,Colorado Rockies,7,2,Cincinnati Reds,2026-09-15
401816152,2026-07-17,Detroit Tigers,Los Angeles Angels,2,1,Detroit Tigers,2026-09-15
401816153,2026-07-17,San Francisco Giants,Seattle Mariners,7,0,San Francisco Giants,2026-09-15
401816154,2026-07-17,St. Louis Cardinals,Arizona Diamondbacks,5,4,St. Louis Cardinals,2026-09-15
401816155,2026-07-17,Washington Nationals,Athletics,23,4,Washington Nationals,2026-09-15
401872178,2026-07-17,Tampa Bay Rays,Boston Red Sox,0,10,Boston Red Sox,2026-09-15
401816156,2026-07-18,Chicago White Sox,Toronto Blue Jays,0,1,Toronto Blue Jays,2026-09-15
401816158,2026-07-18,New York Mets,Philadelphia Phillies,1,6,Philadelphia Phillies,2026-09-15
401816160,2026-07-18,Tampa Bay Rays,Boston Red Sox,6,7,Boston Red Sox,2026-09-15
401816161,2026-07-18,Texas Rangers,Atlanta Braves,7,6,Texas Rangers,2026-09-15
401816162,2026-07-18,Baltimore Orioles,Houston Astros,4,2,Baltimore Orioles,2026-09-15
401816163,2026-07-18,Miami Marlins,Milwaukee Brewers,6,8,Milwaukee Brewers,2026-09-15
401816164,2026-07-18,Minnesota Twins,Chicago Cubs,2,6,Chicago Cubs,2026-09-15
401816165,2026-07-18,San Diego Padres,Kansas City Royals,1,6,Kansas City Royals,2026-09-15
401816166,2026-07-18,Cincinnati Reds,Colorado Rockies,3,10,Colorado Rockies,2026-09-15
401816167,2026-07-18,Detroit Tigers,Los Angeles Angels,7,0,Detroit Tigers,2026-09-15
401816168,2026-07-18,San Francisco Giants,Seattle Mariners,3,4,Seattle Mariners,2026-09-15
401816169,2026-07-18,St. Louis Cardinals,Arizona Diamondbacks,3,5,Arizona Diamondbacks,2026-09-15
401816170,2026-07-18,Washington Nationals,Athletics,1,15,Athletics,2026-09-15
401896568,2026-07-18,Pittsburgh Pirates,Cleveland Guardians,7,1,Pittsburgh Pirates,2026-09-15
401816171,2026-07-19,Chicago White Sox,Toronto Blue Jays,3,0,Chicago White Sox,2026-09-15
401816173,2026-07-19,New York Mets,Philadelphia Phillies,6,1,New York Mets,2026-09-15
401816174,2026-07-19,Pittsburgh Pirates,Cleveland Guardians,7,1,Pittsburgh Pirates,2026-09-15
401816175,2026-07-19,Tampa Bay Rays,Boston Red Sox,1,6,Boston Red Sox,2026-09-15
401816176,2026-07-19,Texas Rangers,Atlanta Braves,5,8,Atlanta Braves,2026-09-15
401816177,2026-07-19,Baltimore Orioles,Houston Astros,5,2,Baltimore Orioles,2026-09-15
401816178,2026-07-19,Miami Marlins,Milwaukee Brewers,1,3,Milwaukee Brewers,2026-09-15
401816179,2026-07-19,Minnesota Twins,Chicago Cubs,1,10,Chicago Cubs,2026-09-15
401816180,2026-07-19,San Diego Padres,Kansas City Royals,19,2,San Diego Padres,2026-09-15
401816181,2026-07-19,Cincinnati Reds,Colorado Rockies,9,6,Cincinnati Reds,2026-09-15
401816182,2026-07-19,Detroit Tigers,Los Angeles Angels,2,3,Los Angeles Angels,2026-09-15
401816183,2026-07-19,San Francisco Giants,Seattle Mariners,3,6,Seattle Mariners,2026-09-15
401816184,2026-07-19,St. Louis Cardinals,Arizona Diamondbacks,7,8,Arizona Diamondbacks,2026-09-15
401816185,2026-07-19,Washington Nationals,Athletics,5,2,Washington Nationals,2026-09-15
401897386,2026-07-19,Los Angeles Dodgers,New York Yankees,8,2,Los Angeles Dodgers,2026-09-15
401816186,2026-07-20,Baltimore Orioles,Boston Red Sox,5,6,Boston Red Sox,2026-09-15
401816187,2026-07-20,Los Angeles Dodgers,Philadelphia Phillies,7,10,Philadelphia Phillies,2026-09-15
401816188,2026-07-20,Minnesota Twins,Cleveland Guardians,4,13,Cleveland Guardians,2026-09-15
401816189,2026-07-20,Pittsburgh Pirates,New York Yankees,5,8,New York Yankees,2026-09-15
401816190,2026-07-20,San Diego Padres,Atlanta Braves,2,3,Atlanta Braves,2026-09-15
401816191,2026-07-20,Tampa Bay Rays,Toronto Blue Jays,7,1,Tampa Bay Rays,2026-09-15
401816192,2026-07-20,Chicago White Sox,Texas Rangers,10,3,Chicago White Sox,2026-09-15
401816193,2026-07-20,Detroit Tigers,Chicago Cubs,8,6,Detroit Tigers,2026-09-15
401816194,2026-07-20,Miami Marlins,Houston Astros,5,8,Houston Astros,2026-09-15
401816195,2026-07-20,New York Mets,Milwaukee Brewers,3,8,Milwaukee Brewers,2026-09-15
401816196,2026-07-20,San Francisco Giants,Kansas City Royals,3,4,Kansas City Royals,2026-09-15
401816197,2026-07-20,Washington Nationals,Colorado Rockies,7,3,Washington Nationals,2026-09-15
401816198,2026-07-20,Athletics,Arizona Diamondbacks,5,2,Athletics,2026-09-15
401816199,2026-07-20,Cincinnati Reds,Seattle Mariners,0,8,Seattle Mariners,2026-09-15
401816200,2026-07-20,St. Louis Cardinals,Los Angeles Angels,2,3,Los Angeles Angels,2026-09-15
401816202,2026-07-21,Los Angeles Dodgers,Philadelphia Phillies,2,1,Los Angeles Dodgers,2026-09-15
401816203,2026-07-21,Minnesota Twins,Cleveland Guardians,2,5,Cleveland Guardians,2026-09-15
401816205,2026-07-21,San Diego Padres,Atlanta Braves,8,3,San Diego Padres,2026-09-15
401816206,2026-07-21,Tampa Bay Rays,Toronto Blue Jays,12,2,Tampa Bay Rays,2026-09-15
401816207,2026-07-21,Chicago White Sox,Texas Rangers,0,10,Texas Rangers,2026-09-15
401816208,2026-07-21,Detroit Tigers,Chicago Cubs,2,11,Chicago Cubs,2026-09-15
401816209,2026-07-21,Miami Marlins,Houston Astros,3,5,Houston Astros,2026-09-15
401816210,2026-07-21,New York Mets,Milwaukee Brewers,4,0,New York Mets,2026-09-15
401816211,2026-07-21,San Francisco Giants,Kansas City Royals,2,3,Kansas City Royals,2026-09-15
401816212,2026-07-21,Washington Nationals,Colorado Rockies,7,8,Colorado Rockies,2026-09-15
401816213,2026-07-21,Athletics,Arizona Diamondbacks,5,6,Arizona Diamondbacks,2026-09-15
401816214,2026-07-21,Cincinnati Reds,Seattle Mariners,4,2,Cincinnati Reds,2026-09-15
401816215,2026-07-21,St. Louis Cardinals,Los Angeles Angels,1,5,Los Angeles Angels,2026-09-15
401816217,2026-07-22,Los Angeles Dodgers,Philadelphia Phillies,9,5,Los Angeles Dodgers,2026-09-15
401816218,2026-07-22,Minnesota Twins,Cleveland Guardians,10,6,Minnesota Twins,2026-09-15
401816219,2026-07-22,Pittsburgh Pirates,New York Yankees,5,3,Pittsburgh Pirates,2026-09-15
401816220,2026-07-22,San Diego Padres,Atlanta Braves,6,7,Atlanta Braves,2026-09-15
401816221,2026-07-22,Tampa Bay Rays,Toronto Blue Jays,4,2,Tampa Bay Rays,2026-09-15
401816222,2026-07-22,Chicago White Sox,Texas Rangers,4,2,Chicago White Sox,2026-09-15
401816223,2026-07-22,Detroit Tigers,Chicago Cubs,5,1,Detroit Tigers,2026-09-15
401816224,2026-07-22,Miami Marlins,Houston Astros,2,5,Houston Astros,2026-09-15
401816225,2026-07-22,New York Mets,Milwaukee Brewers,3,4,Milwaukee Brewers,2026-09-15
401816226,2026-07-22,San Francisco Giants,Kansas City Royals,4,5,Kansas City Royals,2026-09-15
401816227,2026-07-22,Washington Nationals,Colorado Rockies,8,0,Washington Nationals,2026-09-15
401816228,2026-07-22,Athletics,Arizona Diamondbacks,5,15,Arizona Diamondbacks,2026-09-15
401816229,2026-07-22,Cincinnati Reds,Seattle Mariners,5,3,Cincinnati Reds,2026-09-15
401816230,2026-07-22,St. Louis Cardinals,Los Angeles Angels,1,0,St. Louis Cardinals,2026-09-15
401898715,2026-07-22,Baltimore Orioles,Boston Red Sox,3,6,Boston Red Sox,2026-09-15
401816231,2026-07-23,Kansas City Royals,Detroit Tigers,3,4,Detroit Tigers,2026-09-15
401816232,2026-07-23,Minnesota Twins,Cleveland Guardians,3,1,Minnesota Twins,2026-09-15
401816233,2026-07-23,San Diego Padres,Atlanta Braves,5,6,Atlanta Braves,2026-09-15
401816234,2026-07-23,Tampa Bay Rays,Toronto Blue Jays,1,3,Toronto Blue Jays,2026-09-15
401881162,2026-07-23,Arizona Diamondbacks,St. Louis Cardinals,10,6,Arizona Diamondbacks,2026-09-15
401816235,2026-07-24,Arizona Diamondbacks,Washington Nationals,3,2,Arizona Diamondbacks,2026-09-15
401816236,2026-07-24,Atlanta Braves,Baltimore Orioles,7,6,Atlanta Braves,2026-09-15
401816237,2026-07-24,Chicago Cubs,Pittsburgh Pirates,3,2,Chicago Cubs,2026-09-15
401816238,2026-07-24,Cleveland Guardians,Tampa Bay Rays,3,11,Tampa Bay Rays,2026-09-15
401816239,2026-07-24,Kansas City Royals,Detroit Tigers,1,2,Detroit Tigers,2026-09-15
401816240,2026-07-24,Los Angeles Dodgers,New York Mets,4,2,Los Angeles Dodgers,2026-09-15
401816241,2026-07-24,New York Yankees,Philadelphia Phillies,1,0,New York Yankees,2026-09-15
401816242,2026-07-24,San Diego Padres,Miami Marlins,4,2,San Diego Padres,2026-09-15
401816243,2026-07-24,Toronto Blue Jays,Boston Red Sox,4,6,Boston Red Sox,2026-09-15
401816244,2026-07-24,Athletics,Minnesota Twins,2,0,Athletics,2026-09-15
401816245,2026-07-24,Cincinnati Reds,St. Louis Cardinals,4,2,Cincinnati Reds,2026-09-15
401816246,2026-07-24,Colorado Rockies,Milwaukee Brewers,5,2,Colorado Rockies,2026-09-15
401816247,2026-07-24,Houston Astros,Chicago White Sox,9,5,Houston Astros,2026-09-15
401816248,2026-07-24,Seattle Mariners,Texas Rangers,4,5,Texas Rangers,2026-09-15
401816249,2026-07-24,Los Angeles Angels,San Francisco Giants,6,7,San Francisco Giants,2026-09-15
401816250,2026-07-25,Arizona Diamondbacks,Washington Nationals,3,5,Washington Nationals,2026-09-15
401816251,2026-07-25,Atlanta Braves,Baltimore Orioles,2,3,Baltimore Orioles,2026-09-15
401816252,2026-07-25,Chicago Cubs,Pittsburgh Pirates,11,0,Chicago Cubs,2026-09-15
401816253,2026-07-25,Cleveland Guardians,Tampa Bay Rays,0,3,Tampa Bay Rays,2026-09-15
401816254,2026-07-25,Kansas City Royals,Detroit Tigers,3,2,Kansas City Royals,2026-09-15
401816255,2026-07-25,Los Angeles Dodgers,New York Mets,4,3,Los Angeles Dodgers,2026-09-15
401816256,2026-07-25,New York Yankees,Philadelphia Phillies,3,1,New York Yankees,2026-09-15
401816257,2026-07-25,San Diego Padres,Miami Marlins,7,2,San Diego Padres,2026-09-15
401816258,2026-07-25,Toronto Blue Jays,Boston Red Sox,6,0,Toronto Blue Jays,2026-09-15
401816259,2026-07-25,Athletics,Minnesota Twins,0,2,Minnesota Twins,2026-09-15
401816260,2026-07-25,Cincinnati Reds,St. Louis Cardinals,0,7,St. Louis Cardinals,2026-09-15
401816261,2026-07-25,Colorado Rockies,Milwaukee Brewers,5,8,Milwaukee Brewers,2026-09-15
401816262,2026-07-25,Houston Astros,Chicago White Sox,4,1,Houston Astros,2026-09-15
401816263,2026-07-25,Seattle Mariners,Texas Rangers,1,7,Texas Rangers,2026-09-15
401816264,2026-07-25,Los Angeles Angels,San Francisco Giants,2,9,San Francisco Giants,2026-09-15
401816265,2026-07-26,Arizona Diamondbacks,Washington Nationals,7,10,Washington Nationals,2026-09-15
401816266,2026-07-26,Atlanta Braves,Baltimore Orioles,3,2,Atlanta Braves,2026-09-15
401816267,2026-07-26,Chicago Cubs,Pittsburgh Pirates,7,8,Pittsburgh Pirates,2026-09-15
401816268,2026-07-26,Cleveland Guardians,Tampa Bay Rays,0,1,Tampa Bay Rays,2026-09-15
401816269,2026-07-26,Kansas City Royals,Detroit Tigers,5,4,Kansas City Royals,2026-09-15
401816270,2026-07-26,Los Angeles Dodgers,New York Mets,3,8,New York Mets,2026-09-15
401816271,2026-07-26,New York Yankees,Philadelphia Phillies,4,11,Philadelphia Phillies,2026-09-15
401816272,2026-07-26,San Diego Padres,Miami Marlins,5,3,San Diego Padres,2026-09-15
401816273,2026-07-26,Toronto Blue Jays,Boston Red Sox,1,6,Boston Red Sox,2026-09-15
401816274,2026-07-26,Athletics,Minnesota Twins,8,11,Minnesota Twins,2026-09-15
401816275,2026-07-26,Cincinnati Reds,St. Louis Cardinals,5,3,Cincinnati Reds,2026-09-15
401816276,2026-07-26,Colorado Rockies,Milwaukee Brewers,2,11,Milwaukee Brewers,2026-09-15
401816277,2026-07-26,Houston Astros,Chicago White Sox,3,12,Chicago White Sox,2026-09-15
401816278,2026-07-26,Seattle Mariners,Texas Rangers,6,4,Seattle Mariners,2026-09-15
401816279,2026-07-26,Los Angeles Angels,San Francisco Giants,4,3,Los Angeles Angels,2026-09-15
401816280,2026-07-27,Arizona Diamondbacks,Pittsburgh Pirates,2,3,Pittsburgh Pirates,2026-09-15
401816281,2026-07-27,Atlanta Braves,New York Mets,3,14,New York Mets,2026-09-15
401816282,2026-07-27,Baltimore Orioles,Detroit Tigers,8,5,Baltimore Orioles,2026-09-15
401816284,2026-07-27,Philadelphia Phillies,Miami Marlins,7,8,Miami Marlins,2026-09-15
401816285,2026-07-27,Toronto Blue Jays,Washington Nationals,3,2,Toronto Blue Jays,2026-09-15
401816286,2026-07-27,Chicago Cubs,St. Louis Cardinals,7,3,Chicago Cubs,2026-09-15
401816287,2026-07-27,New York Yankees,Chicago White Sox,9,5,New York Yankees,2026-09-15
401816288,2026-07-27,Seattle Mariners,Texas Rangers,3,7,Texas Rangers,2026-09-15
401816289,2026-07-27,Boston Red Sox,Athletics,4,2,Boston Red Sox,2026-09-15
401816290,2026-07-27,Houston Astros,Los Angeles Angels,6,4,Houston Astros,2026-09-15
401816291,2026-07-27,Milwaukee Brewers,San Francisco Giants,0,3,San Francisco Giants,2026-09-15
401816292,2026-07-28,Arizona Diamondbacks,Pittsburgh Pirates,8,7,Arizona Diamondbacks,2026-09-15
401816294,2026-07-28,Baltimore Orioles,Detroit Tigers,0,14,Detroit Tigers,2026-09-15
401816296,2026-07-28,Philadelphia Phillies,Miami Marlins,0,1,Miami Marlins,2026-09-15
401816297,2026-07-28,Texas Rangers,Tampa Bay Rays,4,1,Texas Rangers,2026-09-15
401816298,2026-07-28,Toronto Blue Jays,Washington Nationals,6,8,Washington Nationals,2026-09-15
401816299,2026-07-28,Chicago Cubs,St. Louis Cardinals,10,2,Chicago Cubs,2026-09-15
401816300,2026-07-28,Kansas City Royals,Minnesota Twins,2,3,Minnesota Twins,2026-09-15
401816301,2026-07-28,New York Yankees,Chicago White Sox,3,2,New York Yankees,2026-09-15
401816302,2026-07-28,Boston Red Sox,Athletics,3,4,Athletics,2026-09-15
401816303,2026-07-28,Colorado Rockies,San Diego Padres,7,8,San Diego Padres,2026-09-15
401816304,2026-07-28,Houston Astros,Los Angeles Angels,3,2,Houston Astros,2026-09-15
401816305,2026-07-28,Milwaukee Brewers,San Francisco Giants,8,2,Milwaukee Brewers,2026-09-15
401816306,2026-07-28,Seattle Mariners,Los Angeles Dodgers,7,6,Seattle Mariners,2026-09-15
401901849,2026-07-28,Cleveland Guardians,Cincinnati Reds,6,5,Cleveland Guardians,2026-09-15
401816307,2026-07-29,Arizona Diamondbacks,Pittsburgh Pirates,3,0,Arizona Diamondbacks,2026-09-15
401816308,2026-07-29,Atlanta Braves,New York Mets,2,3,New York Mets,2026-09-15
401816309,2026-07-29,Baltimore Orioles,Detroit Tigers,10,9,Baltimore Orioles,2026-09-15
401816310,2026-07-29,Cleveland Guardians,Cincinnati Reds,6,1,Cleveland Guardians,2026-09-15
401816311,2026-07-29,Philadelphia Phillies,Miami Marlins,6,8,Miami Marlins,2026-09-15
401816312,2026-07-29,Texas Rangers,Tampa Bay Rays,0,3,Tampa Bay Rays,2026-09-15
401816313,2026-07-29,Toronto Blue Jays,Washington Nationals,5,2,Toronto Blue Jays,2026-09-15
401816314,2026-07-29,Chicago Cubs,St. Louis Cardinals,2,3,St. Louis Cardinals,2026-09-15
401816315,2026-07-29,Kansas City Royals,Minnesota Twins,4,0,Kansas City Royals,2026-09-15
401816316,2026-07-29,New York Yankees,Chicago White Sox,5,6,Chicago White Sox,2026-09-15
401816317,2026-07-29,Boston Red Sox,Athletics,4,2,Boston Red Sox,2026-09-15
401816318,2026-07-29,Colorado Rockies,San Diego Padres,1,3,San Diego Padres,2026-09-15
401816319,2026-07-29,Houston Astros,Los Angeles Angels,7,4,Houston Astros,2026-09-15
401816320,2026-07-29,Milwaukee Brewers,San Francisco Giants,3,16,San Francisco Giants,2026-09-15
401816321,2026-07-29,Seattle Mariners,Los Angeles Dodgers,2,4,Los Angeles Dodgers,2026-09-15
401816322,2026-07-30,Miami Marlins,New York Mets,2,4,New York Mets,2026-09-15
401816323,2026-07-30,Pittsburgh Pirates,Cincinnati Reds,2,3,Cincinnati Reds,2026-09-15
401816324,2026-07-30,Texas Rangers,Tampa Bay Rays,2,3,Tampa Bay Rays,2026-09-15
401816325,2026-07-30,Washington Nationals,Atlanta Braves,4,5,Atlanta Braves,2026-09-15
401816326,2026-07-30,Chicago Cubs,St. Louis Cardinals,4,2,Chicago Cubs,2026-09-15
401816327,2026-07-30,Kansas City Royals,Minnesota Twins,3,4,Minnesota Twins,2026-09-15
401816328,2026-07-30,New York Yankees,Chicago White Sox,1,2,Chicago White Sox,2026-09-15
401816329,2026-07-30,Boston Red Sox,Athletics,5,4,Boston Red Sox,2026-09-15
401816330,2026-07-30,Seattle Mariners,Los Angeles Dodgers,2,6,Los Angeles Dodgers,2026-09-15
401816331,2026-07-30,San Francisco Giants,San Diego Padres,4,1,San Francisco Giants,2026-09-15
401816332,2026-07-31,Arizona Diamondbacks,Cleveland Guardians,4,1,Arizona Diamondbacks,2026-09-15
401816333,2026-07-31,Chicago White Sox,Tampa Bay Rays,6,1,Chicago White Sox,2026-09-15
401816334,2026-07-31,Miami Marlins,New York Mets,5,2,Miami Marlins,2026-09-15
401816335,2026-07-31,Philadelphia Phillies,Baltimore Orioles,4,6,Baltimore Orioles,2026-09-15
401816336,2026-07-31,Pittsburgh Pirates,Cincinnati Reds,7,8,Cincinnati Reds,2026-09-15
401816337,2026-07-31,St. Louis Cardinals,Toronto Blue Jays,1,3,Toronto Blue Jays,2026-09-15
401816338,2026-07-31,Washington Nationals,Atlanta Braves,2,6,Atlanta Braves,2026-09-15
401816339,2026-07-31,New York Yankees,Chicago Cubs,2,0,New York Yankees,2026-09-15
401816340,2026-07-31,Texas Rangers,Houston Astros,2,11,Houston Astros,2026-09-15
401816341,2026-07-31,Kansas City Royals,Colorado Rockies,1,3,Colorado Rockies,2026-09-15
401816342,2026-07-31,Boston Red Sox,Los Angeles Dodgers,9,4,Boston Red Sox,2026-09-15
401816343,2026-07-31,Detroit Tigers,Athletics,13,1,Detroit Tigers,2026-09-15
401816344,2026-07-31,Milwaukee Brewers,Los Angeles Angels,6,2,Milwaukee Brewers,2026-09-15
401816345,2026-07-31,Minnesota Twins,Seattle Mariners,5,3,Minnesota Twins,2026-09-15
401816346,2026-07-31,San Francisco Giants,San Diego Padres,0,7,San Diego Padres,2026-09-15
401816347,2026-08-01,Arizona Diamondbacks,Cleveland Guardians,12,8,Arizona Diamondbacks,2026-09-15
401816348,2026-08-01,Chicago White Sox,Tampa Bay Rays,0,1,Tampa Bay Rays,2026-09-15
401816349,2026-08-01,Miami Marlins,New York Mets,6,2,Miami Marlins,2026-09-15
401816350,2026-08-01,Philadelphia Phillies,Baltimore Orioles,5,0,Philadelphia Phillies,2026-09-15
401816351,2026-08-01,Pittsburgh Pirates,Cincinnati Reds,4,1,Pittsburgh Pirates,2026-09-15
401816352,2026-08-01,St. Louis Cardinals,Toronto Blue Jays,1,5,Toronto Blue Jays,2026-09-15
401816353,2026-08-01,Washington Nationals,Atlanta Braves,3,8,Atlanta Braves,2026-09-15
401816354,2026-08-01,New York Yankees,Chicago Cubs,2,5,Chicago Cubs,2026-09-15
401816355,2026-08-01,Texas Rangers,Houston Astros,4,5,Houston Astros,2026-09-15
401816356,2026-08-01,Kansas City Royals,Colorado Rockies,6,12,Colorado Rockies,2026-09-15
401816357,2026-08-01,Boston Red Sox,Los Angeles Dodgers,3,2,Boston Red Sox,2026-09-15
401816358,2026-08-01,Detroit Tigers,Athletics,8,6,Detroit Tigers,2026-09-15
401816359,2026-08-01,Milwaukee Brewers,Los Angeles Angels,3,1,Milwaukee Brewers,2026-09-15
401816360,2026-08-01,Minnesota Twins,Seattle Mariners,3,4,Seattle Mariners,2026-09-15
401816361,2026-08-01,San Francisco Giants,San Diego Padres,5,6,San Diego Padres,2026-09-15
401816362,2026-08-02,Arizona Diamondbacks,Cleveland Guardians,0,5,Cleveland Guardians,2026-09-15
401816363,2026-08-02,Chicago White Sox,Tampa Bay Rays,9,1,Chicago White Sox,2026-09-15
401816364,2026-08-02,Miami Marlins,New York Mets,2,0,Miami Marlins,2026-09-15
401816365,2026-08-02,Philadelphia Phillies,Baltimore Orioles,8,0,Philadelphia Phillies,2026-09-15
401816366,2026-08-02,Pittsburgh Pirates,Cincinnati Reds,2,10,Cincinnati Reds,2026-09-15
401816367,2026-08-02,St. Louis Cardinals,Toronto Blue Jays,5,1,St. Louis Cardinals,2026-09-15
401816368,2026-08-02,Washington Nationals,Atlanta Braves,2,4,Atlanta Braves,2026-09-15
401816369,2026-08-02,New York Yankees,Chicago Cubs,2,1,New York Yankees,2026-09-15
401816370,2026-08-02,Texas Rangers,Houston Astros,3,7,Houston Astros,2026-09-15
401816371,2026-08-02,Kansas City Royals,Colorado Rockies,1,8,Colorado Rockies,2026-09-15
401816372,2026-08-02,Boston Red Sox,Los Angeles Dodgers,8,4,Boston Red Sox,2026-09-15
401816373,2026-08-02,Detroit Tigers,Athletics,11,0,Detroit Tigers,2026-09-15
401816374,2026-08-02,Milwaukee Brewers,Los Angeles Angels,0,3,Los Angeles Angels,2026-09-15
401816375,2026-08-02,Minnesota Twins,Seattle Mariners,6,7,Seattle Mariners,2026-09-15
401816376,2026-08-02,San Francisco Giants,San Diego Padres,4,5,San Diego Padres,2026-09-15
401815079,2026-08-03,San Diego Padres,Arizona Diamondbacks,1,5,Arizona Diamondbacks,2026-09-15
401816377,2026-08-03,St. Louis Cardinals,New York Yankees,13,7,St. Louis Cardinals,2026-09-15
401816378,2026-08-03,Washington Nationals,Philadelphia Phillies,3,6,Philadelphia Phillies,2026-09-15
401816379,2026-08-03,Los Angeles Dodgers,Chicago Cubs,5,10,Chicago Cubs,2026-09-15
401816380,2026-08-03,Pittsburgh Pirates,Milwaukee Brewers,4,3,Pittsburgh Pirates,2026-09-15
401816381,2026-08-03,San Francisco Giants,Texas Rangers,5,1,San Francisco Giants,2026-09-15
401816382,2026-08-03,Toronto Blue Jays,Houston Astros,3,1,Toronto Blue Jays,2026-09-15
401816383,2026-08-03,Tampa Bay Rays,Colorado Rockies,13,9,Tampa Bay Rays,2026-09-15
401816384,2026-08-04,Los Angeles Angels,Baltimore Orioles,1,3,Baltimore Orioles,2026-09-15
401816385,2026-08-04,Athletics,Cincinnati Reds,4,5,Cincinnati Reds,2026-09-15
401816386,2026-08-04,Chicago White Sox,Boston Red Sox,2,14,Boston Red Sox,2026-09-15
401816387,2026-08-04,Miami Marlins,Atlanta Braves,2,4,Atlanta Braves,2026-09-15
401816388,2026-08-04,New York Mets,Cleveland Guardians,6,2,New York Mets,2026-09-15
401816389,2026-08-04,St. Louis Cardinals,New York Yankees,0,2,New York Yankees,2026-09-15
401816390,2026-08-04,Washington Nationals,Philadelphia Phillies,0,5,Philadelphia Phillies,2026-09-15
401816391,2026-08-04,Los Angeles Dodgers,Chicago Cubs,1,5,Chicago Cubs,2026-09-15
401816392,2026-08-04,Minnesota Twins,Kansas City Royals,2,8,Kansas City Royals,2026-09-15
401816393,2026-08-04,Pittsburgh Pirates,Milwaukee Brewers,2,4,Milwaukee Brewers,2026-09-15
401816394,2026-08-04,San Francisco Giants,Texas Rangers,4,5,Texas Rangers,2026-09-15
401816395,2026-08-04,Toronto Blue Jays,Houston Astros,2,7,Houston Astros,2026-09-15
401816396,2026-08-04,Tampa Bay Rays,Colorado Rockies,9,7,Tampa Bay Rays,2026-09-15
401816397,2026-08-04,Detroit Tigers,Seattle Mariners,8,0,Detroit Tigers,2026-09-15
401816398,2026-08-04,San Diego Padres,Arizona Diamondbacks,9,4,San Diego Padres,2026-09-15
401816399,2026-08-05,Los Angeles Angels,Baltimore Orioles,2,5,Baltimore Orioles,2026-09-15
401816400,2026-08-05,Athletics,Cincinnati Reds,2,3,Cincinnati Reds,2026-09-15
401816401,2026-08-05,Chicago White Sox,Boston Red Sox,0,4,Boston Red Sox,2026-09-15
401816402,2026-08-05,Miami Marlins,Atlanta Braves,1,4,Atlanta Braves,2026-09-15
401816403,2026-08-05,New York Mets,Cleveland Guardians,6,5,New York Mets,2026-09-15
401816404,2026-08-05,St. Louis Cardinals,New York Yankees,3,1,St. Louis Cardinals,2026-09-15
401816405,2026-08-05,Washington Nationals,Philadelphia Phillies,10,4,Washington Nationals,2026-09-15
401816406,2026-08-05,Los Angeles Dodgers,Chicago Cubs,6,7,Chicago Cubs,2026-09-15
401816407,2026-08-05,Minnesota Twins,Kansas City Royals,1,2,Kansas City Royals,2026-09-15
401816408,2026-08-05,Pittsburgh Pirates,Milwaukee Brewers,2,4,Milwaukee Brewers,2026-09-15
401816409,2026-08-05,San Francisco Giants,Texas Rangers,0,6,Texas Rangers,2026-09-15
401816410,2026-08-05,Toronto Blue Jays,Houston Astros,5,4,Toronto Blue Jays,2026-09-15
401816411,2026-08-05,Tampa Bay Rays,Colorado Rockies,4,0,Tampa Bay Rays,2026-09-15
401816412,2026-08-05,Detroit Tigers,Seattle Mariners,2,4,Seattle Mariners,2026-09-15
401816413,2026-08-05,San Diego Padres,Arizona Diamondbacks,4,10,Arizona Diamondbacks,2026-09-15
401816414,2026-08-06,Los Angeles Angels,Baltimore Orioles,4,1,Los Angeles Angels,2026-09-15
401816415,2026-08-06,Athletics,Cincinnati Reds,5,6,Cincinnati Reds,2026-09-15
401816416,2026-08-06,Chicago White Sox,Boston Red Sox,11,12,Boston Red Sox,2026-09-15
401816417,2026-08-06,Miami Marlins,Atlanta Braves,3,11,Atlanta Braves,2026-09-15
401816418,2026-08-06,New York Mets,Cleveland Guardians,13,6,New York Mets,2026-09-15
401816419,2026-08-06,Washington Nationals,Philadelphia Phillies,3,7,Philadelphia Phillies,2026-09-15
401816420,2026-08-06,Minnesota Twins,Kansas City Royals,4,3,Minnesota Twins,2026-09-15
401816421,2026-08-06,Pittsburgh Pirates,Milwaukee Brewers,2,5,Milwaukee Brewers,2026-09-15
401816422,2026-08-06,Detroit Tigers,Seattle Mariners,11,0,Detroit Tigers,2026-09-15
401816423,2026-08-06,San Diego Padres,Arizona Diamondbacks,5,1,San Diego Padres,2026-09-15
401879389,2026-08-06,Toronto Blue Jays,Chicago Cubs,2,3,Chicago Cubs,2026-09-15
401816424,2026-08-07,Los Angeles Angels,Miami Marlins,4,3,Los Angeles Angels,2026-09-15
401816425,2026-08-07,Athletics,Boston Red Sox,1,13,Boston Red Sox,2026-09-15
401816426,2026-08-07,Atlanta Braves,New York Yankees,2,3,New York Yankees,2026-09-15
401816427,2026-08-07,Cincinnati Reds,Washington Nationals,3,5,Washington Nationals,2026-09-15
401816428,2026-08-07,New York Mets,Pittsburgh Pirates,6,4,New York Mets,2026-09-15
401816429,2026-08-07,Toronto Blue Jays,Philadelphia Phillies,5,4,Toronto Blue Jays,2026-09-15
401816430,2026-08-07,Baltimore Orioles,Texas Rangers,1,2,Texas Rangers,2026-09-15
401816431,2026-08-07,Chicago Cubs,Kansas City Royals,6,4,Chicago Cubs,2026-09-15
401816432,2026-08-07,Cleveland Guardians,Chicago White Sox,8,2,Cleveland Guardians,2026-09-15
401816433,2026-08-07,Colorado Rockies,St. Louis Cardinals,2,3,St. Louis Cardinals,2026-09-15
401816434,2026-08-07,Minnesota Twins,Milwaukee Brewers,8,6,Minnesota Twins,2026-09-15
401816435,2026-08-07,Detroit Tigers,San Francisco Giants,2,5,San Francisco Giants,2026-09-15
401816436,2026-08-07,Houston Astros,San Diego Padres,6,3,Houston Astros,2026-09-15
401816437,2026-08-07,Los Angeles Dodgers,Arizona Diamondbacks,3,4,Arizona Diamondbacks,2026-09-15
401816438,2026-08-07,Tampa Bay Rays,Seattle Mariners,2,1,Tampa Bay Rays,2026-09-15
401816439,2026-08-08,Los Angeles Angels,Miami Marlins,0,7,Miami Marlins,2026-09-15
401816440,2026-08-08,Athletics,Boston Red Sox,7,3,Athletics,2026-09-15
401816441,2026-08-08,Atlanta Braves,New York Yankees,4,5,New York Yankees,2026-09-15
401816442,2026-08-08,Cincinnati Reds,Washington Nationals,2,8,Washington Nationals,2026-09-15
401816443,2026-08-08,New York Mets,Pittsburgh Pirates,0,9,Pittsburgh Pirates,2026-09-15
401816444,2026-08-08,Toronto Blue Jays,Philadelphia Phillies,7,5,Toronto Blue Jays,2026-09-15
401816445,2026-08-08,Baltimore Orioles,Texas Rangers,1,5,Texas Rangers,2026-09-15
401816446,2026-08-08,Chicago Cubs,Kansas City Royals,3,6,Kansas City Royals,2026-09-15
401816447,2026-08-08,Cleveland Guardians,Chicago White Sox,3,6,Chicago White Sox,2026-09-15
401816448,2026-08-08,Colorado Rockies,St. Louis Cardinals,8,6,Colorado Rockies,2026-09-15
401816449,2026-08-08,Minnesota Twins,Milwaukee Brewers,3,4,Milwaukee Brewers,2026-09-15
401816450,2026-08-08,Detroit Tigers,San Francisco Giants,8,0,Detroit Tigers,2026-09-15
401816451,2026-08-08,Houston Astros,San Diego Padres,2,3,San Diego Padres,2026-09-15
401816452,2026-08-08,Los Angeles Dodgers,Arizona Diamondbacks,2,1,Los Angeles Dodgers,2026-09-15
401816453,2026-08-08,Tampa Bay Rays,Seattle Mariners,3,2,Tampa Bay Rays,2026-09-15
401816454,2026-08-09,Los Angeles Angels,Miami Marlins,3,12,Miami Marlins,2026-09-15
401816455,2026-08-09,Athletics,Boston Red Sox,4,3,Athletics,2026-09-15
401816456,2026-08-09,Atlanta Braves,New York Yankees,2,1,Atlanta Braves,2026-09-15
401816457,2026-08-09,Cincinnati Reds,Washington Nationals,1,7,Washington Nationals,2026-09-15
401816458,2026-08-09,New York Mets,Pittsburgh Pirates,11,1,New York Mets,2026-09-15
401816459,2026-08-09,Toronto Blue Jays,Philadelphia Phillies,6,7,Philadelphia Phillies,2026-09-15
401816460,2026-08-09,Baltimore Orioles,Texas Rangers,10,5,Baltimore Orioles,2026-09-15
401816461,2026-08-09,Chicago Cubs,Kansas City Royals,10,2,Chicago Cubs,2026-09-15
401816462,2026-08-09,Cleveland Guardians,Chicago White Sox,3,5,Chicago White Sox,2026-09-15
401816463,2026-08-09,Colorado Rockies,St. Louis Cardinals,4,7,St. Louis Cardinals,2026-09-15
401816464,2026-08-09,Minnesota Twins,Milwaukee Brewers,3,4,Milwaukee Brewers,2026-09-15
401816465,2026-08-09,Detroit Tigers,San Francisco Giants,3,1,Detroit Tigers,2026-09-15
401816466,2026-08-09,Houston Astros,San Diego Padres,2,7,San Diego Padres,2026-09-15
401816467,2026-08-09,Los Angeles Dodgers,Arizona Diamondbacks,2,4,Arizona Diamondbacks,2026-09-15
401816468,2026-08-09,Tampa Bay Rays,Seattle Mariners,4,1,Tampa Bay Rays,2026-09-15
401816469,2026-08-10,Boston Red Sox,Toronto Blue Jays,1,2,Toronto Blue Jays,2026-09-15
401816470,2026-08-10,New York Mets,Atlanta Braves,8,5,New York Mets,2026-09-15
401816471,2026-08-10,Baltimore Orioles,Minnesota Twins,5,9,Minnesota Twins,2026-09-15
401816472,2026-08-10,Philadelphia Phillies,St. Louis Cardinals,6,5,Philadelphia Phillies,2026-09-15
401816473,2026-08-10,Colorado Rockies,Arizona Diamondbacks,0,9,Arizona Diamondbacks,2026-09-15
401816474,2026-08-10,Houston Astros,San Francisco Giants,6,3,Houston Astros,2026-09-15
401816475,2026-08-10,Kansas City Royals,Los Angeles Dodgers,5,6,Los Angeles Dodgers,2026-09-15
401816476,2026-08-10,Milwaukee Brewers,San Diego Padres,2,3,San Diego Padres,2026-09-15
401816477,2026-08-10,Tampa Bay Rays,Athletics,10,6,Tampa Bay Rays,2026-09-15
401816478,2026-08-10,Texas Rangers,Los Angeles Angels,4,1,Texas Rangers,2026-09-15
401816479,2026-08-11,Boston Red Sox,Toronto Blue Jays,3,5,Toronto Blue Jays,2026-09-15
401816480,2026-08-11,Chicago Cubs,Washington Nationals,8,6,Chicago Cubs,2026-09-15
401816481,2026-08-11,Cleveland Guardians,Detroit Tigers,4,6,Detroit Tigers,2026-09-15
401816482,2026-08-11,New York Mets,Atlanta Braves,0,4,Atlanta Braves,2026-09-15
401816483,2026-08-11,Pittsburgh Pirates,Miami Marlins,0,2,Miami Marlins,2026-09-15
401816484,2026-08-11,Seattle Mariners,New York Yankees,1,4,New York Yankees,2026-09-15
401816485,2026-08-11,Baltimore Orioles,Minnesota Twins,5,2,Baltimore Orioles,2026-09-15
401816486,2026-08-11,Cincinnati Reds,Chicago White Sox,5,4,Cincinnati Reds,2026-09-15
401816487,2026-08-11,Philadelphia Phillies,St. Louis Cardinals,0,2,St. Louis Cardinals,2026-09-15
401816488,2026-08-11,Colorado Rockies,Arizona Diamondbacks,3,2,Colorado Rockies,2026-09-15
401816489,2026-08-11,Houston Astros,San Francisco Giants,1,4,San Francisco Giants,2026-09-15
401816490,2026-08-11,Kansas City Royals,Los Angeles Dodgers,4,5,Los Angeles Dodgers,2026-09-15
401816491,2026-08-11,Milwaukee Brewers,San Diego Padres,2,11,San Diego Padres,2026-09-15
401816492,2026-08-11,Tampa Bay Rays,Athletics,12,4,Tampa Bay Rays,2026-09-15
401816493,2026-08-11,Texas Rangers,Los Angeles Angels,2,3,Los Angeles Angels,2026-09-15
401816494,2026-08-12,Boston Red Sox,Toronto Blue Jays,4,6,Toronto Blue Jays,2026-09-15
401816495,2026-08-12,Chicago Cubs,Washington Nationals,12,6,Chicago Cubs,2026-09-15
401816496,2026-08-12,Cleveland Guardians,Detroit Tigers,6,4,Cleveland Guardians,2026-09-15
401816497,2026-08-12,New York Mets,Atlanta Braves,3,6,Atlanta Braves,2026-09-15
401816498,2026-08-12,Pittsburgh Pirates,Miami Marlins,2,8,Miami Marlins,2026-09-15
401816499,2026-08-12,Seattle Mariners,New York Yankees,5,10,New York Yankees,2026-09-15
401816500,2026-08-12,Baltimore Orioles,Minnesota Twins,5,7,Minnesota Twins,2026-09-15
401816501,2026-08-12,Cincinnati Reds,Chicago White Sox,0,5,Chicago White Sox,2026-09-15
401816502,2026-08-12,Philadelphia Phillies,St. Louis Cardinals,1,7,St. Louis Cardinals,2026-09-15
401816503,2026-08-12,Colorado Rockies,Arizona Diamondbacks,6,4,Colorado Rockies,2026-09-15
401816504,2026-08-12,Houston Astros,San Francisco Giants,2,1,Houston Astros,2026-09-15
401816505,2026-08-12,Kansas City Royals,Los Angeles Dodgers,2,4,Los Angeles Dodgers,2026-09-15
401816506,2026-08-12,Milwaukee Brewers,San Diego Padres,3,4,San Diego Padres,2026-09-15
401816507,2026-08-12,Tampa Bay Rays,Athletics,8,4,Tampa Bay Rays,2026-09-15
401816508,2026-08-12,Texas Rangers,Los Angeles Angels,2,5,Los Angeles Angels,2026-09-15
401816509,2026-08-13,Boston Red Sox,Toronto Blue Jays,7,0,Boston Red Sox,2026-09-15
401816510,2026-08-13,Chicago Cubs,Washington Nationals,0,7,Washington Nationals,2026-09-15
401816511,2026-08-13,Cleveland Guardians,Detroit Tigers,0,3,Detroit Tigers,2026-09-15
401816512,2026-08-13,Pittsburgh Pirates,Miami Marlins,13,1,Pittsburgh Pirates,2026-09-15
401816513,2026-08-13,Seattle Mariners,New York Yankees,1,0,Seattle Mariners,2026-09-15
401816514,2026-08-13,Cincinnati Reds,Chicago White Sox,9,8,Cincinnati Reds,2026-09-15
401816515,2026-08-13,Milwaukee Brewers,Los Angeles Dodgers,5,4,Milwaukee Brewers,2026-09-15
401816516,2026-08-13,Texas Rangers,Los Angeles Angels,0,7,Los Angeles Angels,2026-09-15
401816525,2026-08-13,Philadelphia Phillies,Minnesota Twins,7,1,Philadelphia Phillies,2026-09-15
401816517,2026-08-14,Arizona Diamondbacks,Atlanta Braves,2,0,Arizona Diamondbacks,2026-09-15
401816518,2026-08-14,Baltimore Orioles,Tampa Bay Rays,6,5,Baltimore Orioles,2026-09-15
401816519,2026-08-14,Boston Red Sox,Pittsburgh Pirates,4,8,Pittsburgh Pirates,2026-09-15
401816520,2026-08-14,Chicago White Sox,Detroit Tigers,9,5,Chicago White Sox,2026-09-15
401816521,2026-08-14,Miami Marlins,Cincinnati Reds,0,1,Cincinnati Reds,2026-09-15
401816522,2026-08-14,New York Yankees,Toronto Blue Jays,1,3,Toronto Blue Jays,2026-09-15
401816523,2026-08-14,San Diego Padres,Cleveland Guardians,7,5,San Diego Padres,2026-09-15
401816524,2026-08-14,Washington Nationals,New York Mets,1,4,New York Mets,2026-09-15
401816526,2026-08-14,Seattle Mariners,Houston Astros,7,10,Houston Astros,2026-09-15
401816527,2026-08-14,St. Louis Cardinals,Chicago Cubs,0,3,Chicago Cubs,2026-09-15
401816528,2026-08-14,Colorado Rockies,San Francisco Giants,5,2,Colorado Rockies,2026-09-15
401816529,2026-08-14,Kansas City Royals,Los Angeles Angels,7,6,Kansas City Royals,2026-09-15
401816530,2026-08-14,Milwaukee Brewers,Los Angeles Dodgers,1,3,Los Angeles Dodgers,2026-09-15
401816531,2026-08-14,Texas Rangers,Athletics,3,8,Athletics,2026-09-15
401816532,2026-08-15,Arizona Diamondbacks,Atlanta Braves,10,3,Arizona Diamondbacks,2026-09-15
401816533,2026-08-15,Baltimore Orioles,Tampa Bay Rays,4,3,Baltimore Orioles,2026-09-15
401816534,2026-08-15,Boston Red Sox,Pittsburgh Pirates,4,0,Boston Red Sox,2026-09-15
401816535,2026-08-15,Chicago White Sox,Detroit Tigers,4,3,Chicago White Sox,2026-09-15
401816536,2026-08-15,Miami Marlins,Cincinnati Reds,8,4,Miami Marlins,2026-09-15
401816537,2026-08-15,New York Yankees,Toronto Blue Jays,1,4,Toronto Blue Jays,2026-09-15
401816538,2026-08-15,San Diego Padres,Cleveland Guardians,1,6,Cleveland Guardians,2026-09-15
401816539,2026-08-15,Washington Nationals,New York Mets,4,5,New York Mets,2026-09-15
401816540,2026-08-15,Philadelphia Phillies,Minnesota Twins,9,1,Philadelphia Phillies,2026-09-15
401816541,2026-08-15,Seattle Mariners,Houston Astros,10,5,Seattle Mariners,2026-09-15
401816542,2026-08-15,St. Louis Cardinals,Chicago Cubs,8,4,St. Louis Cardinals,2026-09-15
401816543,2026-08-15,Colorado Rockies,San Francisco Giants,1,7,San Francisco Giants,2026-09-15
401816544,2026-08-15,Kansas City Royals,Los Angeles Angels,0,1,Los Angeles Angels,2026-09-15
401816545,2026-08-15,Milwaukee Brewers,Los Angeles Dodgers,4,1,Milwaukee Brewers,2026-09-15
401816546,2026-08-15,Texas Rangers,Athletics,5,3,Texas Rangers,2026-09-15
401816547,2026-08-16,Arizona Diamondbacks,Atlanta Braves,3,5,Atlanta Braves,2026-09-15
401816548,2026-08-16,Baltimore Orioles,Tampa Bay Rays,10,2,Baltimore Orioles,2026-09-15
401816549,2026-08-16,Boston Red Sox,Pittsburgh Pirates,3,8,Pittsburgh Pirates,2026-09-15
401816550,2026-08-16,Chicago White Sox,Detroit Tigers,7,5,Chicago White Sox,2026-09-15
401816551,2026-08-16,Miami Marlins,Cincinnati Reds,7,1,Miami Marlins,2026-09-15
401816552,2026-08-16,New York Yankees,Toronto Blue Jays,4,3,New York Yankees,2026-09-15
401816553,2026-08-16,San Diego Padres,Cleveland Guardians,5,0,San Diego Padres,2026-09-15
401816554,2026-08-16,Washington Nationals,New York Mets,3,4,New York Mets,2026-09-15
401816555,2026-08-16,Philadelphia Phillies,Minnesota Twins,7,5,Philadelphia Phillies,2026-09-15
401816556,2026-08-16,Seattle Mariners,Houston Astros,3,2,Seattle Mariners,2026-09-15
401816557,2026-08-16,St. Louis Cardinals,Chicago Cubs,11,4,St. Louis Cardinals,2026-09-15
401816558,2026-08-16,Colorado Rockies,San Francisco Giants,13,7,Colorado Rockies,2026-09-15
401816559,2026-08-16,Kansas City Royals,Los Angeles Angels,3,0,Kansas City Royals,2026-09-15
401816560,2026-08-16,Milwaukee Brewers,Los Angeles Dodgers,6,2,Milwaukee Brewers,2026-09-15
401816561,2026-08-16,Texas Rangers,Athletics,2,5,Athletics,2026-09-15
401816562,2026-08-17,Arizona Diamondbacks,Boston Red Sox,1,11,Boston Red Sox,2026-09-15
401816563,2026-08-17,Baltimore Orioles,Tampa Bay Rays,6,7,Tampa Bay Rays,2026-09-15
401816564,2026-08-17,Detroit Tigers,Pittsburgh Pirates,8,5,Detroit Tigers,2026-09-15
401816565,2026-08-17,Miami Marlins,Philadelphia Phillies,5,6,Philadelphia Phillies,2026-09-15
401816566,2026-08-17,San Diego Padres,New York Mets,1,2,New York Mets,2026-09-15
401816568,2026-08-17,Athletics,Kansas City Royals,5,9,Kansas City Royals,2026-09-15
401816569,2026-08-17,Chicago White Sox,Chicago Cubs,5,7,Chicago Cubs,2026-09-15
401816570,2026-08-17,Los Angeles Dodgers,Colorado Rockies,11,5,Los Angeles Dodgers,2026-09-15
401816581,2026-08-17,Atlanta Braves,Minnesota Twins,2,4,Minnesota Twins,2026-09-15
401873710,2026-08-17,St. Louis Cardinals,Cincinnati Reds,2,1,St. Louis Cardinals,2026-09-15
401816571,2026-08-18,Arizona Diamondbacks,Boston Red Sox,4,9,Boston Red Sox,2026-09-15
401816572,2026-08-18,Detroit Tigers,Pittsburgh Pirates,1,4,Pittsburgh Pirates,2026-09-15
401816573,2026-08-18,Miami Marlins,Philadelphia Phillies,4,6,Philadelphia Phillies,2026-09-15
401816574,2026-08-18,New York Yankees,Baltimore Orioles,3,1,New York Yankees,2026-09-15
401816575,2026-08-18,San Diego Padres,New York Mets,5,2,San Diego Padres,2026-09-15
401816576,2026-08-18,San Francisco Giants,Cleveland Guardians,1,8,Cleveland Guardians,2026-09-15
401816577,2026-08-18,St. Louis Cardinals,Cincinnati Reds,3,0,St. Louis Cardinals,2026-09-15
401816578,2026-08-18,Toronto Blue Jays,Tampa Bay Rays,10,5,Toronto Blue Jays,2026-09-15
401816579,2026-08-18,Los Angeles Angels,Houston Astros,3,1,Los Angeles Angels,2026-09-15
401816580,2026-08-18,Athletics,Kansas City Royals,3,4,Kansas City Royals,2026-09-15
401816582,2026-08-18,Chicago White Sox,Chicago Cubs,3,4,Chicago Cubs,2026-09-15
401816583,2026-08-18,Seattle Mariners,Milwaukee Brewers,0,22,Milwaukee Brewers,2026-09-15
401816584,2026-08-18,Washington Nationals,Texas Rangers,0,5,Texas Rangers,2026-09-15
401816585,2026-08-18,Los Angeles Dodgers,Colorado Rockies,7,6,Los Angeles Dodgers,2026-09-15
401816596,2026-08-18,Atlanta Braves,Minnesota Twins,1,4,Minnesota Twins,2026-09-15
401816586,2026-08-19,Arizona Diamondbacks,Boston Red Sox,7,6,Arizona Diamondbacks,2026-09-15
401816587,2026-08-19,Detroit Tigers,Pittsburgh Pirates,3,4,Pittsburgh Pirates,2026-09-15
401816588,2026-08-19,Miami Marlins,Philadelphia Phillies,1,4,Philadelphia Phillies,2026-09-15
401816589,2026-08-19,New York Yankees,Baltimore Orioles,5,3,New York Yankees,2026-09-15
401816590,2026-08-19,San Diego Padres,New York Mets,2,4,New York Mets,2026-09-15
401816591,2026-08-19,San Francisco Giants,Cleveland Guardians,1,0,San Francisco Giants,2026-09-15
401816592,2026-08-19,St. Louis Cardinals,Cincinnati Reds,4,5,Cincinnati Reds,2026-09-15
401816593,2026-08-19,Toronto Blue Jays,Tampa Bay Rays,6,7,Tampa Bay Rays,2026-09-15
401816594,2026-08-19,Los Angeles Angels,Houston Astros,2,3,Houston Astros,2026-09-15
401816595,2026-08-19,Athletics,Kansas City Royals,7,9,Kansas City Royals,2026-09-15
401816597,2026-08-19,Chicago White Sox,Chicago Cubs,3,0,Chicago White Sox,2026-09-15
401816598,2026-08-19,Seattle Mariners,Milwaukee Brewers,7,5,Seattle Mariners,2026-09-15
401816599,2026-08-19,Washington Nationals,Texas Rangers,6,0,Washington Nationals,2026-09-15
401816600,2026-08-19,Los Angeles Dodgers,Colorado Rockies,6,4,Los Angeles Dodgers,2026-09-15
401816607,2026-08-19,Atlanta Braves,Minnesota Twins,4,6,Minnesota Twins,2026-09-15
401816601,2026-08-20,New York Yankees,Baltimore Orioles,6,1,New York Yankees,2026-09-15
401816602,2026-08-20,San Francisco Giants,Cleveland Guardians,2,5,Cleveland Guardians,2026-09-15
401816603,2026-08-20,St. Louis Cardinals,Cincinnati Reds,10,9,St. Louis Cardinals,2026-09-15
401816604,2026-08-20,Toronto Blue Jays,Tampa Bay Rays,5,1,Toronto Blue Jays,2026-09-15
401816605,2026-08-20,Los Angeles Angels,Houston Astros,18,3,Los Angeles Angels,2026-09-15
401816606,2026-08-20,Athletics,Kansas City Royals,2,6,Kansas City Royals,2026-09-15
401816608,2026-08-20,Seattle Mariners,Milwaukee Brewers,4,7,Milwaukee Brewers,2026-09-15
401816609,2026-08-20,Washington Nationals,Texas Rangers,0,2,Texas Rangers,2026-09-15
401877087,2026-08-20,Atlanta Braves,Chicago White Sox,2,0,Atlanta Braves,2026-09-15
401816610,2026-08-21,San Francisco Giants,Boston Red Sox,4,6,Boston Red Sox,2026-09-15
401816611,2026-08-21,St. Louis Cardinals,Philadelphia Phillies,6,7,Philadelphia Phillies,2026-09-15
401816612,2026-08-21,Tampa Bay Rays,Baltimore Orioles,3,5,Baltimore Orioles,2026-09-15
401816613,2026-08-21,Toronto Blue Jays,New York Yankees,1,3,New York Yankees,2026-09-15
401816614,2026-08-21,Washington Nationals,Miami Marlins,2,3,Miami Marlins,2026-09-15
401816615,2026-08-21,Los Angeles Angels,Texas Rangers,1,2,Texas Rangers,2026-09-15
401816616,2026-08-21,Athletics,Houston Astros,0,4,Houston Astros,2026-09-15
401816617,2026-08-21,Atlanta Braves,Milwaukee Brewers,1,2,Milwaukee Brewers,2026-09-15
401816618,2026-08-21,Detroit Tigers,Kansas City Royals,2,5,Kansas City Royals,2026-09-15
401816619,2026-08-21,New York Mets,Chicago White Sox,4,6,Chicago White Sox,2026-09-15
401816620,2026-08-21,Cleveland Guardians,Colorado Rockies,9,1,Cleveland Guardians,2026-09-15
401816621,2026-08-21,Chicago Cubs,Seattle Mariners,5,6,Seattle Mariners,2026-09-15
401816622,2026-08-21,Cincinnati Reds,Arizona Diamondbacks,0,9,Arizona Diamondbacks,2026-09-15
401816623,2026-08-21,Minnesota Twins,San Diego Padres,2,6,San Diego Padres,2026-09-15
401816624,2026-08-21,Pittsburgh Pirates,Los Angeles Dodgers,4,5,Los Angeles Dodgers,2026-09-15
401816625,2026-08-22,San Francisco Giants,Boston Red Sox,2,3,Boston Red Sox,2026-09-15
401816626,2026-08-22,St. Louis Cardinals,Philadelphia Phillies,3,12,Philadelphia Phillies,2026-09-15
401816627,2026-08-22,Tampa Bay Rays,Baltimore Orioles,2,3,Baltimore Orioles,2026-09-15
401816628,2026-08-22,Toronto Blue Jays,New York Yankees,4,3,Toronto Blue Jays,2026-09-15
401816629,2026-08-22,Washington Nationals,Miami Marlins,2,4,Miami Marlins,2026-09-15
401816630,2026-08-22,Los Angeles Angels,Texas Rangers,3,0,Los Angeles Angels,2026-09-15
401816631,2026-08-22,Athletics,Houston Astros,4,3,Athletics,2026-09-15
401816632,2026-08-22,Atlanta Braves,Milwaukee Brewers,1,4,Milwaukee Brewers,2026-09-15
401816633,2026-08-22,Detroit Tigers,Kansas City Royals,1,3,Kansas City Royals,2026-09-15
401816634,2026-08-22,New York Mets,Chicago White Sox,10,5,New York Mets,2026-09-15
401816635,2026-08-22,Cleveland Guardians,Colorado Rockies,4,3,Cleveland Guardians,2026-09-15
401816636,2026-08-22,Chicago Cubs,Seattle Mariners,4,5,Seattle Mariners,2026-09-15
401816637,2026-08-22,Cincinnati Reds,Arizona Diamondbacks,11,5,Cincinnati Reds,2026-09-15
401816638,2026-08-22,Minnesota Twins,San Diego Padres,5,7,San Diego Padres,2026-09-15
401816639,2026-08-22,Pittsburgh Pirates,Los Angeles Dodgers,3,4,Los Angeles Dodgers,2026-09-15
401816640,2026-08-23,San Francisco Giants,Boston Red Sox,4,5,Boston Red Sox,2026-09-15
401816641,2026-08-23,St. Louis Cardinals,Philadelphia Phillies,4,6,Philadelphia Phillies,2026-09-15
401816642,2026-08-23,Tampa Bay Rays,Baltimore Orioles,3,1,Tampa Bay Rays,2026-09-15
401816643,2026-08-23,Toronto Blue Jays,New York Yankees,3,8,New York Yankees,2026-09-15
401816644,2026-08-23,Washington Nationals,Miami Marlins,2,6,Miami Marlins,2026-09-15
401816645,2026-08-23,Los Angeles Angels,Texas Rangers,3,5,Texas Rangers,2026-09-15
401816646,2026-08-23,Athletics,Houston Astros,7,6,Athletics,2026-09-15
401816647,2026-08-23,Atlanta Braves,Milwaukee Brewers,4,2,Atlanta Braves,2026-09-15
401816648,2026-08-23,Detroit Tigers,Kansas City Royals,7,11,Kansas City Royals,2026-09-15
401816649,2026-08-23,New York Mets,Chicago White Sox,1,2,Chicago White Sox,2026-09-15
401816650,2026-08-23,Cleveland Guardians,Colorado Rockies,7,2,Cleveland Guardians,2026-09-15
401816651,2026-08-23,Chicago Cubs,Seattle Mariners,19,2,Chicago Cubs,2026-09-15
401816652,2026-08-23,Cincinnati Reds,Arizona Diamondbacks,3,5,Arizona Diamondbacks,2026-09-15
401816653,2026-08-23,Minnesota Twins,San Diego Padres,1,8,San Diego Padres,2026-09-15
401816654,2026-08-23,Pittsburgh Pirates,Los Angeles Dodgers,0,4,Los Angeles Dodgers,2026-09-15
401816655,2026-08-24,Boston Red Sox,Miami Marlins,4,2,Boston Red Sox,2026-09-15
401816656,2026-08-24,Colorado Rockies,Washington Nationals,3,13,Washington Nationals,2026-09-15
401816657,2026-08-24,Tampa Bay Rays,Detroit Tigers,4,1,Tampa Bay Rays,2026-09-15
401816658,2026-08-24,Texas Rangers,Chicago White Sox,11,2,Texas Rangers,2026-09-15
401816659,2026-08-24,Chicago Cubs,Arizona Diamondbacks,7,0,Chicago Cubs,2026-09-15
401816660,2026-08-24,Cincinnati Reds,San Francisco Giants,0,5,San Francisco Giants,2026-09-15
401816661,2026-08-24,Cleveland Guardians,Los Angeles Angels,4,2,Cleveland Guardians,2026-09-15
401816662,2026-08-24,Minnesota Twins,Athletics,9,6,Minnesota Twins,2026-09-15
401816663,2026-08-24,Philadelphia Phillies,Seattle Mariners,2,9,Seattle Mariners,2026-09-15
401816664,2026-08-24,Pittsburgh Pirates,San Diego Padres,3,2,Pittsburgh Pirates,2026-09-15
401816665,2026-08-25,Boston Red Sox,Miami Marlins,7,3,Boston Red Sox,2026-09-15
401816666,2026-08-25,Colorado Rockies,Washington Nationals,3,1,Colorado Rockies,2026-09-15
401816667,2026-08-25,Houston Astros,New York Yankees,9,7,Houston Astros,2026-09-15
401816668,2026-08-25,Kansas City Royals,Toronto Blue Jays,5,3,Kansas City Royals,2026-09-15
401816669,2026-08-25,Los Angeles Dodgers,Atlanta Braves,3,4,Atlanta Braves,2026-09-15
401816670,2026-08-25,Milwaukee Brewers,New York Mets,2,3,New York Mets,2026-09-15
401816671,2026-08-25,Tampa Bay Rays,Detroit Tigers,1,4,Detroit Tigers,2026-09-15
401816672,2026-08-25,Baltimore Orioles,St. Louis Cardinals,13,1,Baltimore Orioles,2026-09-15
401816673,2026-08-25,Texas Rangers,Chicago White Sox,7,11,Chicago White Sox,2026-09-15
401816674,2026-08-25,Chicago Cubs,Arizona Diamondbacks,4,5,Arizona Diamondbacks,2026-09-15
401816675,2026-08-25,Cincinnati Reds,San Francisco Giants,1,3,San Francisco Giants,2026-09-15
401816676,2026-08-25,Cleveland Guardians,Los Angeles Angels,8,6,Cleveland Guardians,2026-09-15
401816677,2026-08-25,Minnesota Twins,Athletics,2,4,Athletics,2026-09-15
401816678,2026-08-25,Philadelphia Phillies,Seattle Mariners,1,4,Seattle Mariners,2026-09-15
401816679,2026-08-25,Pittsburgh Pirates,San Diego Padres,1,0,Pittsburgh Pirates,2026-09-15
401816680,2026-08-26,Boston Red Sox,Miami Marlins,0,4,Miami Marlins,2026-09-15
401816681,2026-08-26,Colorado Rockies,Washington Nationals,13,1,Colorado Rockies,2026-09-15
401816682,2026-08-26,Houston Astros,New York Yankees,3,9,New York Yankees,2026-09-15
401816683,2026-08-26,Kansas City Royals,Toronto Blue Jays,0,3,Toronto Blue Jays,2026-09-15
401816684,2026-08-26,Los Angeles Dodgers,Atlanta Braves,5,6,Atlanta Braves,2026-09-15
401816685,2026-08-26,Milwaukee Brewers,New York Mets,8,1,Milwaukee Brewers,2026-09-15
401816686,2026-08-26,Tampa Bay Rays,Detroit Tigers,3,0,Tampa Bay Rays,2026-09-15
401816687,2026-08-26,Baltimore Orioles,St. Louis Cardinals,8,7,Baltimore Orioles,2026-09-15
401816688,2026-08-26,Texas Rangers,Chicago White Sox,4,10,Chicago White Sox,2026-09-15
401816689,2026-08-26,Chicago Cubs,Arizona Diamondbacks,0,2,Arizona Diamondbacks,2026-09-15
401816690,2026-08-26,Cincinnati Reds,San Francisco Giants,10,9,Cincinnati Reds,2026-09-15
401816691,2026-08-26,Cleveland Guardians,Los Angeles Angels,4,3,Cleveland Guardians,2026-09-15
401816692,2026-08-26,Minnesota Twins,Athletics,4,7,Athletics,2026-09-15
401816693,2026-08-26,Philadelphia Phillies,Seattle Mariners,6,0,Philadelphia Phillies,2026-09-15
401816694,2026-08-26,Pittsburgh Pirates,San Diego Padres,0,3,San Diego Padres,2026-09-15
401816695,2026-08-27,Colorado Rockies,Washington Nationals,1,7,Washington Nationals,2026-09-15
401816696,2026-08-27,Houston Astros,New York Yankees,5,1,Houston Astros,2026-09-15
401816697,2026-08-27,Kansas City Royals,Toronto Blue Jays,13,2,Kansas City Royals,2026-09-15
401816698,2026-08-27,Los Angeles Dodgers,Atlanta Braves,0,1,Atlanta Braves,2026-09-15
401816699,2026-08-27,Milwaukee Brewers,New York Mets,8,2,Milwaukee Brewers,2026-09-15
401816700,2026-08-27,Baltimore Orioles,St. Louis Cardinals,5,7,St. Louis Cardinals,2026-09-15
401816701,2026-08-27,Arizona Diamondbacks,San Francisco Giants,1,6,San Francisco Giants,2026-09-15
401816702,2026-08-28,Boston Red Sox,New York Yankees,0,1,New York Yankees,2026-09-15
401816703,2026-08-28,Colorado Rockies,Atlanta Braves,4,6,Atlanta Braves,2026-09-15
401816704,2026-08-28,Houston Astros,New York Mets,3,1,Houston Astros,2026-09-15
401816705,2026-08-28,Kansas City Royals,Cleveland Guardians,3,0,Kansas City Royals,2026-09-15
401816706,2026-08-28,Los Angeles Dodgers,Detroit Tigers,2,1,Los Angeles Dodgers,2026-09-15
401816707,2026-08-28,Miami Marlins,Washington Nationals,2,9,Washington Nationals,2026-09-15
401816708,2026-08-28,San Diego Padres,Tampa Bay Rays,4,9,Tampa Bay Rays,2026-09-15
401816709,2026-08-28,Seattle Mariners,Toronto Blue Jays,1,8,Toronto Blue Jays,2026-09-15
401816710,2026-08-28,Chicago White Sox,Minnesota Twins,7,4,Chicago White Sox,2026-09-15
401816711,2026-08-28,Cincinnati Reds,Chicago Cubs,10,8,Cincinnati Reds,2026-09-15
401816712,2026-08-28,Pittsburgh Pirates,St. Louis Cardinals,1,4,St. Louis Cardinals,2026-09-15
401816713,2026-08-28,Texas Rangers,Milwaukee Brewers,1,6,Milwaukee Brewers,2026-09-15
401816714,2026-08-28,Arizona Diamondbacks,San Francisco Giants,10,6,Arizona Diamondbacks,2026-09-15
401816715,2026-08-28,Baltimore Orioles,Athletics,4,3,Baltimore Orioles,2026-09-15
401816716,2026-08-28,Philadelphia Phillies,Los Angeles Angels,5,3,Philadelphia Phillies,2026-09-15
401816718,2026-08-29,Colorado Rockies,Atlanta Braves,1,2,Atlanta Braves,2026-09-15
401816719,2026-08-29,Houston Astros,New York Mets,2,6,New York Mets,2026-09-15
401816720,2026-08-29,Kansas City Royals,Cleveland Guardians,8,3,Kansas City Royals,2026-09-15
401816721,2026-08-29,Los Angeles Dodgers,Detroit Tigers,1,2,Detroit Tigers,2026-09-15
401816722,2026-08-29,Miami Marlins,Washington Nationals,4,5,Washington Nationals,2026-09-15
401816723,2026-08-29,San Diego Padres,Tampa Bay Rays,6,7,Tampa Bay Rays,2026-09-15
401816724,2026-08-29,Seattle Mariners,Toronto Blue Jays,3,4,Toronto Blue Jays,2026-09-15
401816725,2026-08-29,Chicago White Sox,Minnesota Twins,3,2,Chicago White Sox,2026-09-15
401816726,2026-08-29,Cincinnati Reds,Chicago Cubs,5,17,Chicago Cubs,2026-09-15
401816727,2026-08-29,Pittsburgh Pirates,St. Louis Cardinals,6,2,Pittsburgh Pirates,2026-09-15
401816728,2026-08-29,Texas Rangers,Milwaukee Brewers,3,5,Milwaukee Brewers,2026-09-15
401816730,2026-08-29,Baltimore Orioles,Athletics,5,3,Baltimore Orioles,2026-09-15
401816731,2026-08-29,Philadelphia Phillies,Los Angeles Angels,4,2,Philadelphia Phillies,2026-09-15
401816744,2026-08-29,Arizona Diamondbacks,San Francisco Giants,7,1,Arizona Diamondbacks,2026-09-15
401874913,2026-08-29,Boston Red Sox,New York Yankees,6,0,Boston Red Sox,2026-09-15
401816732,2026-08-30,Boston Red Sox,New York Yankees,1,16,New York Yankees,2026-09-15
401816733,2026-08-30,Colorado Rockies,Atlanta Braves,2,3,Atlanta Braves,2026-09-15
401816734,2026-08-30,Houston Astros,New York Mets,6,3,Houston Astros,2026-09-15
401816735,2026-08-30,Kansas City Royals,Cleveland Guardians,1,11,Cleveland Guardians,2026-09-15
401816736,2026-08-30,Los Angeles Dodgers,Detroit Tigers,6,1,Los Angeles Dodgers,2026-09-15
401816737,2026-08-30,Miami Marlins,Washington Nationals,6,2,Miami Marlins,2026-09-15
401816738,2026-08-30,San Diego Padres,Tampa Bay Rays,4,5,Tampa Bay Rays,2026-09-15
401816739,2026-08-30,Seattle Mariners,Toronto Blue Jays,0,7,Toronto Blue Jays,2026-09-15
401816740,2026-08-30,Chicago White Sox,Minnesota Twins,1,5,Minnesota Twins,2026-09-15
401816741,2026-08-30,Cincinnati Reds,Chicago Cubs,7,5,Cincinnati Reds,2026-09-15
401816742,2026-08-30,Pittsburgh Pirates,St. Louis Cardinals,5,4,Pittsburgh Pirates,2026-09-15
401816743,2026-08-30,Texas Rangers,Milwaukee Brewers,7,4,Texas Rangers,2026-09-15
401816745,2026-08-30,Baltimore Orioles,Athletics,8,5,Baltimore Orioles,2026-09-15
401816746,2026-08-30,Philadelphia Phillies,Los Angeles Angels,5,2,Philadelphia Phillies,2026-09-15
401816747,2026-08-31,Miami Marlins,Washington Nationals,3,6,Washington Nationals,2026-09-15
401816748,2026-08-31,New York Mets,Tampa Bay Rays,3,2,New York Mets,2026-09-15
401816749,2026-08-31,San Diego Padres,Cincinnati Reds,5,0,San Diego Padres,2026-09-15
401816750,2026-08-31,Seattle Mariners,Boston Red Sox,8,9,Boston Red Sox,2026-09-15
401816751,2026-08-31,Athletics,Texas Rangers,1,8,Texas Rangers,2026-09-15
401816752,2026-08-31,Chicago White Sox,Houston Astros,3,6,Houston Astros,2026-09-15
401816753,2026-08-31,Detroit Tigers,Minnesota Twins,1,11,Minnesota Twins,2026-09-15
401816754,2026-08-31,Milwaukee Brewers,Chicago Cubs,3,17,Chicago Cubs,2026-09-15
401816755,2026-08-31,Baltimore Orioles,Colorado Rockies,2,1,Baltimore Orioles,2026-09-15
401816756,2026-08-31,New York Yankees,Los Angeles Angels,1,10,Los Angeles Angels,2026-09-15
401816757,2026-08-31,Philadelphia Phillies,Arizona Diamondbacks,2,1,Philadelphia Phillies,2026-09-15
401878657,2026-08-31,San Francisco Giants,Atlanta Braves,7,3,San Francisco Giants,2026-09-15
401816758,2026-09-01,Atlanta Braves,Washington Nationals,5,9,Washington Nationals,2026-09-15
401816759,2026-09-01,New York Mets,Tampa Bay Rays,2,6,Tampa Bay Rays,2026-09-15
401816760,2026-09-01,San Diego Padres,Cincinnati Reds,3,4,Cincinnati Reds,2026-09-15
401816761,2026-09-01,Seattle Mariners,Boston Red Sox,9,6,Seattle Mariners,2026-09-15
401816762,2026-09-01,San Francisco Giants,Pittsburgh Pirates,12,13,Pittsburgh Pirates,2026-09-15
401816763,2026-09-01,Toronto Blue Jays,Cleveland Guardians,1,6,Cleveland Guardians,2026-09-15
401816764,2026-09-01,Athletics,Texas Rangers,5,8,Texas Rangers,2026-09-15
401816765,2026-09-01,Chicago White Sox,Houston Astros,5,1,Chicago White Sox,2026-09-15
401816766,2026-09-01,Detroit Tigers,Minnesota Twins,2,15,Minnesota Twins,2026-09-15
401816767,2026-09-01,Miami Marlins,Kansas City Royals,6,3,Miami Marlins,2026-09-15
401816768,2026-09-01,Milwaukee Brewers,Chicago Cubs,9,4,Milwaukee Brewers,2026-09-15
401816769,2026-09-01,Baltimore Orioles,Colorado Rockies,2,4,Colorado Rockies,2026-09-15
401816770,2026-09-01,New York Yankees,Los Angeles Angels,7,3,New York Yankees,2026-09-15
401816771,2026-09-01,Philadelphia Phillies,Arizona Diamondbacks,7,1,Philadelphia Phillies,2026-09-15
401816772,2026-09-01,St. Louis Cardinals,Los Angeles Dodgers,13,8,St. Louis Cardinals,2026-09-15
401816773,2026-09-02,Atlanta Braves,Washington Nationals,9,0,Atlanta Braves,2026-09-15
401816774,2026-09-02,New York Mets,Tampa Bay Rays,10,4,New York Mets,2026-09-15
401816775,2026-09-02,San Diego Padres,Cincinnati Reds,3,7,Cincinnati Reds,2026-09-15
401816776,2026-09-02,Seattle Mariners,Boston Red Sox,8,3,Seattle Mariners,2026-09-15
401816777,2026-09-02,San Francisco Giants,Pittsburgh Pirates,5,4,San Francisco Giants,2026-09-15
401816778,2026-09-02,Toronto Blue Jays,Cleveland Guardians,11,0,Toronto Blue Jays,2026-09-15
401816779,2026-09-02,Athletics,Texas Rangers,9,2,Athletics,2026-09-15
401816780,2026-09-02,Chicago White Sox,Houston Astros,0,2,Houston Astros,2026-09-15
401816781,2026-09-02,Detroit Tigers,Minnesota Twins,11,6,Detroit Tigers,2026-09-15
401816782,2026-09-02,Miami Marlins,Kansas City Royals,9,6,Miami Marlins,2026-09-15
401816783,2026-09-02,Milwaukee Brewers,Chicago Cubs,9,5,Milwaukee Brewers,2026-09-15
401816784,2026-09-02,Baltimore Orioles,Colorado Rockies,5,6,Colorado Rockies,2026-09-15
401816785,2026-09-02,New York Yankees,Los Angeles Angels,6,3,New York Yankees,2026-09-15
401816786,2026-09-02,Philadelphia Phillies,Arizona Diamondbacks,0,1,Arizona Diamondbacks,2026-09-15
401816787,2026-09-02,St. Louis Cardinals,Los Angeles Dodgers,8,6,St. Louis Cardinals,2026-09-15
401816788,2026-09-03,Boston Red Sox,Baltimore Orioles,6,5,Boston Red Sox,2026-09-15
401816789,2026-09-03,San Francisco Giants,Pittsburgh Pirates,2,5,Pittsburgh Pirates,2026-09-15
401816790,2026-09-03,Toronto Blue Jays,Cleveland Guardians,6,3,Toronto Blue Jays,2026-09-15
401816791,2026-09-03,Chicago White Sox,Houston Astros,2,6,Houston Astros,2026-09-15
401816792,2026-09-03,Miami Marlins,Kansas City Royals,3,7,Kansas City Royals,2026-09-15
401816793,2026-09-03,Milwaukee Brewers,Chicago Cubs,1,2,Chicago Cubs,2026-09-15
401816794,2026-09-03,Tampa Bay Rays,Texas Rangers,0,6,Texas Rangers,2026-09-15
401816795,2026-09-03,Athletics,Seattle Mariners,7,4,Athletics,2026-09-15
401816796,2026-09-03,St. Louis Cardinals,Los Angeles Dodgers,2,3,Los Angeles Dodgers,2026-09-15
401816797,2026-09-04,Los Angeles Angels,Pittsburgh Pirates,0,1,Pittsburgh Pirates,2026-09-15
401816798,2026-09-04,Atlanta Braves,Philadelphia Phillies,5,2,Atlanta Braves,2026-09-15
401816799,2026-09-04,Boston Red Sox,Baltimore Orioles,1,0,Boston Red Sox,2026-09-15
401816800,2026-09-04,Chicago Cubs,Miami Marlins,6,1,Chicago Cubs,2026-09-15
401816802,2026-09-04,Milwaukee Brewers,Cincinnati Reds,10,7,Milwaukee Brewers,2026-09-15
401816803,2026-09-04,San Francisco Giants,New York Mets,6,10,New York Mets,2026-09-15
401816804,2026-09-04,Arizona Diamondbacks,Houston Astros,1,3,Houston Astros,2026-09-15
401816805,2026-09-04,Minnesota Twins,Chicago White Sox,1,4,Chicago White Sox,2026-09-15
401816806,2026-09-04,Tampa Bay Rays,Texas Rangers,7,6,Tampa Bay Rays,2026-09-15
401816807,2026-09-04,Toronto Blue Jays,Kansas City Royals,9,2,Toronto Blue Jays,2026-09-15
401816808,2026-09-04,St. Louis Cardinals,Colorado Rockies,7,6,St. Louis Cardinals,2026-09-15
401816809,2026-09-04,Athletics,Seattle Mariners,7,6,Athletics,2026-09-15
401816810,2026-09-04,New York Yankees,San Diego Padres,2,3,San Diego Padres,2026-09-15
401816811,2026-09-04,Washington Nationals,Los Angeles Dodgers,3,5,Los Angeles Dodgers,2026-09-15
401877193,2026-09-04,Detroit Tigers,Cleveland Guardians,6,7,Cleveland Guardians,2026-09-15
401816812,2026-09-05,Los Angeles Angels,Pittsburgh Pirates,6,1,Los Angeles Angels,2026-09-15
401816813,2026-09-05,Atlanta Braves,Philadelphia Phillies,2,4,Philadelphia Phillies,2026-09-15
401816814,2026-09-05,Boston Red Sox,Baltimore Orioles,5,0,Boston Red Sox,2026-09-15
401816815,2026-09-05,Chicago Cubs,Miami Marlins,6,5,Chicago Cubs,2026-09-15
401816816,2026-09-05,Detroit Tigers,Cleveland Guardians,6,0,Detroit Tigers,2026-09-15
401816817,2026-09-05,Milwaukee Brewers,Cincinnati Reds,3,5,Cincinnati Reds,2026-09-15
401816818,2026-09-05,San Francisco Giants,New York Mets,9,5,San Francisco Giants,2026-09-15
401816819,2026-09-05,Arizona Diamondbacks,Houston Astros,4,3,Arizona Diamondbacks,2026-09-15
401816820,2026-09-05,Minnesota Twins,Chicago White Sox,6,4,Minnesota Twins,2026-09-15
401816821,2026-09-05,Tampa Bay Rays,Texas Rangers,6,3,Tampa Bay Rays,2026-09-15
401816822,2026-09-05,Toronto Blue Jays,Kansas City Royals,4,3,Toronto Blue Jays,2026-09-15
401816823,2026-09-05,St. Louis Cardinals,Colorado Rockies,7,10,Colorado Rockies,2026-09-15
401816824,2026-09-05,Athletics,Seattle Mariners,6,2,Athletics,2026-09-15
401816825,2026-09-05,New York Yankees,San Diego Padres,5,1,New York Yankees,2026-09-15
401816826,2026-09-05,Washington Nationals,Los Angeles Dodgers,5,6,Los Angeles Dodgers,2026-09-15
401816827,2026-09-06,Los Angeles Angels,Pittsburgh Pirates,0,1,Pittsburgh Pirates,2026-09-15
401816828,2026-09-06,Atlanta Braves,Philadelphia Phillies,5,4,Atlanta Braves,2026-09-15
401816829,2026-09-06,Boston Red Sox,Baltimore Orioles,3,1,Boston Red Sox,2026-09-15
401816830,2026-09-06,Chicago Cubs,Miami Marlins,3,10,Miami Marlins,2026-09-15
401816831,2026-09-06,Detroit Tigers,Cleveland Guardians,2,3,Cleveland Guardians,2026-09-15
401816832,2026-09-06,Milwaukee Brewers,Cincinnati Reds,8,12,Cincinnati Reds,2026-09-15
401816833,2026-09-06,San Francisco Giants,New York Mets,2,4,New York Mets,2026-09-15
401816834,2026-09-06,Arizona Diamondbacks,Houston Astros,3,2,Arizona Diamondbacks,2026-09-15
401816835,2026-09-06,Minnesota Twins,Chicago White Sox,1,10,Chicago White Sox,2026-09-15
401816836,2026-09-06,Tampa Bay Rays,Texas Rangers,6,8,Texas Rangers,2026-09-15
401816837,2026-09-06,Toronto Blue Jays,Kansas City Royals,1,6,Kansas City Royals,2026-09-15
401816838,2026-09-06,St. Louis Cardinals,Colorado Rockies,10,8,St. Louis Cardinals,2026-09-15
401816839,2026-09-06,Athletics,Seattle Mariners,0,2,Seattle Mariners,2026-09-15
401816840,2026-09-06,New York Yankees,San Diego Padres,3,4,San Diego Padres,2026-09-15
401816841,2026-09-06,Washington Nationals,Los Angeles Dodgers,5,7,Los Angeles Dodgers,2026-09-15
401816842,2026-09-07,Los Angeles Angels,Boston Red Sox,2,5,Boston Red Sox,2026-09-15
401816843,2026-09-07,Atlanta Braves,Philadelphia Phillies,0,1,Philadelphia Phillies,2026-09-15
401816844,2026-09-07,Cleveland Guardians,Baltimore Orioles,4,6,Baltimore Orioles,2026-09-15
401816845,2026-09-07,Minnesota Twins,Detroit Tigers,4,5,Detroit Tigers,2026-09-15
401816846,2026-09-07,New York Mets,Miami Marlins,9,4,New York Mets,2026-09-15
401816847,2026-09-07,Arizona Diamondbacks,Kansas City Royals,5,4,Arizona Diamondbacks,2026-09-15
401816848,2026-09-07,Chicago Cubs,Milwaukee Brewers,3,4,Milwaukee Brewers,2026-09-15
401816849,2026-09-07,Cincinnati Reds,Los Angeles Dodgers,3,6,Los Angeles Dodgers,2026-09-15
401816850,2026-09-07,St. Louis Cardinals,San Francisco Giants,4,5,San Francisco Giants,2026-09-15
401816851,2026-09-07,Toronto Blue Jays,Athletics,5,6,Athletics,2026-09-15
401816852,2026-09-07,Washington Nationals,San Diego Padres,2,3,San Diego Padres,2026-09-15
401816853,2026-09-08,Los Angeles Angels,Boston Red Sox,6,1,Los Angeles Angels,2026-09-15
401816854,2026-09-08,Cleveland Guardians,Baltimore Orioles,9,5,Cleveland Guardians,2026-09-15
401816855,2026-09-08,Colorado Rockies,New York Yankees,3,5,New York Yankees,2026-09-15
401816856,2026-09-08,Houston Astros,Philadelphia Phillies,6,5,Houston Astros,2026-09-15
401816857,2026-09-08,Minnesota Twins,Detroit Tigers,3,2,Minnesota Twins,2026-09-15
401816858,2026-09-08,New York Mets,Miami Marlins,7,5,New York Mets,2026-09-15
401816859,2026-09-08,Tampa Bay Rays,Atlanta Braves,7,1,Tampa Bay Rays,2026-09-15
401816860,2026-09-08,Arizona Diamondbacks,Kansas City Royals,5,3,Arizona Diamondbacks,2026-09-15
401816861,2026-09-08,Chicago Cubs,Milwaukee Brewers,3,4,Milwaukee Brewers,2026-09-15
401816862,2026-09-08,Pittsburgh Pirates,Chicago White Sox,9,3,Pittsburgh Pirates,2026-09-15
401816863,2026-09-08,Cincinnati Reds,Los Angeles Dodgers,2,3,Los Angeles Dodgers,2026-09-15
401816864,2026-09-08,St. Louis Cardinals,San Francisco Giants,1,2,San Francisco Giants,2026-09-15
401816865,2026-09-08,Texas Rangers,Seattle Mariners,10,5,Texas Rangers,2026-09-15
401816866,2026-09-08,Toronto Blue Jays,Athletics,4,2,Toronto Blue Jays,2026-09-15
401816867,2026-09-08,Washington Nationals,San Diego Padres,4,5,San Diego Padres,2026-09-15
401816868,2026-09-09,Los Angeles Angels,Boston Red Sox,6,4,Los Angeles Angels,2026-09-15
401816869,2026-09-09,Cleveland Guardians,Baltimore Orioles,5,9,Baltimore Orioles,2026-09-15
401816870,2026-09-09,Colorado Rockies,New York Yankees,1,6,New York Yankees,2026-09-15
401816871,2026-09-09,Houston Astros,Philadelphia Phillies,7,11,Philadelphia Phillies,2026-09-15
401816872,2026-09-09,Minnesota Twins,Detroit Tigers,2,7,Detroit Tigers,2026-09-15
401816873,2026-09-09,New York Mets,Miami Marlins,15,14,New York Mets,2026-09-15
401816874,2026-09-09,Tampa Bay Rays,Atlanta Braves,7,2,Tampa Bay Rays,2026-09-15
401816875,2026-09-09,Arizona Diamondbacks,Kansas City Royals,2,5,Kansas City Royals,2026-09-15
401816876,2026-09-09,Chicago Cubs,Milwaukee Brewers,6,8,Milwaukee Brewers,2026-09-15
401816877,2026-09-09,Pittsburgh Pirates,Chicago White Sox,4,2,Pittsburgh Pirates,2026-09-15
401816878,2026-09-09,Cincinnati Reds,Los Angeles Dodgers,1,14,Los Angeles Dodgers,2026-09-15
401816879,2026-09-09,St. Louis Cardinals,San Francisco Giants,6,7,San Francisco Giants,2026-09-15
401816880,2026-09-09,Texas Rangers,Seattle Mariners,2,3,Seattle Mariners,2026-09-15
401816881,2026-09-09,Toronto Blue Jays,Athletics,0,2,Athletics,2026-09-15
401816882,2026-09-09,Washington Nationals,San Diego Padres,2,9,San Diego Padres,2026-09-15
401816883,2026-09-10,Colorado Rockies,New York Yankees,3,10,New York Yankees,2026-09-15
401816884,2026-09-10,Houston Astros,Philadelphia Phillies,2,1,Houston Astros,2026-09-15
401816885,2026-09-10,Tampa Bay Rays,Atlanta Braves,1,3,Atlanta Braves,2026-09-15
401816886,2026-09-10,Pittsburgh Pirates,Chicago White Sox,2,0,Pittsburgh Pirates,2026-09-15
401816887,2026-09-10,Texas Rangers,Seattle Mariners,3,4,Seattle Mariners,2026-09-15
401816888,2026-09-11,Los Angeles Angels,Washington Nationals,3,4,Washington Nationals,2026-09-15
401816889,2026-09-11,Baltimore Orioles,Toronto Blue Jays,7,4,Baltimore Orioles,2026-09-15
401816890,2026-09-11,Colorado Rockies,Detroit Tigers,2,6,Detroit Tigers,2026-09-15
401816891,2026-09-11,Houston Astros,Tampa Bay Rays,1,3,Tampa Bay Rays,2026-09-15
401816892,2026-09-11,Kansas City Royals,Boston Red Sox,3,2,Kansas City Royals,2026-09-15
401816893,2026-09-11,Los Angeles Dodgers,Miami Marlins,6,2,Los Angeles Dodgers,2026-09-15
401816894,2026-09-11,New York Mets,New York Yankees,4,6,New York Yankees,2026-09-15
401816895,2026-09-11,Philadelphia Phillies,Atlanta Braves,5,6,Atlanta Braves,2026-09-15
401816896,2026-09-11,Chicago White Sox,St. Louis Cardinals,3,7,St. Louis Cardinals,2026-09-15
401816897,2026-09-11,Cincinnati Reds,Milwaukee Brewers,0,20,Milwaukee Brewers,2026-09-15
401816898,2026-09-11,Cleveland Guardians,Minnesota Twins,5,2,Cleveland Guardians,2026-09-15
401816899,2026-09-11,Pittsburgh Pirates,Chicago Cubs,2,12,Chicago Cubs,2026-09-15
401816900,2026-09-11,San Diego Padres,San Francisco Giants,7,5,San Diego Padres,2026-09-15
401816901,2026-09-11,Seattle Mariners,Athletics,5,6,Athletics,2026-09-15
401816902,2026-09-11,Texas Rangers,Arizona Diamondbacks,1,9,Arizona Diamondbacks,2026-09-15
401816903,2026-09-12,Los Angeles Angels,Washington Nationals,5,6,Washington Nationals,2026-09-15
401816904,2026-09-12,Baltimore Orioles,Toronto Blue Jays,3,7,Toronto Blue Jays,2026-09-15
401816905,2026-09-12,Colorado Rockies,Detroit Tigers,7,11,Detroit Tigers,2026-09-15
401816906,2026-09-12,Houston Astros,Tampa Bay Rays,2,3,Tampa Bay Rays,2026-09-15
401816907,2026-09-12,Kansas City Royals,Boston Red Sox,1,5,Boston Red Sox,2026-09-15
401816908,2026-09-12,Los Angeles Dodgers,Miami Marlins,3,4,Miami Marlins,2026-09-15
401816909,2026-09-12,New York Mets,New York Yankees,12,2,New York Mets,2026-09-15
401816910,2026-09-12,Philadelphia Phillies,Atlanta Braves,2,12,Atlanta Braves,2026-09-15
401816911,2026-09-12,Chicago White Sox,St. Louis Cardinals,6,5,Chicago White Sox,2026-09-15
401816912,2026-09-12,Cincinnati Reds,Milwaukee Brewers,9,13,Milwaukee Brewers,2026-09-15
401816913,2026-09-12,Cleveland Guardians,Minnesota Twins,3,4,Minnesota Twins,2026-09-15
401816914,2026-09-12,Pittsburgh Pirates,Chicago Cubs,3,4,Chicago Cubs,2026-09-15
401816915,2026-09-12,San Diego Padres,San Francisco Giants,7,6,San Diego Padres,2026-09-15
401816916,2026-09-12,Seattle Mariners,Athletics,19,1,Seattle Mariners,2026-09-15
401816917,2026-09-12,Texas Rangers,Arizona Diamondbacks,6,2,Texas Rangers,2026-09-15
401816918,2026-09-13,Los Angeles Angels,Washington Nationals,5,6,Washington Nationals,2026-09-15
401816919,2026-09-13,Baltimore Orioles,Toronto Blue Jays,1,8,Toronto Blue Jays,2026-09-15
401816920,2026-09-13,Colorado Rockies,Detroit Tigers,1,8,Detroit Tigers,2026-09-15
401816921,2026-09-13,Houston Astros,Tampa Bay Rays,4,14,Tampa Bay Rays,2026-09-15
401816922,2026-09-13,Kansas City Royals,Boston Red Sox,1,4,Boston Red Sox,2026-09-15
401816923,2026-09-13,Los Angeles Dodgers,Miami Marlins,4,6,Miami Marlins,2026-09-15
401816924,2026-09-13,New York Mets,New York Yankees,0,2,New York Yankees,2026-09-15
401816925,2026-09-13,Philadelphia Phillies,Atlanta Braves,9,4,Philadelphia Phillies,2026-09-15
401816926,2026-09-13,Chicago White Sox,St. Louis Cardinals,1,3,St. Louis Cardinals,2026-09-15
401816927,2026-09-13,Cincinnati Reds,Milwaukee Brewers,4,3,Cincinnati Reds,2026-09-15
401816928,2026-09-13,Cleveland Guardians,Minnesota Twins,9,2,Cleveland Guardians,2026-09-15
401816929,2026-09-13,Pittsburgh Pirates,Chicago Cubs,4,3,Pittsburgh Pirates,2026-09-15
401816930,2026-09-13,San Diego Padres,San Francisco Giants,6,4,San Diego Padres,2026-09-15
401816931,2026-09-13,Seattle Mariners,Athletics,7,8,Athletics,2026-09-15
401816932,2026-09-13,Texas Rangers,Arizona Diamondbacks,7,6,Texas Rangers,2026-09-15
401816933,2026-09-14,Baltimore Orioles,New York Mets,2,1,Baltimore Orioles,2026-09-15
401816934,2026-09-14,Chicago White Sox,Cleveland Guardians,7,3,Chicago White Sox,2026-09-15
401816935,2026-09-14,Detroit Tigers,Toronto Blue Jays,6,5,Detroit Tigers,2026-09-15
401816936,2026-09-14,Los Angeles Dodgers,Cincinnati Reds,4,1,Los Angeles Dodgers,2026-09-15
401816937,2026-09-14,Atlanta Braves,Chicago Cubs,3,7,Chicago Cubs,2026-09-15
401816938,2026-09-14,New York Yankees,Minnesota Twins,8,3,New York Yankees,2026-09-15
401816939,2026-09-14,San Francisco Giants,St. Louis Cardinals,1,2,St. Louis Cardinals,2026-09-15
401816940,2026-09-14,San Diego Padres,Colorado Rockies,8,7,San Diego Padres,2026-09-15
401816941,2026-09-14,Miami Marlins,Arizona Diamondbacks,7,8,Arizona Diamondbacks,2026-09-15
401816942,2026-09-14,Seattle Mariners,Los Angeles Angels,4,6,Los Angeles Angels,2026-09-15
