date,team,record,gp,strength,win_pct,ppg,opp_ppg,net_rtg,pace
2026-09-19,Atlanta Hawks,0-0,0.0,0.5,0.5,0.0,0.0,0.0,100.0
2026-09-19,Boston Celtics,0-0,0.0,0.5,0.5,0.0,0.0,0.0,100.0
2026-09-19,Brooklyn Nets,0-0,0.0,0.5,0.5,0.0,0.0,0.0,100.0
2026-09-19,Charlotte Hornets,0-0,0.0,0.5,0.5,0.0,0.0,0.0,100.0
2026-09-19,Chicago Bulls,0-0,0.0,0.5,0.5,0.0,0.0,0.0,100.0
2026-09-19,Cleveland Cavaliers,0-0,0.0,0.5,0.5,0.0,0.0,0.0,100.0
2026-09-19,Dallas Mavericks,0-0,0.0,0.5,0.5,0.0,0.0,0.0,100.0
2026-09-19,Denver Nuggets,0-0,0.0,0.5,0.5,0.0,0.0,0.0,100.0
2026-09-19,Detroit Pistons,0-0,0.0,0.5,0.5,0.0,0.0,0.0,100.0
2026-09-19,Golden State Warriors,0-0,0.0,0.5,0.5,0.0,0.0,0.0,100.0
2026-09-19,Houston Rockets,0-0,0.0,0.5,0.5,0.0,0.0,0.0,100.0
2026-09-19,Indiana Pacers,0-0,0.0,0.5,0.5,0.0,0.0,0.0,100.0
2026-09-19,LA Clippers,0-0,0.0,0.5,0.5,0.0,0.0,0.0,100.0
2026-09-19,Los Angeles Lakers,0-0,0.0,0.5,0.5,0.0,0.0,0.0,100.0
2026-09-19,Memphis Grizzlies,0-0,0.0,0.5,0.5,0.0,0.0,0.0,100.0
2026-09-19,Miami Heat,0-0,0.0,0.5,0.5,0.0,0.0,0.0,100.0
2026-09-19,Milwaukee Bucks,0-0,0.0,0.5,0.5,0.0,0.0,0.0,100.0
2026-09-19,Minnesota Timberwolves,0-0,0.0,0.5,0.5,0.0,0.0,0.0,100.0
2026-09-19,New Orleans Pelicans,0-0,0.0,0.5,0.5,0.0,0.0,0.0,100.0
2026-09-19,New York Knicks,0-0,0.0,0.5,0.5,0.0,0.0,0.0,100.0
2026-09-19,Oklahoma City Thunder,0-0,0.0,0.5,0.5,0.0,0.0,0.0,100.0
2026-09-19,Orlando Magic,0-0,0.0,0.5,0.5,0.0,0.0,0.0,100.0
2026-09-19,Philadelphia 76ers,0-0,0.0,0.5,0.5,0.0,0.0,0.0,100.0
2026-09-19,Phoenix Suns,0-0,0.0,0.5,0.5,0.0,0.0,0.0,100.0
2026-09-19,Portland Trail Blazers,0-0,0.0,0.5,0.5,0.0,0.0,0.0,100.0
2026-09-19,Sacramento Kings,0-0,0.0,0.5,0.5,0.0,0.0,0.0,100.0
2026-09-19,San Antonio Spurs,0-0,0.0,0.5,0.5,0.0,0.0,0.0,100.0
2026-09-19,Toronto Raptors,0-0,0.0,0.5,0.5,0.0,0.0,0.0,100.0
2026-09-19,Utah Jazz,0-0,0.0,0.5,0.5,0.0,0.0,0.0,100.0
2026-09-19,Washington Wizards,0-0,0.0,0.5,0.5,0.0,0.0,0.0,100.0
2026-09-20,Atlanta Hawks,0-0,0.0,0.5,0.5,0.0,0.0,0.0,100.0
2026-09-20,Boston Celtics,0-0,0.0,0.5,0.5,0.0,0.0,0.0,100.0
2026-09-20,Brooklyn Nets,0-0,0.0,0.5,0.5,0.0,0.0,0.0,100.0
2026-09-20,Charlotte Hornets,0-0,0.0,0.5,0.5,0.0,0.0,0.0,100.0
2026-09-20,Chicago Bulls,0-0,0.0,0.5,0.5,0.0,0.0,0.0,100.0
2026-09-20,Cleveland Cavaliers,0-0,0.0,0.5,0.5,0.0,0.0,0.0,100.0
2026-09-20,Dallas Mavericks,0-0,0.0,0.5,0.5,0.0,0.0,0.0,100.0
2026-09-20,Denver Nuggets,0-0,0.0,0.5,0.5,0.0,0.0,0.0,100.0
2026-09-20,Detroit Pistons,0-0,0.0,0.5,0.5,0.0,0.0,0.0,100.0
2026-09-20,Golden State Warriors,0-0,0.0,0.5,0.5,0.0,0.0,0.0,100.0
2026-09-20,Houston Rockets,0-0,0.0,0.5,0.5,0.0,0.0,0.0,100.0
2026-09-20,Indiana Pacers,0-0,0.0,0.5,0.5,0.0,0.0,0.0,100.0
2026-09-20,LA Clippers,0-0,0.0,0.5,0.5,0.0,0.0,0.0,100.0
2026-09-20,Los Angeles Lakers,0-0,0.0,0.5,0.5,0.0,0.0,0.0,100.0
2026-09-20,Memphis Grizzlies,0-0,0.0,0.5,0.5,0.0,0.0,0.0,100.0
2026-09-20,Miami Heat,0-0,0.0,0.5,0.5,0.0,0.0,0.0,100.0
2026-09-20,Milwaukee Bucks,0-0,0.0,0.5,0.5,0.0,0.0,0.0,100.0
2026-09-20,Minnesota Timberwolves,0-0,0.0,0.5,0.5,0.0,0.0,0.0,100.0
2026-09-20,New Orleans Pelicans,0-0,0.0,0.5,0.5,0.0,0.0,0.0,100.0
2026-09-20,New York Knicks,0-0,0.0,0.5,0.5,0.0,0.0,0.0,100.0
2026-09-20,Oklahoma City Thunder,0-0,0.0,0.5,0.5,0.0,0.0,0.0,100.0
2026-09-20,Orlando Magic,0-0,0.0,0.5,0.5,0.0,0.0,0.0,100.0
2026-09-20,Philadelphia 76ers,0-0,0.0,0.5,0.5,0.0,0.0,0.0,100.0
2026-09-20,Phoenix Suns,0-0,0.0,0.5,0.5,0.0,0.0,0.0,100.0
2026-09-20,Portland Trail Blazers,0-0,0.0,0.5,0.5,0.0,0.0,0.0,100.0
2026-09-20,Sacramento Kings,0-0,0.0,0.5,0.5,0.0,0.0,0.0,100.0
2026-09-20,San Antonio Spurs,0-0,0.0,0.5,0.5,0.0,0.0,0.0,100.0
2026-09-20,Toronto Raptors,0-0,0.0,0.5,0.5,0.0,0.0,0.0,100.0
2026-09-20,Utah Jazz,0-0,0.0,0.5,0.5,0.0,0.0,0.0,100.0
2026-09-20,Washington Wizards,0-0,0.0,0.5,0.5,0.0,0.0,0.0,100.0
2026-09-21,Atlanta Hawks,0-0,0.0,0.5,0.5,0.0,0.0,0.0,100.0
2026-09-21,Boston Celtics,0-0,0.0,0.5,0.5,0.0,0.0,0.0,100.0
2026-09-21,Brooklyn Nets,0-0,0.0,0.5,0.5,0.0,0.0,0.0,100.0
2026-09-21,Charlotte Hornets,0-0,0.0,0.5,0.5,0.0,0.0,0.0,100.0
2026-09-21,Chicago Bulls,0-0,0.0,0.5,0.5,0.0,0.0,0.0,100.0
2026-09-21,Cleveland Cavaliers,0-0,0.0,0.5,0.5,0.0,0.0,0.0,100.0
2026-09-21,Dallas Mavericks,0-0,0.0,0.5,0.5,0.0,0.0,0.0,100.0
2026-09-21,Denver Nuggets,0-0,0.0,0.5,0.5,0.0,0.0,0.0,100.0
2026-09-21,Detroit Pistons,0-0,0.0,0.5,0.5,0.0,0.0,0.0,100.0
2026-09-21,Golden State Warriors,0-0,0.0,0.5,0.5,0.0,0.0,0.0,100.0
2026-09-21,Houston Rockets,0-0,0.0,0.5,0.5,0.0,0.0,0.0,100.0
2026-09-21,Indiana Pacers,0-0,0.0,0.5,0.5,0.0,0.0,0.0,100.0
2026-09-21,LA Clippers,0-0,0.0,0.5,0.5,0.0,0.0,0.0,100.0
2026-09-21,Los Angeles Lakers,0-0,0.0,0.5,0.5,0.0,0.0,0.0,100.0
2026-09-21,Memphis Grizzlies,0-0,0.0,0.5,0.5,0.0,0.0,0.0,100.0
2026-09-21,Miami Heat,0-0,0.0,0.5,0.5,0.0,0.0,0.0,100.0
2026-09-21,Milwaukee Bucks,0-0,0.0,0.5,0.5,0.0,0.0,0.0,100.0
2026-09-21,Minnesota Timberwolves,0-0,0.0,0.5,0.5,0.0,0.0,0.0,100.0
2026-09-21,New Orleans Pelicans,0-0,0.0,0.5,0.5,0.0,0.0,0.0,100.0
2026-09-21,New York Knicks,0-0,0.0,0.5,0.5,0.0,0.0,0.0,100.0
2026-09-21,Oklahoma City Thunder,0-0,0.0,0.5,0.5,0.0,0.0,0.0,100.0
2026-09-21,Orlando Magic,0-0,0.0,0.5,0.5,0.0,0.0,0.0,100.0
2026-09-21,Philadelphia 76ers,0-0,0.0,0.5,0.5,0.0,0.0,0.0,100.0
2026-09-21,Phoenix Suns,0-0,0.0,0.5,0.5,0.0,0.0,0.0,100.0
2026-09-21,Portland Trail Blazers,0-0,0.0,0.5,0.5,0.0,0.0,0.0,100.0
2026-09-21,Sacramento Kings,0-0,0.0,0.5,0.5,0.0,0.0,0.0,100.0
2026-09-21,San Antonio Spurs,0-0,0.0,0.5,0.5,0.0,0.0,0.0,100.0
2026-09-21,Toronto Raptors,0-0,0.0,0.5,0.5,0.0,0.0,0.0,100.0
2026-09-21,Utah Jazz,0-0,0.0,0.5,0.5,0.0,0.0,0.0,100.0
2026-09-21,Washington Wizards,0-0,0.0,0.5,0.5,0.0,0.0,0.0,100.0
2026-09-22,Atlanta Hawks,0-0,0.0,0.5,0.5,0.0,0.0,0.0,100.0
2026-09-22,Boston Celtics,0-0,0.0,0.5,0.5,0.0,0.0,0.0,100.0
2026-09-22,Brooklyn Nets,0-0,0.0,0.5,0.5,0.0,0.0,0.0,100.0
2026-09-22,Charlotte Hornets,0-0,0.0,0.5,0.5,0.0,0.0,0.0,100.0
2026-09-22,Chicago Bulls,0-0,0.0,0.5,0.5,0.0,0.0,0.0,100.0
2026-09-22,Cleveland Cavaliers,0-0,0.0,0.5,0.5,0.0,0.0,0.0,100.0
2026-09-22,Dallas Mavericks,0-0,0.0,0.5,0.5,0.0,0.0,0.0,100.0
2026-09-22,Denver Nuggets,0-0,0.0,0.5,0.5,0.0,0.0,0.0,100.0
2026-09-22,Detroit Pistons,0-0,0.0,0.5,0.5,0.0,0.0,0.0,100.0
2026-09-22,Golden State Warriors,0-0,0.0,0.5,0.5,0.0,0.0,0.0,100.0
2026-09-22,Houston Rockets,0-0,0.0,0.5,0.5,0.0,0.0,0.0,100.0
2026-09-22,Indiana Pacers,0-0,0.0,0.5,0.5,0.0,0.0,0.0,100.0
2026-09-22,LA Clippers,0-0,0.0,0.5,0.5,0.0,0.0,0.0,100.0
2026-09-22,Los Angeles Lakers,0-0,0.0,0.5,0.5,0.0,0.0,0.0,100.0
2026-09-22,Memphis Grizzlies,0-0,0.0,0.5,0.5,0.0,0.0,0.0,100.0
2026-09-22,Miami Heat,0-0,0.0,0.5,0.5,0.0,0.0,0.0,100.0
2026-09-22,Milwaukee Bucks,0-0,0.0,0.5,0.5,0.0,0.0,0.0,100.0
2026-09-22,Minnesota Timberwolves,0-0,0.0,0.5,0.5,0.0,0.0,0.0,100.0
2026-09-22,New Orleans Pelicans,0-0,0.0,0.5,0.5,0.0,0.0,0.0,100.0
2026-09-22,New York Knicks,0-0,0.0,0.5,0.5,0.0,0.0,0.0,100.0
2026-09-22,Oklahoma City Thunder,0-0,0.0,0.5,0.5,0.0,0.0,0.0,100.0
2026-09-22,Orlando Magic,0-0,0.0,0.5,0.5,0.0,0.0,0.0,100.0
2026-09-22,Philadelphia 76ers,0-0,0.0,0.5,0.5,0.0,0.0,0.0,100.0
2026-09-22,Phoenix Suns,0-0,0.0,0.5,0.5,0.0,0.0,0.0,100.0
2026-09-22,Portland Trail Blazers,0-0,0.0,0.5,0.5,0.0,0.0,0.0,100.0
2026-09-22,Sacramento Kings,0-0,0.0,0.5,0.5,0.0,0.0,0.0,100.0
2026-09-22,San Antonio Spurs,0-0,0.0,0.5,0.5,0.0,0.0,0.0,100.0
2026-09-22,Toronto Raptors,0-0,0.0,0.5,0.5,0.0,0.0,0.0,100.0
2026-09-22,Utah Jazz,0-0,0.0,0.5,0.5,0.0,0.0,0.0,100.0
2026-09-22,Washington Wizards,0-0,0.0,0.5,0.5,0.0,0.0,0.0,100.0
2026-09-23,Atlanta Hawks,0-0,0.0,0.5,0.5,0.0,0.0,0.0,100.0
2026-09-23,Boston Celtics,0-0,0.0,0.5,0.5,0.0,0.0,0.0,100.0
2026-09-23,Brooklyn Nets,0-0,0.0,0.5,0.5,0.0,0.0,0.0,100.0
2026-09-23,Charlotte Hornets,0-0,0.0,0.5,0.5,0.0,0.0,0.0,100.0
2026-09-23,Chicago Bulls,0-0,0.0,0.5,0.5,0.0,0.0,0.0,100.0
2026-09-23,Cleveland Cavaliers,0-0,0.0,0.5,0.5,0.0,0.0,0.0,100.0
2026-09-23,Dallas Mavericks,0-0,0.0,0.5,0.5,0.0,0.0,0.0,100.0
2026-09-23,Denver Nuggets,0-0,0.0,0.5,0.5,0.0,0.0,0.0,100.0
2026-09-23,Detroit Pistons,0-0,0.0,0.5,0.5,0.0,0.0,0.0,100.0
2026-09-23,Golden State Warriors,0-0,0.0,0.5,0.5,0.0,0.0,0.0,100.0
2026-09-23,Houston Rockets,0-0,0.0,0.5,0.5,0.0,0.0,0.0,100.0
2026-09-23,Indiana Pacers,0-0,0.0,0.5,0.5,0.0,0.0,0.0,100.0
2026-09-23,LA Clippers,0-0,0.0,0.5,0.5,0.0,0.0,0.0,100.0
2026-09-23,Los Angeles Lakers,0-0,0.0,0.5,0.5,0.0,0.0,0.0,100.0
2026-09-23,Memphis Grizzlies,0-0,0.0,0.5,0.5,0.0,0.0,0.0,100.0
2026-09-23,Miami Heat,0-0,0.0,0.5,0.5,0.0,0.0,0.0,100.0
2026-09-23,Milwaukee Bucks,0-0,0.0,0.5,0.5,0.0,0.0,0.0,100.0
2026-09-23,Minnesota Timberwolves,0-0,0.0,0.5,0.5,0.0,0.0,0.0,100.0
2026-09-23,New Orleans Pelicans,0-0,0.0,0.5,0.5,0.0,0.0,0.0,100.0
2026-09-23,New York Knicks,0-0,0.0,0.5,0.5,0.0,0.0,0.0,100.0
2026-09-23,Oklahoma City Thunder,0-0,0.0,0.5,0.5,0.0,0.0,0.0,100.0
2026-09-23,Orlando Magic,0-0,0.0,0.5,0.5,0.0,0.0,0.0,100.0
2026-09-23,Philadelphia 76ers,0-0,0.0,0.5,0.5,0.0,0.0,0.0,100.0
2026-09-23,Phoenix Suns,0-0,0.0,0.5,0.5,0.0,0.0,0.0,100.0
2026-09-23,Portland Trail Blazers,0-0,0.0,0.5,0.5,0.0,0.0,0.0,100.0
2026-09-23,Sacramento Kings,0-0,0.0,0.5,0.5,0.0,0.0,0.0,100.0
2026-09-23,San Antonio Spurs,0-0,0.0,0.5,0.5,0.0,0.0,0.0,100.0
2026-09-23,Toronto Raptors,0-0,0.0,0.5,0.5,0.0,0.0,0.0,100.0
2026-09-23,Utah Jazz,0-0,0.0,0.5,0.5,0.0,0.0,0.0,100.0
2026-09-23,Washington Wizards,0-0,0.0,0.5,0.5,0.0,0.0,0.0,100.0
2026-09-24,Atlanta Hawks,0-0,0.0,0.5,0.5,0.0,0.0,0.0,100.0
2026-09-24,Boston Celtics,0-0,0.0,0.5,0.5,0.0,0.0,0.0,100.0
2026-09-24,Brooklyn Nets,0-0,0.0,0.5,0.5,0.0,0.0,0.0,100.0
2026-09-24,Charlotte Hornets,0-0,0.0,0.5,0.5,0.0,0.0,0.0,100.0
2026-09-24,Chicago Bulls,0-0,0.0,0.5,0.5,0.0,0.0,0.0,100.0
2026-09-24,Cleveland Cavaliers,0-0,0.0,0.5,0.5,0.0,0.0,0.0,100.0
2026-09-24,Dallas Mavericks,0-0,0.0,0.5,0.5,0.0,0.0,0.0,100.0
2026-09-24,Denver Nuggets,0-0,0.0,0.5,0.5,0.0,0.0,0.0,100.0
2026-09-24,Detroit Pistons,0-0,0.0,0.5,0.5,0.0,0.0,0.0,100.0
2026-09-24,Golden State Warriors,0-0,0.0,0.5,0.5,0.0,0.0,0.0,100.0
2026-09-24,Houston Rockets,0-0,0.0,0.5,0.5,0.0,0.0,0.0,100.0
2026-09-24,Indiana Pacers,0-0,0.0,0.5,0.5,0.0,0.0,0.0,100.0
2026-09-24,LA Clippers,0-0,0.0,0.5,0.5,0.0,0.0,0.0,100.0
2026-09-24,Los Angeles Lakers,0-0,0.0,0.5,0.5,0.0,0.0,0.0,100.0
2026-09-24,Memphis Grizzlies,0-0,0.0,0.5,0.5,0.0,0.0,0.0,100.0
2026-09-24,Miami Heat,0-0,0.0,0.5,0.5,0.0,0.0,0.0,100.0
2026-09-24,Milwaukee Bucks,0-0,0.0,0.5,0.5,0.0,0.0,0.0,100.0
2026-09-24,Minnesota Timberwolves,0-0,0.0,0.5,0.5,0.0,0.0,0.0,100.0
2026-09-24,New Orleans Pelicans,0-0,0.0,0.5,0.5,0.0,0.0,0.0,100.0
2026-09-24,New York Knicks,0-0,0.0,0.5,0.5,0.0,0.0,0.0,100.0
2026-09-24,Oklahoma City Thunder,0-0,0.0,0.5,0.5,0.0,0.0,0.0,100.0
2026-09-24,Orlando Magic,0-0,0.0,0.5,0.5,0.0,0.0,0.0,100.0
2026-09-24,Philadelphia 76ers,0-0,0.0,0.5,0.5,0.0,0.0,0.0,100.0
2026-09-24,Phoenix Suns,0-0,0.0,0.5,0.5,0.0,0.0,0.0,100.0
2026-09-24,Portland Trail Blazers,0-0,0.0,0.5,0.5,0.0,0.0,0.0,100.0
2026-09-24,Sacramento Kings,0-0,0.0,0.5,0.5,0.0,0.0,0.0,100.0
2026-09-24,San Antonio Spurs,0-0,0.0,0.5,0.5,0.0,0.0,0.0,100.0
2026-09-24,Toronto Raptors,0-0,0.0,0.5,0.5,0.0,0.0,0.0,100.0
2026-09-24,Utah Jazz,0-0,0.0,0.5,0.5,0.0,0.0,0.0,100.0
2026-09-24,Washington Wizards,0-0,0.0,0.5,0.5,0.0,0.0,0.0,100.0
2026-09-25,Atlanta Hawks,0-0,0.0,0.5,0.5,0.0,0.0,0.0,100.0
2026-09-25,Boston Celtics,0-0,0.0,0.5,0.5,0.0,0.0,0.0,100.0
2026-09-25,Brooklyn Nets,0-0,0.0,0.5,0.5,0.0,0.0,0.0,100.0
2026-09-25,Charlotte Hornets,0-0,0.0,0.5,0.5,0.0,0.0,0.0,100.0
2026-09-25,Chicago Bulls,0-0,0.0,0.5,0.5,0.0,0.0,0.0,100.0
2026-09-25,Cleveland Cavaliers,0-0,0.0,0.5,0.5,0.0,0.0,0.0,100.0
2026-09-25,Dallas Mavericks,0-0,0.0,0.5,0.5,0.0,0.0,0.0,100.0
2026-09-25,Denver Nuggets,0-0,0.0,0.5,0.5,0.0,0.0,0.0,100.0
2026-09-25,Detroit Pistons,0-0,0.0,0.5,0.5,0.0,0.0,0.0,100.0
2026-09-25,Golden State Warriors,0-0,0.0,0.5,0.5,0.0,0.0,0.0,100.0
2026-09-25,Houston Rockets,0-0,0.0,0.5,0.5,0.0,0.0,0.0,100.0
2026-09-25,Indiana Pacers,0-0,0.0,0.5,0.5,0.0,0.0,0.0,100.0
2026-09-25,LA Clippers,0-0,0.0,0.5,0.5,0.0,0.0,0.0,100.0
2026-09-25,Los Angeles Lakers,0-0,0.0,0.5,0.5,0.0,0.0,0.0,100.0
2026-09-25,Memphis Grizzlies,0-0,0.0,0.5,0.5,0.0,0.0,0.0,100.0
2026-09-25,Miami Heat,0-0,0.0,0.5,0.5,0.0,0.0,0.0,100.0
2026-09-25,Milwaukee Bucks,0-0,0.0,0.5,0.5,0.0,0.0,0.0,100.0
2026-09-25,Minnesota Timberwolves,0-0,0.0,0.5,0.5,0.0,0.0,0.0,100.0
2026-09-25,New Orleans Pelicans,0-0,0.0,0.5,0.5,0.0,0.0,0.0,100.0
2026-09-25,New York Knicks,0-0,0.0,0.5,0.5,0.0,0.0,0.0,100.0
2026-09-25,Oklahoma City Thunder,0-0,0.0,0.5,0.5,0.0,0.0,0.0,100.0
2026-09-25,Orlando Magic,0-0,0.0,0.5,0.5,0.0,0.0,0.0,100.0
2026-09-25,Philadelphia 76ers,0-0,0.0,0.5,0.5,0.0,0.0,0.0,100.0
2026-09-25,Phoenix Suns,0-0,0.0,0.5,0.5,0.0,0.0,0.0,100.0
2026-09-25,Portland Trail Blazers,0-0,0.0,0.5,0.5,0.0,0.0,0.0,100.0
2026-09-25,Sacramento Kings,0-0,0.0,0.5,0.5,0.0,0.0,0.0,100.0
2026-09-25,San Antonio Spurs,0-0,0.0,0.5,0.5,0.0,0.0,0.0,100.0
2026-09-25,Toronto Raptors,0-0,0.0,0.5,0.5,0.0,0.0,0.0,100.0
2026-09-25,Utah Jazz,0-0,0.0,0.5,0.5,0.0,0.0,0.0,100.0
2026-09-25,Washington Wizards,0-0,0.0,0.5,0.5,0.0,0.0,0.0,100.0
2026-09-26,Atlanta Hawks,0-0,0.0,0.5,0.5,0.0,0.0,0.0,100.0
2026-09-26,Boston Celtics,0-0,0.0,0.5,0.5,0.0,0.0,0.0,100.0
2026-09-26,Brooklyn Nets,0-0,0.0,0.5,0.5,0.0,0.0,0.0,100.0
2026-09-26,Charlotte Hornets,0-0,0.0,0.5,0.5,0.0,0.0,0.0,100.0
2026-09-26,Chicago Bulls,0-0,0.0,0.5,0.5,0.0,0.0,0.0,100.0
2026-09-26,Cleveland Cavaliers,0-0,0.0,0.5,0.5,0.0,0.0,0.0,100.0
2026-09-26,Dallas Mavericks,0-0,0.0,0.5,0.5,0.0,0.0,0.0,100.0
2026-09-26,Denver Nuggets,0-0,0.0,0.5,0.5,0.0,0.0,0.0,100.0
2026-09-26,Detroit Pistons,0-0,0.0,0.5,0.5,0.0,0.0,0.0,100.0
2026-09-26,Golden State Warriors,0-0,0.0,0.5,0.5,0.0,0.0,0.0,100.0
2026-09-26,Houston Rockets,0-0,0.0,0.5,0.5,0.0,0.0,0.0,100.0
2026-09-26,Indiana Pacers,0-0,0.0,0.5,0.5,0.0,0.0,0.0,100.0
2026-09-26,LA Clippers,0-0,0.0,0.5,0.5,0.0,0.0,0.0,100.0
2026-09-26,Los Angeles Lakers,0-0,0.0,0.5,0.5,0.0,0.0,0.0,100.0
2026-09-26,Memphis Grizzlies,0-0,0.0,0.5,0.5,0.0,0.0,0.0,100.0
2026-09-26,Miami Heat,0-0,0.0,0.5,0.5,0.0,0.0,0.0,100.0
2026-09-26,Milwaukee Bucks,0-0,0.0,0.5,0.5,0.0,0.0,0.0,100.0
2026-09-26,Minnesota Timberwolves,0-0,0.0,0.5,0.5,0.0,0.0,0.0,100.0
2026-09-26,New Orleans Pelicans,0-0,0.0,0.5,0.5,0.0,0.0,0.0,100.0
2026-09-26,New York Knicks,0-0,0.0,0.5,0.5,0.0,0.0,0.0,100.0
2026-09-26,Oklahoma City Thunder,0-0,0.0,0.5,0.5,0.0,0.0,0.0,100.0
2026-09-26,Orlando Magic,0-0,0.0,0.5,0.5,0.0,0.0,0.0,100.0
2026-09-26,Philadelphia 76ers,0-0,0.0,0.5,0.5,0.0,0.0,0.0,100.0
2026-09-26,Phoenix Suns,0-0,0.0,0.5,0.5,0.0,0.0,0.0,100.0
2026-09-26,Portland Trail Blazers,0-0,0.0,0.5,0.5,0.0,0.0,0.0,100.0
2026-09-26,Sacramento Kings,0-0,0.0,0.5,0.5,0.0,0.0,0.0,100.0
2026-09-26,San Antonio Spurs,0-0,0.0,0.5,0.5,0.0,0.0,0.0,100.0
2026-09-26,Toronto Raptors,0-0,0.0,0.5,0.5,0.0,0.0,0.0,100.0
2026-09-26,Utah Jazz,0-0,0.0,0.5,0.5,0.0,0.0,0.0,100.0
2026-09-26,Washington Wizards,0-0,0.0,0.5,0.5,0.0,0.0,0.0,100.0
2026-09-27,Atlanta Hawks,0-0,0.0,0.5,0.5,0.0,0.0,0.0,100.0
2026-09-27,Boston Celtics,0-0,0.0,0.5,0.5,0.0,0.0,0.0,100.0
2026-09-27,Brooklyn Nets,0-0,0.0,0.5,0.5,0.0,0.0,0.0,100.0
2026-09-27,Charlotte Hornets,0-0,0.0,0.5,0.5,0.0,0.0,0.0,100.0
2026-09-27,Chicago Bulls,0-0,0.0,0.5,0.5,0.0,0.0,0.0,100.0
2026-09-27,Cleveland Cavaliers,0-0,0.0,0.5,0.5,0.0,0.0,0.0,100.0
2026-09-27,Dallas Mavericks,0-0,0.0,0.5,0.5,0.0,0.0,0.0,100.0
2026-09-27,Denver Nuggets,0-0,0.0,0.5,0.5,0.0,0.0,0.0,100.0
2026-09-27,Detroit Pistons,0-0,0.0,0.5,0.5,0.0,0.0,0.0,100.0
2026-09-27,Golden State Warriors,0-0,0.0,0.5,0.5,0.0,0.0,0.0,100.0
2026-09-27,Houston Rockets,0-0,0.0,0.5,0.5,0.0,0.0,0.0,100.0
2026-09-27,Indiana Pacers,0-0,0.0,0.5,0.5,0.0,0.0,0.0,100.0
2026-09-27,LA Clippers,0-0,0.0,0.5,0.5,0.0,0.0,0.0,100.0
2026-09-27,Los Angeles Lakers,0-0,0.0,0.5,0.5,0.0,0.0,0.0,100.0
2026-09-27,Memphis Grizzlies,0-0,0.0,0.5,0.5,0.0,0.0,0.0,100.0
2026-09-27,Miami Heat,0-0,0.0,0.5,0.5,0.0,0.0,0.0,100.0
2026-09-27,Milwaukee Bucks,0-0,0.0,0.5,0.5,0.0,0.0,0.0,100.0
2026-09-27,Minnesota Timberwolves,0-0,0.0,0.5,0.5,0.0,0.0,0.0,100.0
2026-09-27,New Orleans Pelicans,0-0,0.0,0.5,0.5,0.0,0.0,0.0,100.0
2026-09-27,New York Knicks,0-0,0.0,0.5,0.5,0.0,0.0,0.0,100.0
2026-09-27,Oklahoma City Thunder,0-0,0.0,0.5,0.5,0.0,0.0,0.0,100.0
2026-09-27,Orlando Magic,0-0,0.0,0.5,0.5,0.0,0.0,0.0,100.0
2026-09-27,Philadelphia 76ers,0-0,0.0,0.5,0.5,0.0,0.0,0.0,100.0
2026-09-27,Phoenix Suns,0-0,0.0,0.5,0.5,0.0,0.0,0.0,100.0
2026-09-27,Portland Trail Blazers,0-0,0.0,0.5,0.5,0.0,0.0,0.0,100.0
2026-09-27,Sacramento Kings,0-0,0.0,0.5,0.5,0.0,0.0,0.0,100.0
2026-09-27,San Antonio Spurs,0-0,0.0,0.5,0.5,0.0,0.0,0.0,100.0
2026-09-27,Toronto Raptors,0-0,0.0,0.5,0.5,0.0,0.0,0.0,100.0
2026-09-27,Utah Jazz,0-0,0.0,0.5,0.5,0.0,0.0,0.0,100.0
2026-09-27,Washington Wizards,0-0,0.0,0.5,0.5,0.0,0.0,0.0,100.0
2026-09-28,Atlanta Hawks,0-0,0.0,0.5,0.5,0.0,0.0,0.0,100.0
2026-09-28,Boston Celtics,0-0,0.0,0.5,0.5,0.0,0.0,0.0,100.0
2026-09-28,Brooklyn Nets,0-0,0.0,0.5,0.5,0.0,0.0,0.0,100.0
2026-09-28,Charlotte Hornets,0-0,0.0,0.5,0.5,0.0,0.0,0.0,100.0
2026-09-28,Chicago Bulls,0-0,0.0,0.5,0.5,0.0,0.0,0.0,100.0
2026-09-28,Cleveland Cavaliers,0-0,0.0,0.5,0.5,0.0,0.0,0.0,100.0
2026-09-28,Dallas Mavericks,0-0,0.0,0.5,0.5,0.0,0.0,0.0,100.0
2026-09-28,Denver Nuggets,0-0,0.0,0.5,0.5,0.0,0.0,0.0,100.0
2026-09-28,Detroit Pistons,0-0,0.0,0.5,0.5,0.0,0.0,0.0,100.0
2026-09-28,Golden State Warriors,0-0,0.0,0.5,0.5,0.0,0.0,0.0,100.0
2026-09-28,Houston Rockets,0-0,0.0,0.5,0.5,0.0,0.0,0.0,100.0
2026-09-28,Indiana Pacers,0-0,0.0,0.5,0.5,0.0,0.0,0.0,100.0
2026-09-28,LA Clippers,0-0,0.0,0.5,0.5,0.0,0.0,0.0,100.0
2026-09-28,Los Angeles Lakers,0-0,0.0,0.5,0.5,0.0,0.0,0.0,100.0
2026-09-28,Memphis Grizzlies,0-0,0.0,0.5,0.5,0.0,0.0,0.0,100.0
2026-09-28,Miami Heat,0-0,0.0,0.5,0.5,0.0,0.0,0.0,100.0
2026-09-28,Milwaukee Bucks,0-0,0.0,0.5,0.5,0.0,0.0,0.0,100.0
2026-09-28,Minnesota Timberwolves,0-0,0.0,0.5,0.5,0.0,0.0,0.0,100.0
2026-09-28,New Orleans Pelicans,0-0,0.0,0.5,0.5,0.0,0.0,0.0,100.0
2026-09-28,New York Knicks,0-0,0.0,0.5,0.5,0.0,0.0,0.0,100.0
2026-09-28,Oklahoma City Thunder,0-0,0.0,0.5,0.5,0.0,0.0,0.0,100.0
2026-09-28,Orlando Magic,0-0,0.0,0.5,0.5,0.0,0.0,0.0,100.0
2026-09-28,Philadelphia 76ers,0-0,0.0,0.5,0.5,0.0,0.0,0.0,100.0
2026-09-28,Phoenix Suns,0-0,0.0,0.5,0.5,0.0,0.0,0.0,100.0
2026-09-28,Portland Trail Blazers,0-0,0.0,0.5,0.5,0.0,0.0,0.0,100.0
2026-09-28,Sacramento Kings,0-0,0.0,0.5,0.5,0.0,0.0,0.0,100.0
2026-09-28,San Antonio Spurs,0-0,0.0,0.5,0.5,0.0,0.0,0.0,100.0
2026-09-28,Toronto Raptors,0-0,0.0,0.5,0.5,0.0,0.0,0.0,100.0
2026-09-28,Utah Jazz,0-0,0.0,0.5,0.5,0.0,0.0,0.0,100.0
2026-09-28,Washington Wizards,0-0,0.0,0.5,0.5,0.0,0.0,0.0,100.0
2026-09-29,Atlanta Hawks,0-0,0.0,0.5,0.5,0.0,0.0,0.0,100.0
2026-09-29,Boston Celtics,0-0,0.0,0.5,0.5,0.0,0.0,0.0,100.0
2026-09-29,Brooklyn Nets,0-0,0.0,0.5,0.5,0.0,0.0,0.0,100.0
2026-09-29,Charlotte Hornets,0-0,0.0,0.5,0.5,0.0,0.0,0.0,100.0
2026-09-29,Chicago Bulls,0-0,0.0,0.5,0.5,0.0,0.0,0.0,100.0
2026-09-29,Cleveland Cavaliers,0-0,0.0,0.5,0.5,0.0,0.0,0.0,100.0
2026-09-29,Dallas Mavericks,0-0,0.0,0.5,0.5,0.0,0.0,0.0,100.0
2026-09-29,Denver Nuggets,0-0,0.0,0.5,0.5,0.0,0.0,0.0,100.0
2026-09-29,Detroit Pistons,0-0,0.0,0.5,0.5,0.0,0.0,0.0,100.0
2026-09-29,Golden State Warriors,0-0,0.0,0.5,0.5,0.0,0.0,0.0,100.0
2026-09-29,Houston Rockets,0-0,0.0,0.5,0.5,0.0,0.0,0.0,100.0
2026-09-29,Indiana Pacers,0-0,0.0,0.5,0.5,0.0,0.0,0.0,100.0
2026-09-29,LA Clippers,0-0,0.0,0.5,0.5,0.0,0.0,0.0,100.0
2026-09-29,Los Angeles Lakers,0-0,0.0,0.5,0.5,0.0,0.0,0.0,100.0
2026-09-29,Memphis Grizzlies,0-0,0.0,0.5,0.5,0.0,0.0,0.0,100.0
2026-09-29,Miami Heat,0-0,0.0,0.5,0.5,0.0,0.0,0.0,100.0
2026-09-29,Milwaukee Bucks,0-0,0.0,0.5,0.5,0.0,0.0,0.0,100.0
2026-09-29,Minnesota Timberwolves,0-0,0.0,0.5,0.5,0.0,0.0,0.0,100.0
2026-09-29,New Orleans Pelicans,0-0,0.0,0.5,0.5,0.0,0.0,0.0,100.0
2026-09-29,New York Knicks,0-0,0.0,0.5,0.5,0.0,0.0,0.0,100.0
2026-09-29,Oklahoma City Thunder,0-0,0.0,0.5,0.5,0.0,0.0,0.0,100.0
2026-09-29,Orlando Magic,0-0,0.0,0.5,0.5,0.0,0.0,0.0,100.0
2026-09-29,Philadelphia 76ers,0-0,0.0,0.5,0.5,0.0,0.0,0.0,100.0
2026-09-29,Phoenix Suns,0-0,0.0,0.5,0.5,0.0,0.0,0.0,100.0
2026-09-29,Portland Trail Blazers,0-0,0.0,0.5,0.5,0.0,0.0,0.0,100.0
2026-09-29,Sacramento Kings,0-0,0.0,0.5,0.5,0.0,0.0,0.0,100.0
2026-09-29,San Antonio Spurs,0-0,0.0,0.5,0.5,0.0,0.0,0.0,100.0
2026-09-29,Toronto Raptors,0-0,0.0,0.5,0.5,0.0,0.0,0.0,100.0
2026-09-29,Utah Jazz,0-0,0.0,0.5,0.5,0.0,0.0,0.0,100.0
2026-09-29,Washington Wizards,0-0,0.0,0.5,0.5,0.0,0.0,0.0,100.0
2026-09-30,Atlanta Hawks,0-0,0.0,0.5,0.5,0.0,0.0,0.0,100.0
2026-09-30,Boston Celtics,0-0,0.0,0.5,0.5,0.0,0.0,0.0,100.0
2026-09-30,Brooklyn Nets,0-0,0.0,0.5,0.5,0.0,0.0,0.0,100.0
2026-09-30,Charlotte Hornets,0-0,0.0,0.5,0.5,0.0,0.0,0.0,100.0
2026-09-30,Chicago Bulls,0-0,0.0,0.5,0.5,0.0,0.0,0.0,100.0
2026-09-30,Cleveland Cavaliers,0-0,0.0,0.5,0.5,0.0,0.0,0.0,100.0
2026-09-30,Dallas Mavericks,0-0,0.0,0.5,0.5,0.0,0.0,0.0,100.0
2026-09-30,Denver Nuggets,0-0,0.0,0.5,0.5,0.0,0.0,0.0,100.0
2026-09-30,Detroit Pistons,0-0,0.0,0.5,0.5,0.0,0.0,0.0,100.0
2026-09-30,Golden State Warriors,0-0,0.0,0.5,0.5,0.0,0.0,0.0,100.0
2026-09-30,Houston Rockets,0-0,0.0,0.5,0.5,0.0,0.0,0.0,100.0
2026-09-30,Indiana Pacers,0-0,0.0,0.5,0.5,0.0,0.0,0.0,100.0
2026-09-30,LA Clippers,0-0,0.0,0.5,0.5,0.0,0.0,0.0,100.0
2026-09-30,Los Angeles Lakers,0-0,0.0,0.5,0.5,0.0,0.0,0.0,100.0
2026-09-30,Memphis Grizzlies,0-0,0.0,0.5,0.5,0.0,0.0,0.0,100.0
2026-09-30,Miami Heat,0-0,0.0,0.5,0.5,0.0,0.0,0.0,100.0
2026-09-30,Milwaukee Bucks,0-0,0.0,0.5,0.5,0.0,0.0,0.0,100.0
2026-09-30,Minnesota Timberwolves,0-0,0.0,0.5,0.5,0.0,0.0,0.0,100.0
2026-09-30,New Orleans Pelicans,0-0,0.0,0.5,0.5,0.0,0.0,0.0,100.0
2026-09-30,New York Knicks,0-0,0.0,0.5,0.5,0.0,0.0,0.0,100.0
2026-09-30,Oklahoma City Thunder,0-0,0.0,0.5,0.5,0.0,0.0,0.0,100.0
2026-09-30,Orlando Magic,0-0,0.0,0.5,0.5,0.0,0.0,0.0,100.0
2026-09-30,Philadelphia 76ers,0-0,0.0,0.5,0.5,0.0,0.0,0.0,100.0
2026-09-30,Phoenix Suns,0-0,0.0,0.5,0.5,0.0,0.0,0.0,100.0
2026-09-30,Portland Trail Blazers,0-0,0.0,0.5,0.5,0.0,0.0,0.0,100.0
2026-09-30,Sacramento Kings,0-0,0.0,0.5,0.5,0.0,0.0,0.0,100.0
2026-09-30,San Antonio Spurs,0-0,0.0,0.5,0.5,0.0,0.0,0.0,100.0
2026-09-30,Toronto Raptors,0-0,0.0,0.5,0.5,0.0,0.0,0.0,100.0
2026-09-30,Utah Jazz,0-0,0.0,0.5,0.5,0.0,0.0,0.0,100.0
2026-09-30,Washington Wizards,0-0,0.0,0.5,0.5,0.0,0.0,0.0,100.0
2026-10-01,Atlanta Hawks,0-0,0.0,0.5,0.5,0.0,0.0,0.0,100.0
2026-10-01,Boston Celtics,0-0,0.0,0.5,0.5,0.0,0.0,0.0,100.0
2026-10-01,Brooklyn Nets,0-0,0.0,0.5,0.5,0.0,0.0,0.0,100.0
2026-10-01,Charlotte Hornets,0-0,0.0,0.5,0.5,0.0,0.0,0.0,100.0
2026-10-01,Chicago Bulls,0-0,0.0,0.5,0.5,0.0,0.0,0.0,100.0
2026-10-01,Cleveland Cavaliers,0-0,0.0,0.5,0.5,0.0,0.0,0.0,100.0
2026-10-01,Dallas Mavericks,0-0,0.0,0.5,0.5,0.0,0.0,0.0,100.0
2026-10-01,Denver Nuggets,0-0,0.0,0.5,0.5,0.0,0.0,0.0,100.0
2026-10-01,Detroit Pistons,0-0,0.0,0.5,0.5,0.0,0.0,0.0,100.0
2026-10-01,Golden State Warriors,0-0,0.0,0.5,0.5,0.0,0.0,0.0,100.0
2026-10-01,Houston Rockets,0-0,0.0,0.5,0.5,0.0,0.0,0.0,100.0
2026-10-01,Indiana Pacers,0-0,0.0,0.5,0.5,0.0,0.0,0.0,100.0
2026-10-01,LA Clippers,0-0,0.0,0.5,0.5,0.0,0.0,0.0,100.0
2026-10-01,Los Angeles Lakers,0-0,0.0,0.5,0.5,0.0,0.0,0.0,100.0
2026-10-01,Memphis Grizzlies,0-0,0.0,0.5,0.5,0.0,0.0,0.0,100.0
2026-10-01,Miami Heat,0-0,0.0,0.5,0.5,0.0,0.0,0.0,100.0
2026-10-01,Milwaukee Bucks,0-0,0.0,0.5,0.5,0.0,0.0,0.0,100.0
2026-10-01,Minnesota Timberwolves,0-0,0.0,0.5,0.5,0.0,0.0,0.0,100.0
2026-10-01,New Orleans Pelicans,0-0,0.0,0.5,0.5,0.0,0.0,0.0,100.0
2026-10-01,New York Knicks,0-0,0.0,0.5,0.5,0.0,0.0,0.0,100.0
2026-10-01,Oklahoma City Thunder,0-0,0.0,0.5,0.5,0.0,0.0,0.0,100.0
2026-10-01,Orlando Magic,0-0,0.0,0.5,0.5,0.0,0.0,0.0,100.0
2026-10-01,Philadelphia 76ers,0-0,0.0,0.5,0.5,0.0,0.0,0.0,100.0
2026-10-01,Phoenix Suns,0-0,0.0,0.5,0.5,0.0,0.0,0.0,100.0
2026-10-01,Portland Trail Blazers,0-0,0.0,0.5,0.5,0.0,0.0,0.0,100.0
2026-10-01,Sacramento Kings,0-0,0.0,0.5,0.5,0.0,0.0,0.0,100.0
2026-10-01,San Antonio Spurs,0-0,0.0,0.5,0.5,0.0,0.0,0.0,100.0
2026-10-01,Toronto Raptors,0-0,0.0,0.5,0.5,0.0,0.0,0.0,100.0
2026-10-01,Utah Jazz,0-0,0.0,0.5,0.5,0.0,0.0,0.0,100.0
2026-10-01,Washington Wizards,0-0,0.0,0.5,0.5,0.0,0.0,0.0,100.0
2026-10-02,Atlanta Hawks,0-0,0.0,0.5,0.5,0.0,0.0,0.0,100.0
2026-10-02,Boston Celtics,0-0,0.0,0.5,0.5,0.0,0.0,0.0,100.0
2026-10-02,Brooklyn Nets,0-0,0.0,0.5,0.5,0.0,0.0,0.0,100.0
2026-10-02,Charlotte Hornets,0-0,0.0,0.5,0.5,0.0,0.0,0.0,100.0
2026-10-02,Chicago Bulls,0-0,0.0,0.5,0.5,0.0,0.0,0.0,100.0
2026-10-02,Cleveland Cavaliers,0-0,0.0,0.5,0.5,0.0,0.0,0.0,100.0
2026-10-02,Dallas Mavericks,0-0,0.0,0.5,0.5,0.0,0.0,0.0,100.0
2026-10-02,Denver Nuggets,0-0,0.0,0.5,0.5,0.0,0.0,0.0,100.0
2026-10-02,Detroit Pistons,0-0,0.0,0.5,0.5,0.0,0.0,0.0,100.0
2026-10-02,Golden State Warriors,0-0,0.0,0.5,0.5,0.0,0.0,0.0,100.0
2026-10-02,Houston Rockets,0-0,0.0,0.5,0.5,0.0,0.0,0.0,100.0
2026-10-02,Indiana Pacers,0-0,0.0,0.5,0.5,0.0,0.0,0.0,100.0
2026-10-02,LA Clippers,0-0,0.0,0.5,0.5,0.0,0.0,0.0,100.0
2026-10-02,Los Angeles Lakers,0-0,0.0,0.5,0.5,0.0,0.0,0.0,100.0
2026-10-02,Memphis Grizzlies,0-0,0.0,0.5,0.5,0.0,0.0,0.0,100.0
2026-10-02,Miami Heat,0-0,0.0,0.5,0.5,0.0,0.0,0.0,100.0
2026-10-02,Milwaukee Bucks,0-0,0.0,0.5,0.5,0.0,0.0,0.0,100.0
2026-10-02,Minnesota Timberwolves,0-0,0.0,0.5,0.5,0.0,0.0,0.0,100.0
2026-10-02,New Orleans Pelicans,0-0,0.0,0.5,0.5,0.0,0.0,0.0,100.0
2026-10-02,New York Knicks,0-0,0.0,0.5,0.5,0.0,0.0,0.0,100.0
2026-10-02,Oklahoma City Thunder,0-0,0.0,0.5,0.5,0.0,0.0,0.0,100.0
2026-10-02,Orlando Magic,0-0,0.0,0.5,0.5,0.0,0.0,0.0,100.0
2026-10-02,Philadelphia 76ers,0-0,0.0,0.5,0.5,0.0,0.0,0.0,100.0
2026-10-02,Phoenix Suns,0-0,0.0,0.5,0.5,0.0,0.0,0.0,100.0
2026-10-02,Portland Trail Blazers,0-0,0.0,0.5,0.5,0.0,0.0,0.0,100.0
2026-10-02,Sacramento Kings,0-0,0.0,0.5,0.5,0.0,0.0,0.0,100.0
2026-10-02,San Antonio Spurs,0-0,0.0,0.5,0.5,0.0,0.0,0.0,100.0
2026-10-02,Toronto Raptors,0-0,0.0,0.5,0.5,0.0,0.0,0.0,100.0
2026-10-02,Utah Jazz,0-0,0.0,0.5,0.5,0.0,0.0,0.0,100.0
2026-10-02,Washington Wizards,0-0,0.0,0.5,0.5,0.0,0.0,0.0,100.0
2026-10-03,Atlanta Hawks,0-0,0.0,0.5,0.5,0.0,0.0,0.0,100.0
2026-10-03,Boston Celtics,0-0,0.0,0.5,0.5,0.0,0.0,0.0,100.0
2026-10-03,Brooklyn Nets,0-0,0.0,0.5,0.5,0.0,0.0,0.0,100.0
2026-10-03,Charlotte Hornets,0-0,0.0,0.5,0.5,0.0,0.0,0.0,100.0
2026-10-03,Chicago Bulls,0-0,0.0,0.5,0.5,0.0,0.0,0.0,100.0
2026-10-03,Cleveland Cavaliers,0-0,0.0,0.5,0.5,0.0,0.0,0.0,100.0
2026-10-03,Dallas Mavericks,0-0,0.0,0.5,0.5,0.0,0.0,0.0,100.0
2026-10-03,Denver Nuggets,0-0,0.0,0.5,0.5,0.0,0.0,0.0,100.0
2026-10-03,Detroit Pistons,0-0,0.0,0.5,0.5,0.0,0.0,0.0,100.0
2026-10-03,Golden State Warriors,0-0,0.0,0.5,0.5,0.0,0.0,0.0,100.0
2026-10-03,Houston Rockets,0-0,0.0,0.5,0.5,0.0,0.0,0.0,100.0
2026-10-03,Indiana Pacers,0-0,0.0,0.5,0.5,0.0,0.0,0.0,100.0
2026-10-03,LA Clippers,0-0,0.0,0.5,0.5,0.0,0.0,0.0,100.0
2026-10-03,Los Angeles Lakers,0-0,0.0,0.5,0.5,0.0,0.0,0.0,100.0
2026-10-03,Memphis Grizzlies,0-0,0.0,0.5,0.5,0.0,0.0,0.0,100.0
2026-10-03,Miami Heat,0-0,0.0,0.5,0.5,0.0,0.0,0.0,100.0
2026-10-03,Milwaukee Bucks,0-0,0.0,0.5,0.5,0.0,0.0,0.0,100.0
2026-10-03,Minnesota Timberwolves,0-0,0.0,0.5,0.5,0.0,0.0,0.0,100.0
2026-10-03,New Orleans Pelicans,0-0,0.0,0.5,0.5,0.0,0.0,0.0,100.0
2026-10-03,New York Knicks,0-0,0.0,0.5,0.5,0.0,0.0,0.0,100.0
2026-10-03,Oklahoma City Thunder,0-0,0.0,0.5,0.5,0.0,0.0,0.0,100.0
2026-10-03,Orlando Magic,0-0,0.0,0.5,0.5,0.0,0.0,0.0,100.0
2026-10-03,Philadelphia 76ers,0-0,0.0,0.5,0.5,0.0,0.0,0.0,100.0
2026-10-03,Phoenix Suns,0-0,0.0,0.5,0.5,0.0,0.0,0.0,100.0
2026-10-03,Portland Trail Blazers,0-0,0.0,0.5,0.5,0.0,0.0,0.0,100.0
2026-10-03,Sacramento Kings,0-0,0.0,0.5,0.5,0.0,0.0,0.0,100.0
2026-10-03,San Antonio Spurs,0-0,0.0,0.5,0.5,0.0,0.0,0.0,100.0
2026-10-03,Toronto Raptors,0-0,0.0,0.5,0.5,0.0,0.0,0.0,100.0
2026-10-03,Utah Jazz,0-0,0.0,0.5,0.5,0.0,0.0,0.0,100.0
2026-10-03,Washington Wizards,0-0,0.0,0.5,0.5,0.0,0.0,0.0,100.0
2026-10-04,Atlanta Hawks,0-0,0.0,0.5,0.5,0.0,0.0,0.0,100.0
2026-10-04,Boston Celtics,0-0,0.0,0.5,0.5,0.0,0.0,0.0,100.0
2026-10-04,Brooklyn Nets,0-0,0.0,0.5,0.5,0.0,0.0,0.0,100.0
2026-10-04,Charlotte Hornets,0-0,0.0,0.5,0.5,0.0,0.0,0.0,100.0
2026-10-04,Chicago Bulls,0-0,0.0,0.5,0.5,0.0,0.0,0.0,100.0
2026-10-04,Cleveland Cavaliers,0-0,0.0,0.5,0.5,0.0,0.0,0.0,100.0
2026-10-04,Dallas Mavericks,0-0,0.0,0.5,0.5,0.0,0.0,0.0,100.0
2026-10-04,Denver Nuggets,0-0,0.0,0.5,0.5,0.0,0.0,0.0,100.0
2026-10-04,Detroit Pistons,0-0,0.0,0.5,0.5,0.0,0.0,0.0,100.0
2026-10-04,Golden State Warriors,0-0,0.0,0.5,0.5,0.0,0.0,0.0,100.0
2026-10-04,Houston Rockets,0-0,0.0,0.5,0.5,0.0,0.0,0.0,100.0
2026-10-04,Indiana Pacers,0-0,0.0,0.5,0.5,0.0,0.0,0.0,100.0
2026-10-04,LA Clippers,0-0,0.0,0.5,0.5,0.0,0.0,0.0,100.0
2026-10-04,Los Angeles Lakers,0-0,0.0,0.5,0.5,0.0,0.0,0.0,100.0
2026-10-04,Memphis Grizzlies,0-0,0.0,0.5,0.5,0.0,0.0,0.0,100.0
2026-10-04,Miami Heat,1-0,1.0,0.8573,1.0,129.0,105.0,24.0,100.0
2026-10-04,Milwaukee Bucks,0-0,0.0,0.5,0.5,0.0,0.0,0.0,100.0
2026-10-04,Minnesota Timberwolves,0-0,0.0,0.5,0.5,0.0,0.0,0.0,100.0
2026-10-04,New Orleans Pelicans,0-0,0.0,0.5,0.5,0.0,0.0,0.0,100.0
2026-10-04,New York Knicks,0-0,0.0,0.5,0.5,0.0,0.0,0.0,100.0
2026-10-04,Oklahoma City Thunder,0-0,0.0,0.5,0.5,0.0,0.0,0.0,100.0
2026-10-04,Orlando Magic,0-0,0.0,0.5,0.5,0.0,0.0,0.0,100.0
2026-10-04,Philadelphia 76ers,0-0,0.0,0.5,0.5,0.0,0.0,0.0,100.0
2026-10-04,Phoenix Suns,0-0,0.0,0.5,0.5,0.0,0.0,0.0,100.0
2026-10-04,Portland Trail Blazers,0-0,0.0,0.5,0.5,0.0,0.0,0.0,100.0
2026-10-04,Sacramento Kings,0-0,0.0,0.5,0.5,0.0,0.0,0.0,100.0
2026-10-04,San Antonio Spurs,0-0,0.0,0.5,0.5,0.0,0.0,0.0,100.0
2026-10-04,Toronto Raptors,0-1,1.0,0.1427,0.0,105.0,129.0,-24.0,100.0
2026-10-04,Utah Jazz,0-0,0.0,0.5,0.5,0.0,0.0,0.0,100.0
2026-10-04,Washington Wizards,0-0,0.0,0.5,0.5,0.0,0.0,0.0,100.0
2026-10-05,Atlanta Hawks,0-0,0.0,0.5,0.5,0.0,0.0,0.0,100.0
2026-10-05,Boston Celtics,0-0,0.0,0.5,0.5,0.0,0.0,0.0,100.0
2026-10-05,Brooklyn Nets,0-0,0.0,0.5,0.5,0.0,0.0,0.0,100.0
2026-10-05,Charlotte Hornets,0-0,0.0,0.5,0.5,0.0,0.0,0.0,100.0
2026-10-05,Chicago Bulls,0-0,0.0,0.5,0.5,0.0,0.0,0.0,100.0
2026-10-05,Cleveland Cavaliers,0-0,0.0,0.5,0.5,0.0,0.0,0.0,100.0
2026-10-05,Dallas Mavericks,0-0,0.0,0.5,0.5,0.0,0.0,0.0,100.0
2026-10-05,Denver Nuggets,0-1,1.0,0.1988,0.0,97.0,109.0,-12.0,100.0
2026-10-05,Detroit Pistons,0-0,0.0,0.5,0.5,0.0,0.0,0.0,100.0
2026-10-05,Golden State Warriors,0-1,1.0,0.331,0.0,101.0,104.0,-3.0,100.0
2026-10-05,Houston Rockets,0-0,0.0,0.5,0.5,0.0,0.0,0.0,100.0
2026-10-05,Indiana Pacers,0-0,0.0,0.5,0.5,0.0,0.0,0.0,100.0
2026-10-05,LA Clippers,1-0,1.0,0.669,1.0,104.0,101.0,3.0,100.0
2026-10-05,Los Angeles Lakers,0-0,0.0,0.5,0.5,0.0,0.0,0.0,100.0
2026-10-05,Memphis Grizzlies,0-0,0.0,0.5,0.5,0.0,0.0,0.0,100.0
2026-10-05,Miami Heat,1-0,1.0,0.8573,1.0,129.0,105.0,24.0,100.0
2026-10-05,Milwaukee Bucks,0-0,0.0,0.5,0.5,0.0,0.0,0.0,100.0
2026-10-05,Minnesota Timberwolves,0-0,0.0,0.5,0.5,0.0,0.0,0.0,100.0
2026-10-05,New Orleans Pelicans,0-0,0.0,0.5,0.5,0.0,0.0,0.0,100.0
2026-10-05,New York Knicks,0-0,0.0,0.5,0.5,0.0,0.0,0.0,100.0
2026-10-05,Oklahoma City Thunder,0-0,0.0,0.5,0.5,0.0,0.0,0.0,100.0
2026-10-05,Orlando Magic,0-0,0.0,0.5,0.5,0.0,0.0,0.0,100.0
2026-10-05,Philadelphia 76ers,0-0,0.0,0.5,0.5,0.0,0.0,0.0,100.0
2026-10-05,Phoenix Suns,0-0,0.0,0.5,0.5,0.0,0.0,0.0,100.0
2026-10-05,Portland Trail Blazers,0-0,0.0,0.5,0.5,0.0,0.0,0.0,100.0
2026-10-05,Sacramento Kings,0-0,0.0,0.5,0.5,0.0,0.0,0.0,100.0
2026-10-05,San Antonio Spurs,0-0,0.0,0.5,0.5,0.0,0.0,0.0,100.0
2026-10-05,Toronto Raptors,0-1,1.0,0.1427,0.0,105.0,129.0,-24.0,100.0
2026-10-05,Utah Jazz,1-0,1.0,0.8012,1.0,109.0,97.0,12.0,100.0
2026-10-05,Washington Wizards,0-0,0.0,0.5,0.5,0.0,0.0,0.0,100.0
2026-10-06,Atlanta Hawks,0-1,1.0,0.2456,0.0,123.0,132.0,-9.0,100.0
2026-10-06,Boston Celtics,0-0,0.0,0.5,0.5,0.0,0.0,0.0,100.0
2026-10-06,Brooklyn Nets,0-0,0.0,0.5,0.5,0.0,0.0,0.0,100.0
2026-10-06,Charlotte Hornets,0-0,0.0,0.5,0.5,0.0,0.0,0.0,100.0
2026-10-06,Chicago Bulls,0-0,0.0,0.5,0.5,0.0,0.0,0.0,100.0
2026-10-06,Cleveland Cavaliers,0-0,0.0,0.5,0.5,0.0,0.0,0.0,100.0
2026-10-06,Dallas Mavericks,0-0,0.0,0.5,0.5,0.0,0.0,0.0,100.0
2026-10-06,Denver Nuggets,0-1,1.0,0.1988,0.0,97.0,109.0,-12.0,100.0
2026-10-06,Detroit Pistons,1-0,1.0,0.6544,1.0,109.0,107.0,2.0,100.0
2026-10-06,Golden State Warriors,0-1,1.0,0.331,0.0,101.0,104.0,-3.0,100.0
2026-10-06,Houston Rockets,0-0,0.0,0.5,0.5,0.0,0.0,0.0,100.0
2026-10-06,Indiana Pacers,0-0,0.0,0.5,0.5,0.0,0.0,0.0,100.0
2026-10-06,LA Clippers,1-0,1.0,0.669,1.0,104.0,101.0,3.0,100.0
2026-10-06,Los Angeles Lakers,1-0,1.0,0.8573,1.0,127.0,103.0,24.0,100.0
2026-10-06,Memphis Grizzlies,1-0,1.0,0.7544,1.0,132.0,123.0,9.0,100.0
2026-10-06,Miami Heat,1-0,1.0,0.8573,1.0,129.0,105.0,24.0,100.0
2026-10-06,Milwaukee Bucks,0-1,1.0,0.1494,0.0,97.0,116.0,-19.0,100.0
2026-10-06,Minnesota Timberwolves,1-0,1.0,0.8506,1.0,116.0,97.0,19.0,100.0
2026-10-06,New Orleans Pelicans,0-0,0.0,0.5,0.5,0.0,0.0,0.0,100.0
2026-10-06,New York Knicks,0-1,1.0,0.144,0.0,97.0,120.0,-23.0,100.0
2026-10-06,Oklahoma City Thunder,0-0,0.0,0.5,0.5,0.0,0.0,0.0,100.0
2026-10-06,Orlando Magic,0-0,0.0,0.5,0.5,0.0,0.0,0.0,100.0
2026-10-06,Philadelphia 76ers,1-0,1.0,0.856,1.0,120.0,97.0,23.0,100.0
2026-10-06,Phoenix Suns,0-1,1.0,0.3456,0.0,107.0,109.0,-2.0,100.0
2026-10-06,Portland Trail Blazers,0-0,0.0,0.5,0.5,0.0,0.0,0.0,100.0
2026-10-06,Sacramento Kings,0-1,1.0,0.1427,0.0,103.0,127.0,-24.0,100.0
2026-10-06,San Antonio Spurs,0-0,0.0,0.5,0.5,0.0,0.0,0.0,100.0
2026-10-06,Toronto Raptors,0-1,1.0,0.1427,0.0,105.0,129.0,-24.0,100.0
2026-10-06,Utah Jazz,1-0,1.0,0.8012,1.0,109.0,97.0,12.0,100.0
2026-10-06,Washington Wizards,0-0,0.0,0.5,0.5,0.0,0.0,0.0,100.0
2026-10-07,Atlanta Hawks,0-1,1.0,0.2456,0.0,123.0,132.0,-9.0,100.0
2026-10-07,Boston Celtics,0-0,0.0,0.5,0.5,0.0,0.0,0.0,100.0
2026-10-07,Brooklyn Nets,1-0,1.0,0.8708,1.0,124.0,90.0,34.0,100.0
2026-10-07,Charlotte Hornets,0-1,1.0,0.1292,0.0,90.0,124.0,-34.0,100.0
2026-10-07,Chicago Bulls,0-0,0.0,0.5,0.5,0.0,0.0,0.0,100.0
2026-10-07,Cleveland Cavaliers,0-0,0.0,0.5,0.5,0.0,0.0,0.0,100.0
2026-10-07,Dallas Mavericks,0-0,0.0,0.5,0.5,0.0,0.0,0.0,100.0
2026-10-07,Denver Nuggets,1-1,2.0,0.4927,0.5,107.0,107.5,-0.5,100.0
2026-10-07,Detroit Pistons,1-0,1.0,0.6544,1.0,109.0,107.0,2.0,100.0
2026-10-07,Golden State Warriors,1-1,2.0,0.6688,0.5,112.5,101.0,11.5,100.0
2026-10-07,Houston Rockets,0-0,0.0,0.5,0.5,0.0,0.0,0.0,100.0
2026-10-07,Indiana Pacers,0-0,0.0,0.5,0.5,0.0,0.0,0.0,100.0
2026-10-07,LA Clippers,1-0,1.0,0.669,1.0,104.0,101.0,3.0,100.0
2026-10-07,Los Angeles Lakers,1-1,2.0,0.4853,0.5,112.5,113.5,-1.0,100.0
2026-10-07,Memphis Grizzlies,1-0,1.0,0.7544,1.0,132.0,123.0,9.0,100.0
2026-10-07,Miami Heat,1-0,1.0,0.8573,1.0,129.0,105.0,24.0,100.0
2026-10-07,Milwaukee Bucks,0-1,1.0,0.1494,0.0,97.0,116.0,-19.0,100.0
2026-10-07,Minnesota Timberwolves,1-0,1.0,0.8506,1.0,116.0,97.0,19.0,100.0
2026-10-07,New Orleans Pelicans,1-0,1.0,0.7131,1.0,116.0,110.0,6.0,100.0
2026-10-07,New York Knicks,0-1,1.0,0.144,0.0,97.0,120.0,-23.0,100.0
2026-10-07,Oklahoma City Thunder,0-1,1.0,0.2869,0.0,110.0,116.0,-6.0,100.0
2026-10-07,Orlando Magic,0-0,0.0,0.5,0.5,0.0,0.0,0.0,100.0
2026-10-07,Philadelphia 76ers,1-0,1.0,0.856,1.0,120.0,97.0,23.0,100.0
2026-10-07,Phoenix Suns,0-1,1.0,0.3456,0.0,107.0,109.0,-2.0,100.0
2026-10-07,Portland Trail Blazers,0-0,0.0,0.5,0.5,0.0,0.0,0.0,100.0
2026-10-07,Sacramento Kings,0-1,1.0,0.1427,0.0,103.0,127.0,-24.0,100.0
2026-10-07,San Antonio Spurs,0-0,0.0,0.5,0.5,0.0,0.0,0.0,100.0
2026-10-07,Toronto Raptors,0-1,1.0,0.1427,0.0,105.0,129.0,-24.0,100.0
2026-10-07,Utah Jazz,1-1,2.0,0.5073,0.5,107.5,107.0,0.5,100.0
2026-10-07,Washington Wizards,0-0,0.0,0.5,0.5,0.0,0.0,0.0,100.0
2026-10-08,Atlanta Hawks,0-1,1.0,0.2456,0.0,123.0,132.0,-9.0,100.0
2026-10-08,Boston Celtics,0-0,0.0,0.5,0.5,0.0,0.0,0.0,100.0
2026-10-08,Brooklyn Nets,1-0,1.0,0.8708,1.0,124.0,90.0,34.0,100.0
2026-10-08,Charlotte Hornets,0-1,1.0,0.1292,0.0,90.0,124.0,-34.0,100.0
2026-10-08,Chicago Bulls,1-0,1.0,0.7278,1.0,124.0,117.0,7.0,100.0
2026-10-08,Cleveland Cavaliers,0-0,0.0,0.5,0.5,0.0,0.0,0.0,100.0
2026-10-08,Dallas Mavericks,0-0,0.0,0.5,0.5,0.0,0.0,0.0,100.0
2026-10-08,Denver Nuggets,1-1,2.0,0.4927,0.5,107.0,107.5,-0.5,100.0
2026-10-08,Detroit Pistons,1-0,1.0,0.6544,1.0,109.0,107.0,2.0,100.0
2026-10-08,Golden State Warriors,1-2,3.0,0.5464,0.333,114.3,108.3,6.0,100.0
2026-10-08,Houston Rockets,0-0,0.0,0.5,0.5,0.0,0.0,0.0,100.0
2026-10-08,Indiana Pacers,1-0,1.0,0.7865,1.0,123.0,112.0,11.0,100.0
2026-10-08,LA Clippers,1-0,1.0,0.669,1.0,104.0,101.0,3.0,100.0
2026-10-08,Los Angeles Lakers,1-1,2.0,0.4853,0.5,112.5,113.5,-1.0,100.0
2026-10-08,Memphis Grizzlies,1-1,2.0,0.5367,0.5,125.0,122.5,2.5,100.0
2026-10-08,Miami Heat,1-0,1.0,0.8573,1.0,129.0,105.0,24.0,100.0
2026-10-08,Milwaukee Bucks,1-1,2.0,0.3752,0.5,112.5,121.0,-8.5,100.0
2026-10-08,Minnesota Timberwolves,1-1,2.0,0.5587,0.5,114.0,110.0,4.0,100.0
2026-10-08,New Orleans Pelicans,1-0,1.0,0.7131,1.0,116.0,110.0,6.0,100.0
2026-10-08,New York Knicks,0-1,1.0,0.144,0.0,97.0,120.0,-23.0,100.0
2026-10-08,Oklahoma City Thunder,0-2,2.0,0.3163,0.0,118.0,122.0,-4.0,100.0
2026-10-08,Orlando Magic,1-0,1.0,0.6837,1.0,122.0,118.0,4.0,100.0
2026-10-08,Philadelphia 76ers,1-0,1.0,0.856,1.0,120.0,97.0,23.0,100.0
2026-10-08,Phoenix Suns,0-2,2.0,0.3089,0.0,112.0,116.5,-4.5,100.0
2026-10-08,Portland Trail Blazers,1-0,1.0,0.6984,1.0,123.0,118.0,5.0,100.0
2026-10-08,Sacramento Kings,0-1,1.0,0.1427,0.0,103.0,127.0,-24.0,100.0
2026-10-08,San Antonio Spurs,0-0,0.0,0.5,0.5,0.0,0.0,0.0,100.0
2026-10-08,Toronto Raptors,0-1,1.0,0.1427,0.0,105.0,129.0,-24.0,100.0
2026-10-08,Utah Jazz,1-1,2.0,0.5073,0.5,107.5,107.0,0.5,100.0
2026-10-08,Washington Wizards,0-0,0.0,0.5,0.5,0.0,0.0,0.0,100.0
2026-10-09,Atlanta Hawks,1-1,2.0,0.4853,0.5,123.0,124.0,-1.0,100.0
2026-10-09,Boston Celtics,1-0,1.0,0.7865,1.0,124.0,113.0,11.0,100.0
2026-10-09,Brooklyn Nets,2-0,2.0,0.8519,1.0,119.0,99.0,20.0,100.0
2026-10-09,Charlotte Hornets,0-1,1.0,0.1292,0.0,90.0,124.0,-34.0,100.0
2026-10-09,Chicago Bulls,1-0,1.0,0.7278,1.0,124.0,117.0,7.0,100.0
2026-10-09,Cleveland Cavaliers,0-1,1.0,0.2135,0.0,113.0,124.0,-11.0,100.0
2026-10-09,Dallas Mavericks,0-1,1.0,0.1575,0.0,117.0,135.0,-18.0,100.0
2026-10-09,Denver Nuggets,1-1,2.0,0.4927,0.5,107.0,107.5,-0.5,100.0
2026-10-09,Detroit Pistons,1-0,1.0,0.6544,1.0,109.0,107.0,2.0,100.0
2026-10-09,Golden State Warriors,1-2,3.0,0.5464,0.333,114.3,108.3,6.0,100.0
2026-10-09,Houston Rockets,1-0,1.0,0.8425,1.0,135.0,117.0,18.0,100.0
2026-10-09,Indiana Pacers,1-0,1.0,0.7865,1.0,123.0,112.0,11.0,100.0
2026-10-09,LA Clippers,1-0,1.0,0.669,1.0,104.0,101.0,3.0,100.0
2026-10-09,Los Angeles Lakers,2-1,3.0,0.5515,0.667,113.0,112.3,0.7,100.0
2026-10-09,Memphis Grizzlies,1-1,2.0,0.5367,0.5,125.0,122.5,2.5,100.0
2026-10-09,Miami Heat,2-0,2.0,0.8479,1.0,128.5,111.5,17.0,100.0
2026-10-09,Milwaukee Bucks,1-1,2.0,0.3752,0.5,112.5,121.0,-8.5,100.0
2026-10-09,Minnesota Timberwolves,1-1,2.0,0.5587,0.5,114.0,110.0,4.0,100.0
2026-10-09,New Orleans Pelicans,1-1,2.0,0.4706,0.5,117.0,119.0,-2.0,100.0
2026-10-09,New York Knicks,0-2,2.0,0.1915,0.0,103.0,115.5,-12.5,100.0
2026-10-09,Oklahoma City Thunder,0-2,2.0,0.3163,0.0,118.0,122.0,-4.0,100.0
2026-10-09,Orlando Magic,1-0,1.0,0.6837,1.0,122.0,118.0,4.0,100.0
2026-10-09,Philadelphia 76ers,1-1,2.0,0.6248,0.5,114.0,105.5,8.5,100.0
2026-10-09,Phoenix Suns,0-2,2.0,0.3089,0.0,112.0,116.5,-4.5,100.0
2026-10-09,Portland Trail Blazers,1-0,1.0,0.6984,1.0,123.0,118.0,5.0,100.0
2026-10-09,Sacramento Kings,0-2,2.0,0.1695,0.0,106.5,120.5,-14.0,100.0
2026-10-09,San Antonio Spurs,0-1,1.0,0.2722,0.0,116.0,123.0,-7.0,100.0
2026-10-09,Toronto Raptors,0-1,1.0,0.1427,0.0,105.0,129.0,-24.0,100.0
2026-10-09,Utah Jazz,1-1,2.0,0.5073,0.5,107.5,107.0,0.5,100.0
2026-10-09,Washington Wizards,1-0,1.0,0.6544,1.0,111.0,109.0,2.0,100.0
2026-10-10,Atlanta Hawks,1-1,2.0,0.4853,0.5,123.0,124.0,-1.0,100.0
2026-10-10,Boston Celtics,1-0,1.0,0.7865,1.0,124.0,113.0,11.0,100.0
2026-10-10,Brooklyn Nets,2-0,2.0,0.8519,1.0,119.0,99.0,20.0,100.0
2026-10-10,Charlotte Hornets,0-1,1.0,0.1292,0.0,90.0,124.0,-34.0,100.0
2026-10-10,Chicago Bulls,1-1,2.0,0.522,0.5,112.0,110.5,1.5,100.0
2026-10-10,Cleveland Cavaliers,0-1,1.0,0.2135,0.0,113.0,124.0,-11.0,100.0
2026-10-10,Dallas Mavericks,0-1,1.0,0.1575,0.0,117.0,135.0,-18.0,100.0
2026-10-10,Denver Nuggets,1-1,2.0,0.4927,0.5,107.0,107.5,-0.5,100.0
2026-10-10,Detroit Pistons,1-0,1.0,0.6544,1.0,109.0,107.0,2.0,100.0
2026-10-10,Golden State Warriors,1-2,3.0,0.5464,0.333,114.3,108.3,6.0,100.0
2026-10-10,Houston Rockets,1-0,1.0,0.8425,1.0,135.0,117.0,18.0,100.0
2026-10-10,Indiana Pacers,1-0,1.0,0.7865,1.0,123.0,112.0,11.0,100.0
2026-10-10,LA Clippers,1-0,1.0,0.669,1.0,104.0,101.0,3.0,100.0
2026-10-10,Los Angeles Lakers,2-1,3.0,0.5515,0.667,113.0,112.3,0.7,100.0
2026-10-10,Memphis Grizzlies,2-1,3.0,0.5857,0.667,118.0,115.0,3.0,100.0
2026-10-10,Miami Heat,2-0,2.0,0.8479,1.0,128.5,111.5,17.0,100.0
2026-10-10,Milwaukee Bucks,1-1,2.0,0.3752,0.5,112.5,121.0,-8.5,100.0
2026-10-10,Minnesota Timberwolves,1-1,2.0,0.5587,0.5,114.0,110.0,4.0,100.0
2026-10-10,New Orleans Pelicans,1-1,2.0,0.4706,0.5,117.0,119.0,-2.0,100.0
2026-10-10,New York Knicks,0-2,2.0,0.1915,0.0,103.0,115.5,-12.5,100.0
2026-10-10,Oklahoma City Thunder,0-2,2.0,0.3163,0.0,118.0,122.0,-4.0,100.0
2026-10-10,Orlando Magic,1-0,1.0,0.6837,1.0,122.0,118.0,4.0,100.0
2026-10-10,Philadelphia 76ers,1-1,2.0,0.6248,0.5,114.0,105.5,8.5,100.0
2026-10-10,Phoenix Suns,0-2,2.0,0.3089,0.0,112.0,116.5,-4.5,100.0
2026-10-10,Portland Trail Blazers,1-0,1.0,0.6984,1.0,123.0,118.0,5.0,100.0
2026-10-10,Sacramento Kings,0-2,2.0,0.1695,0.0,106.5,120.5,-14.0,100.0
2026-10-10,San Antonio Spurs,0-1,1.0,0.2722,0.0,116.0,123.0,-7.0,100.0
2026-10-10,Toronto Raptors,0-1,1.0,0.1427,0.0,105.0,129.0,-24.0,100.0
2026-10-10,Utah Jazz,1-1,2.0,0.5073,0.5,107.5,107.0,0.5,100.0
2026-10-10,Washington Wizards,1-0,1.0,0.6544,1.0,111.0,109.0,2.0,100.0
