game_id,game_date,away_team,home_team,predicted_at,model_version,pregame,preseason,replay,p_final,p_elo,p_glm,p_prior,starter_edge,favored_team,away_score,home_score,winner,graded,correct
401773017,2025-08-15,Tennessee Titans,Atlanta Falcons,2026-09-17T01:52:18Z,3,0,1,,0.5179,0.5414,0.5562,0.5137,,Atlanta Falcons,,,,0,
401774591,2025-08-15,Kansas City Chiefs,Seattle Seahawks,2026-09-17T01:52:18Z,3,0,1,,0.5368,0.5414,0.5562,0.5406,,Seattle Seahawks,,,,0,
401773000,2025-08-16,Tampa Bay Buccaneers,Pittsburgh Steelers,2026-09-17T01:52:18Z,3,0,1,,0.5466,0.5414,0.5562,0.5546,,Pittsburgh Steelers,,,,0,
401773003,2025-08-16,Green Bay Packers,Indianapolis Colts,2026-09-17T01:52:18Z,3,0,1,,0.5235,0.5414,0.5562,0.5216,,Indianapolis Colts,,,,0,
401773006,2025-08-16,Cleveland Browns,Philadelphia Eagles,2026-09-17T01:52:18Z,3,0,1,,0.5365,0.5414,0.5562,0.5402,,Philadelphia Eagles,,,,0,
401773007,2025-08-16,Baltimore Ravens,Dallas Cowboys,2026-09-17T01:52:18Z,3,0,1,,0.5088,0.5414,0.5562,0.5007,,Dallas Cowboys,,,,0,
401773009,2025-08-16,New York Jets,New York Giants,2026-09-17T01:52:18Z,3,0,1,,0.5266,0.5414,0.5562,0.5261,,New York Giants,,,,0,
401773013,2025-08-16,New England Patriots,Minnesota Vikings,2026-09-17T01:52:18Z,3,0,1,,0.5411,0.5414,0.5562,0.5468,,Minnesota Vikings,,,,0,
401773021,2025-08-16,Los Angeles Chargers,Los Angeles Rams,2026-09-17T01:52:18Z,3,0,1,,0.5289,0.5414,0.5562,0.5294,,Los Angeles Rams,,,,0,
401773027,2025-08-16,Carolina Panthers,Houston Texans,2026-09-17T01:52:18Z,3,0,1,,0.5093,0.5414,0.5562,0.5014,,Houston Texans,,,,0,
401774569,2025-08-16,San Francisco 49ers,Las Vegas Raiders,2026-09-17T01:52:18Z,3,0,1,,0.5274,0.5414,0.5562,0.5272,,Las Vegas Raiders,,,,0,
401774637,2025-08-16,Arizona Cardinals,Denver Broncos,2026-09-17T01:52:18Z,3,0,1,,0.5144,0.5414,0.5562,0.5086,,Denver Broncos,,,,0,
401776264,2025-08-16,Miami Dolphins,Detroit Lions,2026-09-17T01:52:18Z,3,0,1,,0.545,0.5414,0.5562,0.5524,,Detroit Lions,,,,0,
401772972,2025-08-17,Buffalo Bills,Chicago Bears,2026-09-17T01:52:18Z,3,0,1,,0.5093,0.5414,0.5562,0.5014,,Chicago Bears,,,,0,
401773014,2025-08-17,Jacksonville Jaguars,New Orleans Saints,2026-09-17T01:52:18Z,3,0,1,,0.5081,0.5414,0.5562,0.4996,,New Orleans Saints,,,,0,
401772973,2025-08-18,Cincinnati Bengals,Washington Commanders,2026-09-17T01:52:18Z,3,0,1,,0.4947,0.5414,0.5562,0.4805,,Cincinnati Bengals,,,,0,
401772974,2025-08-21,New England Patriots,New York Giants,2026-09-17T01:52:18Z,3,0,1,,0.5481,0.5414,0.5562,0.5568,,New York Giants,,,,0,
401773019,2025-08-21,Pittsburgh Steelers,Carolina Panthers,2026-09-17T01:52:18Z,3,0,1,,0.5112,0.5414,0.5562,0.5041,,Carolina Panthers,,,,0,
401772975,2025-08-22,Minnesota Vikings,Tennessee Titans,2026-09-17T01:52:18Z,3,0,1,,0.512,0.5414,0.5562,0.5052,,Tennessee Titans,,,,0,
401772997,2025-08-22,Philadelphia Eagles,New York Jets,2026-09-17T01:52:18Z,3,0,1,,0.514,0.5414,0.5562,0.5081,,New York Jets,,,,0,
401773004,2025-08-22,Chicago Bears,Kansas City Chiefs,2026-09-17T01:52:18Z,3,0,1,,0.5235,0.5414,0.5562,0.5216,,Kansas City Chiefs,,,,0,
401773008,2025-08-22,Atlanta Falcons,Dallas Cowboys,2026-09-17T01:52:18Z,3,0,1,,0.5235,0.5414,0.5562,0.5216,,Dallas Cowboys,,,,0,
401772998,2025-08-23,Indianapolis Colts,Cincinnati Bengals,2026-09-17T01:52:18Z,3,0,1,,0.538,0.5414,0.5562,0.5424,,Cincinnati Bengals,,,,0,
401772999,2025-08-23,Los Angeles Rams,Cleveland Browns,2026-09-17T01:52:18Z,3,0,1,,0.5258,0.5414,0.5562,0.5249,,Cleveland Browns,,,,0,
401773011,2025-08-23,Seattle Seahawks,Green Bay Packers,2026-09-17T01:52:18Z,3,0,1,,0.5041,0.5414,0.5562,0.494,,Green Bay Packers,,,,0,
401773015,2025-08-23,Denver Broncos,New Orleans Saints,2026-09-17T01:52:18Z,3,0,1,,0.5069,0.5414,0.5562,0.498,,New Orleans Saints,,,,0,
401774030,2025-08-23,Buffalo Bills,Tampa Bay Buccaneers,2026-09-17T01:52:18Z,3,0,1,,0.4971,0.5414,0.5562,0.4839,,Buffalo Bills,,,,0,
401774590,2025-08-23,Las Vegas Raiders,Arizona Cardinals,2026-09-17T01:52:18Z,3,0,1,,0.5242,0.5414,0.5562,0.5227,,Arizona Cardinals,,,,0,
401776265,2025-08-23,Houston Texans,Detroit Lions,2026-09-17T01:52:18Z,3,0,1,,0.5521,0.5414,0.5562,0.5624,,Detroit Lions,,,,0,
401776565,2025-08-23,Jacksonville Jaguars,Miami Dolphins,2026-09-17T01:52:18Z,3,0,1,,0.5183,0.5414,0.5562,0.5142,,Miami Dolphins,,,,0,
401776567,2025-08-23,Los Angeles Chargers,San Francisco 49ers,2026-09-17T01:52:18Z,3,0,1,,0.5318,0.5414,0.5562,0.5335,,San Francisco 49ers,,,,0,
401777124,2025-08-23,Baltimore Ravens,Washington Commanders,2026-09-17T01:52:18Z,3,0,1,,0.5041,0.5414,0.5562,0.494,,Washington Commanders,,,,0,
401772510,2025-09-04,Dallas Cowboys,Philadelphia Eagles,2026-09-17T01:52:18Z,3,0,0,,0.549,0.5414,0.5562,0.558,,Philadelphia Eagles,20,24,Philadelphia Eagles,1,1
401772714,2025-09-05,Kansas City Chiefs,Los Angeles Chargers,2026-09-17T01:52:18Z,3,0,0,,0.5144,0.5414,0.5562,0.5086,,Los Angeles Chargers,21,27,Los Angeles Chargers,1,1
401772718,2025-09-07,Arizona Cardinals,New Orleans Saints,2026-09-17T01:52:18Z,3,0,0,,0.4986,0.5414,0.5562,0.4861,,Arizona Cardinals,20,13,Arizona Cardinals,1,1
401772719,2025-09-07,Miami Dolphins,Indianapolis Colts,2026-09-17T01:52:18Z,3,0,0,,0.5258,0.5414,0.5562,0.5249,,Indianapolis Colts,8,33,Indianapolis Colts,1,1
401772720,2025-09-07,Las Vegas Raiders,New England Patriots,2026-09-17T01:52:18Z,3,0,0,,0.5018,0.5414,0.5562,0.4906,,New England Patriots,20,13,Las Vegas Raiders,1,0
401772721,2025-09-07,Pittsburgh Steelers,New York Jets,2026-09-17T01:52:18Z,3,0,0,,0.5179,0.5414,0.5562,0.5137,,New York Jets,34,32,Pittsburgh Steelers,1,0
401772722,2025-09-07,Detroit Lions,Green Bay Packers,2026-09-17T01:52:18Z,3,0,0,,0.5025,0.5414,0.5562,0.4917,,Green Bay Packers,13,27,Green Bay Packers,1,1
401772723,2025-09-07,Houston Texans,Los Angeles Rams,2026-09-17T01:52:18Z,3,0,0,,0.5344,0.5414,0.5562,0.5372,,Los Angeles Rams,9,14,Los Angeles Rams,1,1
401772827,2025-09-07,New York Giants,Washington Commanders,2026-09-17T01:52:18Z,3,0,0,,0.4962,0.5414,0.5562,0.4827,,New York Giants,6,21,Washington Commanders,1,0
401772828,2025-09-07,Carolina Panthers,Jacksonville Jaguars,2026-09-17T01:52:18Z,3,0,0,,0.5208,0.5414,0.5562,0.5178,,Jacksonville Jaguars,10,26,Jacksonville Jaguars,1,1
401772829,2025-09-07,Cincinnati Bengals,Cleveland Browns,2026-09-17T01:52:18Z,3,0,0,,0.512,0.5414,0.5562,0.5052,,Cleveland Browns,17,16,Cincinnati Bengals,1,0
401772830,2025-09-07,Tampa Bay Buccaneers,Atlanta Falcons,2026-09-17T01:52:18Z,3,0,0,,0.5235,0.5414,0.5562,0.5216,,Atlanta Falcons,23,20,Tampa Bay Buccaneers,1,0
401772831,2025-09-07,San Francisco 49ers,Seattle Seahawks,2026-09-17T01:52:18Z,3,0,0,,0.536,0.5414,0.5562,0.5395,,Seattle Seahawks,17,13,San Francisco 49ers,1,0
401772832,2025-09-07,Tennessee Titans,Denver Broncos,2026-09-17T01:52:18Z,3,0,0,,0.5289,0.5414,0.5562,0.5294,,Denver Broncos,12,20,Denver Broncos,1,1
401772918,2025-09-07,Baltimore Ravens,Buffalo Bills,2026-09-17T01:52:18Z,3,0,0,,0.5328,0.5414,0.5562,0.535,,Buffalo Bills,40,41,Buffalo Bills,1,1
401772810,2025-09-08,Minnesota Vikings,Chicago Bears,2026-09-17T01:52:18Z,3,0,0,,0.5188,0.5414,0.5562,0.5149,,Chicago Bears,27,24,Minnesota Vikings,1,0
401772936,2025-09-11,Washington Commanders,Green Bay Packers,2026-09-17T01:52:18Z,3,0,0,,0.5337,0.5402,0.5452,0.5372,,Green Bay Packers,18,27,Green Bay Packers,1,1
401772724,2025-09-14,Los Angeles Rams,Tennessee Titans,2026-09-17T01:52:18Z,3,0,0,,0.4918,0.4687,0.3175,0.5126,,Los Angeles Rams,33,19,Los Angeles Rams,1,1
401772725,2025-09-14,Jacksonville Jaguars,Cincinnati Bengals,2026-09-17T01:52:18Z,3,0,0,,0.5235,0.5051,0.4395,0.5406,,Cincinnati Bengals,27,31,Cincinnati Bengals,1,1
401772726,2025-09-14,Cleveland Browns,Baltimore Ravens,2026-09-17T01:52:18Z,3,0,0,,0.5251,0.544,0.5558,0.5223,,Baltimore Ravens,17,41,Baltimore Ravens,1,1
401772727,2025-09-14,Buffalo Bills,New York Jets,2026-09-17T01:52:18Z,3,0,0,,0.5038,0.5045,0.3869,0.5115,,New York Jets,30,10,Buffalo Bills,1,0
401772728,2025-09-14,New England Patriots,Miami Dolphins,2026-09-17T01:52:18Z,3,0,0,,0.5264,0.5279,0.4147,0.5328,,Miami Dolphins,33,27,New England Patriots,1,0
401772729,2025-09-14,Denver Broncos,Indianapolis Colts,2026-09-17T01:52:18Z,3,0,0,,0.5275,0.5605,0.6777,0.5171,,Indianapolis Colts,28,29,Indianapolis Colts,1,1
401772730,2025-09-14,Carolina Panthers,Arizona Cardinals,2026-09-17T01:52:18Z,3,0,0,,0.5644,0.6356,0.822,0.5312,,Arizona Cardinals,22,27,Arizona Cardinals,1,1
401772833,2025-09-14,San Francisco 49ers,New Orleans Saints,2026-09-17T01:52:18Z,3,0,0,,0.4769,0.46,0.3379,0.4951,,San Francisco 49ers,26,21,San Francisco 49ers,1,1
401772834,2025-09-14,New York Giants,Dallas Cowboys,2026-09-17T01:52:18Z,3,0,0,,0.5096,0.5623,0.6123,0.4895,,Dallas Cowboys,37,40,Dallas Cowboys,1,1
401772835,2025-09-14,Chicago Bears,Detroit Lions,2026-09-17T01:52:18Z,3,0,0,,0.532,0.5227,0.4741,0.5439,,Detroit Lions,21,52,Detroit Lions,1,1
401772836,2025-09-14,Seattle Seahawks,Pittsburgh Steelers,2026-09-17T01:52:18Z,3,0,0,,0.541,0.5999,0.7436,0.516,,Pittsburgh Steelers,31,17,Seattle Seahawks,1,0
401772837,2025-09-14,Philadelphia Eagles,Kansas City Chiefs,2026-09-17T01:52:18Z,3,0,0,,0.4855,0.4766,0.3245,0.4991,,Philadelphia Eagles,20,17,Philadelphia Eagles,1,1
401772919,2025-09-14,Atlanta Falcons,Minnesota Vikings,2026-09-17T01:52:18Z,3,0,0,,0.5591,0.6013,0.7486,0.5424,,Minnesota Vikings,22,6,Atlanta Falcons,1,0
401772715,2025-09-15,Tampa Bay Buccaneers,Houston Texans,2026-09-17T01:52:18Z,3,0,0,,0.4996,0.4781,0.3555,0.5193,,Tampa Bay Buccaneers,20,19,Tampa Bay Buccaneers,1,1
401772811,2025-09-15,Los Angeles Chargers,Las Vegas Raiders,2026-09-17T01:52:18Z,3,0,0,,0.5398,0.5517,0.5666,0.5402,,Las Vegas Raiders,20,9,Los Angeles Chargers,1,0
401772937,2025-09-18,Miami Dolphins,Buffalo Bills,2026-09-17T01:52:18Z,3,0,0,,0.6071,0.7046,0.8617,0.548,,Buffalo Bills,21,31,Buffalo Bills,1,1
401772731,2025-09-21,Cincinnati Bengals,Minnesota Vikings,2026-09-17T01:52:18Z,3,0,0,,0.4813,0.4539,0.3947,0.5081,,Cincinnati Bengals,10,48,Minnesota Vikings,1,0
401772732,2025-09-21,Pittsburgh Steelers,New England Patriots,2026-09-17T01:52:18Z,3,0,0,,0.514,0.5799,0.6499,0.4827,,New England Patriots,21,14,Pittsburgh Steelers,1,0
401772733,2025-09-21,Indianapolis Colts,Tennessee Titans,2026-09-17T01:52:18Z,3,0,0,,0.4569,0.3815,0.2167,0.5149,,Indianapolis Colts,41,20,Indianapolis Colts,1,1
401772734,2025-09-21,Houston Texans,Jacksonville Jaguars,2026-09-17T01:52:18Z,3,0,0,,0.5587,0.6054,0.6773,0.5368,,Jacksonville Jaguars,10,17,Jacksonville Jaguars,1,1
401772735,2025-09-21,Denver Broncos,Los Angeles Chargers,2026-09-17T01:52:18Z,3,0,0,,0.5411,0.6036,0.6727,0.5104,,Los Angeles Chargers,20,23,Los Angeles Chargers,1,1
401772736,2025-09-21,New Orleans Saints,Seattle Seahawks,2026-09-17T01:52:18Z,3,0,0,,0.5934,0.6477,0.7523,0.5646,,Seattle Seahawks,13,44,Seattle Seahawks,1,1
401772838,2025-09-21,Atlanta Falcons,Carolina Panthers,2026-09-17T01:52:18Z,3,0,0,,0.4886,0.4248,0.326,0.5372,,Atlanta Falcons,0,30,Carolina Panthers,1,0
401772839,2025-09-21,Los Angeles Rams,Philadelphia Eagles,2026-09-17T01:52:18Z,3,0,0,,0.528,0.5139,0.5015,0.5446,,Philadelphia Eagles,26,33,Philadelphia Eagles,1,1
401772840,2025-09-21,New York Jets,Tampa Bay Buccaneers,2026-09-17T01:52:18Z,3,0,0,,0.5554,0.6652,0.8125,0.4928,,Tampa Bay Buccaneers,27,29,Tampa Bay Buccaneers,1,1
401772841,2025-09-21,Las Vegas Raiders,Washington Commanders,2026-09-17T01:52:18Z,3,0,0,,0.5104,0.5598,0.5841,0.4895,,Washington Commanders,24,41,Washington Commanders,1,1
401772842,2025-09-21,Green Bay Packers,Cleveland Browns,2026-09-17T01:52:18Z,3,0,0,,0.4644,0.3787,0.2151,0.5283,,Green Bay Packers,10,13,Cleveland Browns,1,0
401772843,2025-09-21,Arizona Cardinals,San Francisco 49ers,2026-09-17T01:52:18Z,3,0,0,,0.5163,0.5386,0.5566,0.5115,,San Francisco 49ers,15,16,San Francisco 49ers,1,1
401772844,2025-09-21,Dallas Cowboys,Chicago Bears,2026-09-17T01:52:18Z,3,0,0,,0.4976,0.4502,0.3122,0.5357,,Dallas Cowboys,14,31,Chicago Bears,1,0
401772920,2025-09-21,Kansas City Chiefs,New York Giants,2026-09-17T01:52:18Z,3,0,0,,0.5276,0.5288,0.5071,0.535,,New York Giants,22,9,Kansas City Chiefs,1,0
401772812,2025-09-22,Detroit Lions,Baltimore Ravens,2026-09-17T01:52:18Z,3,0,0,,0.522,0.5699,0.5708,0.5014,,Baltimore Ravens,38,30,Detroit Lions,1,0
401772938,2025-09-25,Seattle Seahawks,Arizona Cardinals,2026-09-17T01:52:18Z,3,0,0,,0.5086,0.5209,0.4535,0.5104,,Arizona Cardinals,23,20,Seattle Seahawks,1,0
401772632,2025-09-28,Minnesota Vikings,Pittsburgh Steelers,2026-09-17T01:52:18Z,3,0,0,,0.5156,0.5065,0.485,0.5317,,Pittsburgh Steelers,21,24,Pittsburgh Steelers,1,1
401772737,2025-09-28,Los Angeles Chargers,New York Giants,2026-09-17T01:52:18Z,3,0,0,,0.4377,0.3075,0.2216,0.5468,,Los Angeles Chargers,18,21,New York Giants,1,0
401772738,2025-09-28,Tennessee Titans,Houston Texans,2026-09-17T01:52:18Z,3,0,0,,0.5422,0.5987,0.6629,0.5115,,Houston Texans,0,26,Houston Texans,1,1
401772739,2025-09-28,Washington Commanders,Atlanta Falcons,2026-09-17T01:52:18Z,3,0,0,,0.485,0.4417,0.3631,0.5261,,Washington Commanders,27,34,Atlanta Falcons,1,0
401772740,2025-09-28,New Orleans Saints,Buffalo Bills,2026-09-17T01:52:18Z,3,0,0,,0.6402,0.7453,0.867,0.5624,,Buffalo Bills,19,31,Buffalo Bills,1,1
401772741,2025-09-28,Baltimore Ravens,Kansas City Chiefs,2026-09-17T01:52:18Z,3,0,0,,0.5215,0.5421,0.5405,0.5171,,Kansas City Chiefs,20,37,Kansas City Chiefs,1,1
401772742,2025-09-28,Chicago Bears,Las Vegas Raiders,2026-09-17T01:52:18Z,3,0,0,,0.5168,0.5127,0.5104,0.5294,,Las Vegas Raiders,25,24,Chicago Bears,1,0
401772845,2025-09-28,Philadelphia Eagles,Tampa Bay Buccaneers,2026-09-17T01:52:18Z,3,0,0,,0.4828,0.5031,0.5146,0.4805,,Philadelphia Eagles,31,25,Philadelphia Eagles,1,1
401772846,2025-09-28,Cleveland Browns,Detroit Lions,2026-09-17T01:52:18Z,3,0,0,,0.5797,0.6432,0.7326,0.5413,,Detroit Lions,10,34,Detroit Lions,1,1
401772847,2025-09-28,Carolina Panthers,New England Patriots,2026-09-17T01:52:18Z,3,0,0,,0.4857,0.4827,0.4675,0.4991,,Carolina Panthers,13,42,New England Patriots,1,0
401772848,2025-09-28,Jacksonville Jaguars,San Francisco 49ers,2026-09-17T01:52:18Z,3,0,0,,0.5383,0.5705,0.5795,0.5249,,San Francisco 49ers,26,21,Jacksonville Jaguars,1,0
401772849,2025-09-28,Indianapolis Colts,Los Angeles Rams,2026-09-17T01:52:18Z,3,0,0,,0.4936,0.467,0.3772,0.5227,,Indianapolis Colts,20,27,Los Angeles Rams,1,0
401772921,2025-09-28,Green Bay Packers,Dallas Cowboys,2026-09-17T01:52:18Z,3,0,0,,0.4646,0.4164,0.3431,0.5104,,Green Bay Packers,40,40,Dallas Cowboys,1,0
401772716,2025-09-29,Cincinnati Bengals,Denver Broncos,2026-09-17T01:52:18Z,3,0,0,,0.529,0.5818,0.6113,0.5018,,Denver Broncos,3,28,Denver Broncos,1,1
401772813,2025-09-29,New York Jets,Miami Dolphins,2026-09-17T01:52:18Z,3,0,0,,0.5003,0.5139,0.5014,0.5018,,Miami Dolphins,21,27,Miami Dolphins,1,1
401772939,2025-10-02,San Francisco 49ers,Los Angeles Rams,2026-09-17T01:52:18Z,3,0,0,,0.543,0.5894,0.6129,0.5164,,Los Angeles Rams,26,23,San Francisco 49ers,1,0
401772633,2025-10-05,Minnesota Vikings,Cleveland Browns,2026-09-17T01:52:18Z,3,0,0,,0.4788,0.4459,0.3583,0.5175,,Minnesota Vikings,21,17,Minnesota Vikings,1,1
401772743,2025-10-05,Houston Texans,Baltimore Ravens,2026-09-17T01:52:18Z,3,0,0,,0.5225,0.5092,0.4671,0.5435,,Baltimore Ravens,44,10,Houston Texans,1,0
401772744,2025-10-05,New York Giants,New Orleans Saints,2026-09-17T01:52:18Z,3,0,0,,0.4739,0.4815,0.4234,0.4816,,New York Giants,14,26,New Orleans Saints,1,0
401772745,2025-10-05,Denver Broncos,Philadelphia Eagles,2026-09-17T01:52:18Z,3,0,0,,0.5706,0.6151,0.6061,0.5435,,Philadelphia Eagles,21,17,Denver Broncos,1,0
401772746,2025-10-05,Tampa Bay Buccaneers,Seattle Seahawks,2026-09-17T01:52:18Z,3,0,0,,0.5857,0.6283,0.7035,0.5591,,Seattle Seahawks,38,35,Tampa Bay Buccaneers,1,0
401772747,2025-10-05,Tennessee Titans,Arizona Cardinals,2026-09-17T01:52:18Z,3,0,0,,0.6303,0.7379,0.8027,0.5413,,Arizona Cardinals,22,21,Tennessee Titans,1,0
401772850,2025-10-05,Dallas Cowboys,New York Jets,2026-09-17T01:52:18Z,3,0,0,,0.5068,0.4713,0.4456,0.5457,,New York Jets,37,22,Dallas Cowboys,1,0
401772851,2025-10-05,Las Vegas Raiders,Indianapolis Colts,2026-09-17T01:52:18Z,3,0,0,,0.5812,0.68,0.7594,0.5074,,Indianapolis Colts,6,40,Indianapolis Colts,1,1
401772852,2025-10-05,Miami Dolphins,Carolina Panthers,2026-09-17T01:52:18Z,3,0,0,,0.5392,0.5644,0.5455,0.5294,,Carolina Panthers,24,27,Carolina Panthers,1,1
401772853,2025-10-05,Washington Commanders,Los Angeles Chargers,2026-09-17T01:52:18Z,3,0,0,,0.5571,0.6007,0.5798,0.5317,,Los Angeles Chargers,27,10,Washington Commanders,1,0
401772854,2025-10-05,Detroit Lions,Cincinnati Bengals,2026-09-17T01:52:18Z,3,0,0,,0.4306,0.346,0.2141,0.5149,,Detroit Lions,37,24,Detroit Lions,1,1
401772922,2025-10-05,New England Patriots,Buffalo Bills,2026-09-17T01:52:18Z,3,0,0,,0.5944,0.6455,0.6876,0.5602,,Buffalo Bills,23,20,New England Patriots,1,0
401772814,2025-10-06,Kansas City Chiefs,Jacksonville Jaguars,2026-09-17T01:52:18Z,3,0,0,,0.5423,0.5869,0.583,0.5171,,Jacksonville Jaguars,28,31,Jacksonville Jaguars,1,1
401772940,2025-10-09,Philadelphia Eagles,New York Giants,2026-09-17T01:52:18Z,3,0,0,,0.4065,0.3127,0.3042,0.5137,,Philadelphia Eagles,17,34,New York Giants,1,0
401772634,2025-10-12,Denver Broncos,New York Jets,2026-09-17T01:52:18Z,3,0,0,,0.3911,0.2685,0.237,0.5312,,Denver Broncos,13,11,Denver Broncos,1,1
401772748,2025-10-12,Cleveland Browns,Pittsburgh Steelers,2026-09-17T01:52:18Z,3,0,0,,0.5954,0.6776,0.7356,0.5346,,Pittsburgh Steelers,9,23,Pittsburgh Steelers,1,1
401772749,2025-10-12,San Francisco 49ers,Tampa Bay Buccaneers,2026-09-17T01:52:18Z,3,0,0,,0.5042,0.5237,0.5808,0.5007,,Tampa Bay Buccaneers,19,30,Tampa Bay Buccaneers,1,1
401772750,2025-10-12,Los Angeles Chargers,Miami Dolphins,2026-09-17T01:52:18Z,3,0,0,,0.4706,0.4287,0.4152,0.5227,,Los Angeles Chargers,29,27,Los Angeles Chargers,1,1
401772751,2025-10-12,New England Patriots,New Orleans Saints,2026-09-17T01:52:18Z,3,0,0,,0.45,0.392,0.3609,0.5182,,New England Patriots,25,19,New England Patriots,1,1
401772752,2025-10-12,Cincinnati Bengals,Green Bay Packers,2026-09-17T01:52:18Z,3,0,0,,0.5882,0.7047,0.7603,0.4973,,Green Bay Packers,18,27,Green Bay Packers,1,1
401772855,2025-10-12,Los Angeles Rams,Baltimore Ravens,2026-09-17T01:52:18Z,3,0,0,,0.4382,0.3596,0.3284,0.5267,,Los Angeles Rams,17,3,Los Angeles Rams,1,1
401772856,2025-10-12,Arizona Cardinals,Indianapolis Colts,2026-09-17T01:52:18Z,3,0,0,,0.5671,0.6458,0.7297,0.5052,,Indianapolis Colts,27,31,Indianapolis Colts,1,1
401772857,2025-10-12,Seattle Seahawks,Jacksonville Jaguars,2026-09-17T01:52:18Z,3,0,0,,0.532,0.5851,0.585,0.4969,,Jacksonville Jaguars,20,12,Seattle Seahawks,1,0
401772858,2025-10-12,Dallas Cowboys,Carolina Panthers,2026-09-17T01:52:18Z,3,0,0,,0.5195,0.5145,0.4714,0.5361,,Carolina Panthers,27,30,Carolina Panthers,1,1
401772859,2025-10-12,Tennessee Titans,Las Vegas Raiders,2026-09-17T01:52:18Z,3,0,0,,0.5567,0.5881,0.5853,0.539,,Las Vegas Raiders,10,20,Las Vegas Raiders,1,1
401772923,2025-10-12,Detroit Lions,Kansas City Chiefs,2026-09-17T01:52:18Z,3,0,0,,0.4525,0.4195,0.3727,0.498,,Detroit Lions,17,30,Kansas City Chiefs,1,0
401772717,2025-10-13,Chicago Bears,Washington Commanders,2026-09-17T01:52:18Z,3,0,0,,0.5558,0.6385,0.6634,0.4985,,Washington Commanders,25,24,Chicago Bears,1,0
401772815,2025-10-13,Buffalo Bills,Atlanta Falcons,2026-09-17T01:52:18Z,3,0,0,,0.4663,0.4602,0.4166,0.485,,Buffalo Bills,14,24,Atlanta Falcons,1,0
401772941,2025-10-16,Pittsburgh Steelers,Cincinnati Bengals,2026-09-17T01:52:18Z,3,0,0,,0.4212,0.3323,0.2717,0.5216,,Pittsburgh Steelers,31,33,Cincinnati Bengals,1,0
401772635,2025-10-19,Los Angeles Rams,Jacksonville Jaguars,2026-09-17T01:52:18Z,3,0,0,,0.5091,0.5129,0.5069,0.52,,Jacksonville Jaguars,35,7,Los Angeles Rams,1,0
401772753,2025-10-19,Las Vegas Raiders,Kansas City Chiefs,2026-09-17T01:52:18Z,3,0,0,,0.6042,0.6978,0.7336,0.5126,,Kansas City Chiefs,0,31,Kansas City Chiefs,1,1
401772754,2025-10-19,Miami Dolphins,Cleveland Browns,2026-09-17T01:52:18Z,3,0,0,,0.5242,0.5304,0.4914,0.5317,,Cleveland Browns,6,31,Cleveland Browns,1,1
401772755,2025-10-19,New England Patriots,Tennessee Titans,2026-09-17T01:52:18Z,3,0,0,,0.3839,0.2707,0.266,0.5317,,New England Patriots,31,13,New England Patriots,1,1
401772756,2025-10-19,Indianapolis Colts,Los Angeles Chargers,2026-09-17T01:52:18Z,3,0,0,,0.4594,0.4228,0.3582,0.5137,,Indianapolis Colts,38,24,Indianapolis Colts,1,1
401772757,2025-10-19,New York Giants,Denver Broncos,2026-09-17T01:52:18Z,3,0,0,,0.6016,0.7006,0.6911,0.5041,,Denver Broncos,32,33,Denver Broncos,1,1
401772860,2025-10-19,Carolina Panthers,New York Jets,2026-09-17T01:52:18Z,3,0,0,,0.4343,0.3596,0.342,0.5301,,Carolina Panthers,13,6,Carolina Panthers,1,1
401772861,2025-10-19,New Orleans Saints,Chicago Bears,2026-09-17T01:52:18Z,3,0,0,,0.5964,0.6624,0.7,0.5435,,Chicago Bears,14,26,Chicago Bears,1,1
401772862,2025-10-19,Philadelphia Eagles,Minnesota Vikings,2026-09-17T01:52:18Z,3,0,0,,0.5304,0.5743,0.6319,0.5036,,Minnesota Vikings,28,22,Philadelphia Eagles,1,0
401772863,2025-10-19,Green Bay Packers,Arizona Cardinals,2026-09-17T01:52:18Z,3,0,0,,0.4877,0.4478,0.4045,0.5368,,Green Bay Packers,27,23,Green Bay Packers,1,1
401772864,2025-10-19,Washington Commanders,Dallas Cowboys,2026-09-17T01:52:18Z,3,0,0,,0.4724,0.4342,0.4239,0.5272,,Washington Commanders,22,44,Dallas Cowboys,1,0
401772924,2025-10-19,Atlanta Falcons,San Francisco 49ers,2026-09-17T01:52:18Z,3,0,0,,0.5178,0.5077,0.5163,0.539,,San Francisco 49ers,10,20,San Francisco 49ers,1,1
401772816,2025-10-20,Tampa Bay Buccaneers,Detroit Lions,2026-09-17T01:52:18Z,3,0,0,,0.5362,0.5233,0.5652,0.5613,,Detroit Lions,9,24,Detroit Lions,1,1
401772826,2025-10-20,Houston Texans,Seattle Seahawks,2026-09-17T01:52:18Z,3,0,0,,0.5827,0.6173,0.614,0.5602,,Seattle Seahawks,19,27,Seattle Seahawks,1,1
401772942,2025-10-23,Minnesota Vikings,Los Angeles Chargers,2026-09-17T01:52:18Z,3,0,0,,0.5034,0.5181,0.518,0.5041,,Los Angeles Chargers,10,37,Los Angeles Chargers,1,1
401772758,2025-10-26,New York Jets,Cincinnati Bengals,2026-09-17T01:52:18Z,3,0,0,,0.5885,0.6497,0.6155,0.5283,,Cincinnati Bengals,39,38,New York Jets,1,0
401772759,2025-10-26,Chicago Bears,Baltimore Ravens,2026-09-17T01:52:18Z,3,0,0,,0.4226,0.3433,0.3043,0.5249,,Chicago Bears,16,30,Baltimore Ravens,1,0
401772760,2025-10-26,Miami Dolphins,Atlanta Falcons,2026-09-17T01:52:18Z,3,0,0,,0.6224,0.7284,0.7115,0.5126,,Atlanta Falcons,34,10,Miami Dolphins,1,0
401772761,2025-10-26,Tennessee Titans,Indianapolis Colts,2026-09-17T01:52:18Z,3,0,0,,0.7338,0.862,0.8873,0.5261,,Indianapolis Colts,14,38,Indianapolis Colts,1,1
401772762,2025-10-26,Dallas Cowboys,Denver Broncos,2026-09-17T01:52:18Z,3,0,0,,0.5798,0.6287,0.5865,0.535,,Denver Broncos,24,44,Denver Broncos,1,1
401772865,2025-10-26,Buffalo Bills,Carolina Panthers,2026-09-17T01:52:18Z,3,0,0,,0.5029,0.5195,0.5009,0.5018,,Carolina Panthers,40,9,Buffalo Bills,1,0
401772866,2025-10-26,San Francisco 49ers,Houston Texans,2026-09-17T01:52:18Z,3,0,0,,0.4829,0.4827,0.5406,0.4996,,San Francisco 49ers,15,26,Houston Texans,1,0
401772867,2025-10-26,New York Giants,Philadelphia Eagles,2026-09-17T01:52:18Z,3,0,0,,0.5925,0.6574,0.6308,0.5272,,Philadelphia Eagles,20,38,Philadelphia Eagles,1,1
401772868,2025-10-26,Cleveland Browns,New England Patriots,2026-09-17T01:52:18Z,3,0,0,,0.6173,0.7218,0.7616,0.4969,,New England Patriots,13,32,New England Patriots,1,1
401772869,2025-10-26,Tampa Bay Buccaneers,New Orleans Saints,2026-09-17T01:52:18Z,3,0,0,,0.4091,0.3389,0.3586,0.5149,,Tampa Bay Buccaneers,23,3,Tampa Bay Buccaneers,1,1
401772925,2025-10-26,Green Bay Packers,Pittsburgh Steelers,2026-09-17T01:52:18Z,3,0,0,,0.499,0.4702,0.4626,0.5424,,Green Bay Packers,35,25,Green Bay Packers,1,1
401772817,2025-10-27,Washington Commanders,Kansas City Chiefs,2026-09-17T01:52:18Z,3,0,0,,0.608,0.6705,0.6943,0.5435,,Kansas City Chiefs,7,28,Kansas City Chiefs,1,1
401772943,2025-10-30,Baltimore Ravens,Miami Dolphins,2026-09-17T01:52:18Z,3,0,0,,0.5192,0.5441,0.5662,0.5074,,Miami Dolphins,28,6,Baltimore Ravens,1,0
401772763,2025-11-02,Atlanta Falcons,New England Patriots,2026-09-17T01:52:18Z,3,0,0,,0.6461,0.7524,0.8037,0.516,,New England Patriots,23,24,New England Patriots,1,1
401772764,2025-11-02,Los Angeles Chargers,Tennessee Titans,2026-09-17T01:52:18Z,3,0,0,,0.3633,0.2723,0.27,0.5216,,Los Angeles Chargers,27,20,Los Angeles Chargers,1,1
401772765,2025-11-02,Chicago Bears,Cincinnati Bengals,2026-09-17T01:52:18Z,3,0,0,,0.4813,0.4463,0.4149,0.5384,,Chicago Bears,47,42,Chicago Bears,1,1
401772766,2025-11-02,Indianapolis Colts,Pittsburgh Steelers,2026-09-17T01:52:18Z,3,0,0,,0.4226,0.3402,0.2989,0.5413,,Indianapolis Colts,20,27,Pittsburgh Steelers,1,0
401772767,2025-11-02,San Francisco 49ers,New York Giants,2026-09-17T01:52:18Z,3,0,0,,0.4584,0.4163,0.4146,0.5339,,San Francisco 49ers,34,24,San Francisco 49ers,1,1
401772768,2025-11-02,Kansas City Chiefs,Buffalo Bills,2026-09-17T01:52:18Z,3,0,0,,0.5011,0.4826,0.4565,0.5384,,Buffalo Bills,21,28,Buffalo Bills,1,1
401772870,2025-11-02,Denver Broncos,Houston Texans,2026-09-17T01:52:18Z,3,0,0,,0.4622,0.4439,0.4418,0.5025,,Denver Broncos,18,15,Denver Broncos,1,1
401772871,2025-11-02,Minnesota Vikings,Detroit Lions,2026-09-17T01:52:18Z,3,0,0,,0.6408,0.7284,0.752,0.5384,,Detroit Lions,27,24,Minnesota Vikings,1,0
401772872,2025-11-02,Carolina Panthers,Green Bay Packers,2026-09-17T01:52:18Z,3,0,0,,0.6335,0.7339,0.7253,0.5149,,Green Bay Packers,16,13,Carolina Panthers,1,0
401772873,2025-11-02,Jacksonville Jaguars,Las Vegas Raiders,2026-09-17T01:52:18Z,3,0,0,,0.4688,0.4298,0.4133,0.5317,,Jacksonville Jaguars,30,29,Jacksonville Jaguars,1,1
401772874,2025-11-02,New Orleans Saints,Los Angeles Rams,2026-09-17T01:52:18Z,3,0,0,,0.7153,0.8327,0.8504,0.5417,,Los Angeles Rams,10,34,Los Angeles Rams,1,1
401772926,2025-11-02,Seattle Seahawks,Washington Commanders,2026-09-17T01:52:18Z,3,0,0,,0.393,0.3423,0.3297,0.4771,,Seattle Seahawks,38,14,Seattle Seahawks,1,1
401772818,2025-11-03,Arizona Cardinals,Dallas Cowboys,2026-09-17T01:52:18Z,3,0,0,,0.5274,0.5712,0.5801,0.494,,Dallas Cowboys,27,17,Arizona Cardinals,1,0
401772944,2025-11-06,Las Vegas Raiders,Denver Broncos,2026-09-17T01:52:18Z,3,0,0,,0.693,0.8089,0.8192,0.5108,,Denver Broncos,7,10,Denver Broncos,1,1
401772636,2025-11-09,Atlanta Falcons,Indianapolis Colts,2026-09-17T01:52:18Z,3,0,0,,0.6604,0.7526,0.7578,0.5328,,Indianapolis Colts,25,31,Indianapolis Colts,1,1
401772769,2025-11-09,Cleveland Browns,New York Jets,2026-09-17T01:52:18Z,3,0,0,,0.4717,0.444,0.4958,0.5279,,Cleveland Browns,20,27,New York Jets,1,0
401772770,2025-11-09,Jacksonville Jaguars,Houston Texans,2026-09-17T01:52:18Z,3,0,0,,0.538,0.5779,0.6171,0.5041,,Houston Texans,29,36,Houston Texans,1,1
401772771,2025-11-09,Buffalo Bills,Miami Dolphins,2026-09-17T01:52:18Z,3,0,0,,0.338,0.2529,0.2519,0.4928,,Buffalo Bills,13,30,Miami Dolphins,1,0
401772772,2025-11-09,New England Patriots,Tampa Bay Buccaneers,2026-09-17T01:52:18Z,3,0,0,,0.4897,0.4784,0.4934,0.5238,,New England Patriots,28,23,New England Patriots,1,1
401772773,2025-11-09,Arizona Cardinals,Seattle Seahawks,2026-09-17T01:52:18Z,3,0,0,,0.6334,0.7139,0.7649,0.5305,,Seattle Seahawks,22,44,Seattle Seahawks,1,1
401772875,2025-11-09,New York Giants,Chicago Bears,2026-09-17T01:52:18Z,3,0,0,,0.5935,0.6693,0.6611,0.5048,,Chicago Bears,20,24,Chicago Bears,1,1
401772876,2025-11-09,Baltimore Ravens,Minnesota Vikings,2026-09-17T01:52:18Z,3,0,0,,0.5249,0.5414,0.5616,0.5216,,Minnesota Vikings,27,19,Baltimore Ravens,1,0
401772877,2025-11-09,New Orleans Saints,Carolina Panthers,2026-09-17T01:52:18Z,3,0,0,,0.6526,0.7261,0.7212,0.5439,,Carolina Panthers,17,7,New Orleans Saints,1,0
401772878,2025-11-09,Detroit Lions,Washington Commanders,2026-09-17T01:52:18Z,3,0,0,,0.3996,0.3627,0.3108,0.4749,,Detroit Lions,44,22,Detroit Lions,1,1
401772879,2025-11-09,Los Angeles Rams,San Francisco 49ers,2026-09-17T01:52:18Z,3,0,0,,0.457,0.4215,0.4011,0.5245,,Los Angeles Rams,42,26,Los Angeles Rams,1,1
401772927,2025-11-09,Pittsburgh Steelers,Los Angeles Chargers,2026-09-17T01:52:18Z,3,0,0,,0.5168,0.5505,0.5813,0.4928,,Los Angeles Chargers,10,25,Los Angeles Chargers,1,1
401772630,2025-11-10,Philadelphia Eagles,Green Bay Packers,2026-09-17T01:52:18Z,3,0,0,,0.5194,0.5551,0.5651,0.4928,,Green Bay Packers,10,7,Philadelphia Eagles,1,0
401772945,2025-11-13,New York Jets,New England Patriots,2026-09-17T01:52:18Z,3,0,0,,0.7097,0.8273,0.8326,0.4895,,New England Patriots,14,27,New England Patriots,1,1
401772631,2025-11-16,Washington Commanders,Miami Dolphins,2026-09-17T01:52:18Z,3,0,0,,0.573,0.6074,0.6448,0.5339,,Miami Dolphins,13,16,Miami Dolphins,1,1
401772774,2025-11-16,Cincinnati Bengals,Pittsburgh Steelers,2026-09-17T01:52:18Z,3,0,0,,0.6234,0.698,0.6968,0.5193,,Pittsburgh Steelers,12,34,Pittsburgh Steelers,1,1
401772775,2025-11-16,Los Angeles Chargers,Jacksonville Jaguars,2026-09-17T01:52:18Z,3,0,0,,0.4451,0.405,0.3977,0.529,,Los Angeles Chargers,6,35,Jacksonville Jaguars,1,0
401772776,2025-11-16,Tampa Bay Buccaneers,Buffalo Bills,2026-09-17T01:52:18Z,3,0,0,,0.5415,0.543,0.5729,0.5568,,Buffalo Bills,32,44,Buffalo Bills,1,1
401772777,2025-11-16,Baltimore Ravens,Cleveland Browns,2026-09-17T01:52:18Z,3,0,0,,0.4122,0.3597,0.3592,0.5187,,Baltimore Ravens,23,16,Baltimore Ravens,1,1
401772778,2025-11-16,Kansas City Chiefs,Denver Broncos,2026-09-17T01:52:18Z,3,0,0,,0.5688,0.6143,0.5382,0.5187,,Denver Broncos,19,22,Denver Broncos,1,1
401772880,2025-11-16,Chicago Bears,Minnesota Vikings,2026-09-17T01:52:18Z,3,0,0,,0.4765,0.4582,0.474,0.5261,,Chicago Bears,19,17,Chicago Bears,1,1
401772881,2025-11-16,Houston Texans,Tennessee Titans,2026-09-17T01:52:18Z,3,0,0,,0.3254,0.2272,0.2147,0.5294,,Houston Texans,16,13,Houston Texans,1,1
401772882,2025-11-16,Carolina Panthers,Atlanta Falcons,2026-09-17T01:52:18Z,3,0,0,,0.503,0.518,0.4955,0.5036,,Atlanta Falcons,30,27,Carolina Panthers,1,0
401772883,2025-11-16,Green Bay Packers,New York Giants,2026-09-17T01:52:18Z,3,0,0,,0.3896,0.3107,0.3212,0.5413,,Green Bay Packers,27,20,Green Bay Packers,1,1
401772884,2025-11-16,Seattle Seahawks,Los Angeles Rams,2026-09-17T01:52:18Z,3,0,0,,0.5109,0.5355,0.5726,0.4973,,Los Angeles Rams,19,21,Los Angeles Rams,1,1
401772885,2025-11-16,San Francisco 49ers,Arizona Cardinals,2026-09-17T01:52:18Z,3,0,0,,0.5078,0.5073,0.5373,0.5294,,Arizona Cardinals,41,22,San Francisco 49ers,1,0
401772928,2025-11-16,Detroit Lions,Philadelphia Eagles,2026-09-17T01:52:18Z,3,0,0,,0.5171,0.5299,0.5125,0.5193,,Philadelphia Eagles,9,16,Philadelphia Eagles,1,1
401772819,2025-11-17,Dallas Cowboys,Las Vegas Raiders,2026-09-17T01:52:18Z,3,0,0,,0.4926,0.4712,0.4359,0.5446,,Dallas Cowboys,33,16,Dallas Cowboys,1,1
401772946,2025-11-20,Buffalo Bills,Houston Texans,2026-09-17T01:52:18Z,3,0,0,,0.4998,0.5265,0.5211,0.4827,,Buffalo Bills,19,23,Houston Texans,1,0
401772779,2025-11-23,Indianapolis Colts,Kansas City Chiefs,2026-09-17T01:52:18Z,3,0,0,,0.4918,0.4864,0.4332,0.5256,,Indianapolis Colts,20,23,Kansas City Chiefs,1,0
401772780,2025-11-23,Pittsburgh Steelers,Chicago Bears,2026-09-17T01:52:18Z,3,0,0,,0.5149,0.5366,0.5448,0.5036,,Chicago Bears,28,31,Chicago Bears,1,1
401772781,2025-11-23,New England Patriots,Cincinnati Bengals,2026-09-17T01:52:18Z,3,0,0,,0.2942,0.1883,0.2057,0.5591,,New England Patriots,26,20,New England Patriots,1,1
401772782,2025-11-23,New York Jets,Baltimore Ravens,2026-09-17T01:52:18Z,3,0,0,,0.6651,0.7503,0.759,0.5149,,Baltimore Ravens,10,23,Baltimore Ravens,1,1
401772783,2025-11-23,Jacksonville Jaguars,Arizona Cardinals,2026-09-17T01:52:18Z,3,0,0,,0.4432,0.4057,0.4131,0.5339,,Jacksonville Jaguars,27,24,Jacksonville Jaguars,1,1
401772784,2025-11-23,Cleveland Browns,Las Vegas Raiders,2026-09-17T01:52:18Z,3,0,0,,0.5242,0.5365,0.5035,0.5267,,Las Vegas Raiders,24,10,Cleveland Browns,1,0
401772886,2025-11-23,Seattle Seahawks,Tennessee Titans,2026-09-17T01:52:18Z,3,0,0,,0.2285,0.1398,0.1758,0.4895,,Seattle Seahawks,30,24,Seattle Seahawks,1,1
401772887,2025-11-23,Minnesota Vikings,Green Bay Packers,2026-09-17T01:52:18Z,3,0,0,,0.6398,0.7187,0.7349,0.5097,,Green Bay Packers,6,23,Green Bay Packers,1,1
401772888,2025-11-23,New York Giants,Detroit Lions,2026-09-17T01:52:18Z,3,0,0,,0.6994,0.7881,0.7612,0.5283,,Detroit Lions,27,34,Detroit Lions,1,1
401772889,2025-11-23,Atlanta Falcons,New Orleans Saints,2026-09-17T01:52:18Z,3,0,0,,0.5235,0.5436,0.5293,0.5137,,New Orleans Saints,24,10,Atlanta Falcons,1,0
401772890,2025-11-23,Philadelphia Eagles,Dallas Cowboys,2026-09-17T01:52:18Z,3,0,0,,0.396,0.3648,0.4073,0.4827,,Philadelphia Eagles,21,24,Dallas Cowboys,1,0
401772929,2025-11-23,Tampa Bay Buccaneers,Los Angeles Rams,2026-09-17T01:52:18Z,3,0,0,,0.6763,0.7549,0.7756,0.5361,,Los Angeles Rams,7,34,Los Angeles Rams,1,1
401772820,2025-11-24,Carolina Panthers,San Francisco 49ers,2026-09-17T01:52:18Z,3,0,0,,0.6152,0.6711,0.668,0.5223,,San Francisco 49ers,9,20,San Francisco 49ers,1,1
401772694,2025-11-27,Kansas City Chiefs,Dallas Cowboys,2026-09-17T01:52:18Z,3,0,0,,0.4455,0.4321,0.3977,0.5041,,Kansas City Chiefs,28,31,Dallas Cowboys,1,0
401772891,2025-11-27,Green Bay Packers,Detroit Lions,2026-09-17T01:52:18Z,3,0,0,,0.5244,0.5243,0.5357,0.5491,,Detroit Lions,31,24,Green Bay Packers,1,0
401772930,2025-11-27,Cincinnati Bengals,Baltimore Ravens,2026-09-17T01:52:18Z,3,0,0,,0.7047,0.7934,0.8068,0.507,,Baltimore Ravens,32,14,Cincinnati Bengals,1,0
401772621,2025-11-28,Chicago Bears,Philadelphia Eagles,2026-09-17T01:52:18Z,3,0,0,,0.5802,0.6104,0.5796,0.5428,,Philadelphia Eagles,24,15,Chicago Bears,1,0
401772785,2025-11-30,San Francisco 49ers,Cleveland Browns,2026-09-17T01:52:18Z,3,0,0,,0.37,0.3145,0.3635,0.5209,,San Francisco 49ers,26,8,San Francisco 49ers,1,1
401772786,2025-11-30,Jacksonville Jaguars,Tennessee Titans,2026-09-17T01:52:18Z,3,0,0,,0.2894,0.2127,0.259,0.513,,Jacksonville Jaguars,25,3,Jacksonville Jaguars,1,1
401772787,2025-11-30,Houston Texans,Indianapolis Colts,2026-09-17T01:52:18Z,3,0,0,,0.5373,0.5514,0.5251,0.535,,Indianapolis Colts,20,16,Houston Texans,1,0
401772788,2025-11-30,Las Vegas Raiders,Los Angeles Chargers,2026-09-17T01:52:18Z,3,0,0,,0.693,0.7819,0.7677,0.5007,,Los Angeles Chargers,14,31,Los Angeles Chargers,1,1
401772789,2025-11-30,Buffalo Bills,Pittsburgh Steelers,2026-09-17T01:52:18Z,3,0,0,,0.4824,0.479,0.4675,0.5182,,Buffalo Bills,26,7,Buffalo Bills,1,1
401772892,2025-11-30,New Orleans Saints,Miami Dolphins,2026-09-17T01:52:18Z,3,0,0,,0.6327,0.689,0.689,0.535,,Miami Dolphins,17,21,Miami Dolphins,1,1
401772893,2025-11-30,Atlanta Falcons,New York Jets,2026-09-17T01:52:18Z,3,0,0,,0.4543,0.4213,0.4552,0.5468,,Atlanta Falcons,24,27,New York Jets,1,0
401772894,2025-11-30,Los Angeles Rams,Carolina Panthers,2026-09-17T01:52:18Z,3,0,0,,0.2907,0.2107,0.22,0.5227,,Los Angeles Rams,28,31,Carolina Panthers,1,0
401772895,2025-11-30,Arizona Cardinals,Tampa Bay Buccaneers,2026-09-17T01:52:18Z,3,0,0,,0.5688,0.6213,0.6272,0.4917,,Tampa Bay Buccaneers,17,20,Tampa Bay Buccaneers,1,1
401772896,2025-11-30,Minnesota Vikings,Seattle Seahawks,2026-09-17T01:52:18Z,3,0,0,,0.7407,0.8247,0.8411,0.5361,,Seattle Seahawks,0,26,Seattle Seahawks,1,1
401772931,2025-11-30,Denver Broncos,Washington Commanders,2026-09-17T01:52:18Z,3,0,0,,0.2825,0.2096,0.2033,0.4991,,Denver Broncos,27,26,Denver Broncos,1,1
401772821,2025-12-01,New York Giants,New England Patriots,2026-09-17T01:52:18Z,3,0,0,,0.7739,0.8642,0.8525,0.4839,,New England Patriots,15,33,New England Patriots,1,1
401772947,2025-12-04,Dallas Cowboys,Detroit Lions,2026-09-17T01:52:18Z,3,0,0,,0.5498,0.557,0.5368,0.5591,,Detroit Lions,30,44,Detroit Lions,1,1
401772790,2025-12-07,Miami Dolphins,New York Jets,2026-09-17T01:52:18Z,3,0,0,,0.4298,0.3969,0.4015,0.539,,Miami Dolphins,34,10,Miami Dolphins,1,1
401772791,2025-12-07,Pittsburgh Steelers,Baltimore Ravens,2026-09-17T01:52:18Z,3,0,0,,0.5348,0.561,0.5911,0.5081,,Baltimore Ravens,27,22,Pittsburgh Steelers,1,0
401772792,2025-12-07,New Orleans Saints,Tampa Bay Buccaneers,2026-09-17T01:52:18Z,3,0,0,,0.6733,0.7392,0.7052,0.5261,,Tampa Bay Buccaneers,24,20,New Orleans Saints,1,0
401772793,2025-12-07,Indianapolis Colts,Jacksonville Jaguars,2026-09-17T01:52:18Z,3,0,0,,0.5318,0.5497,0.5397,0.5223,,Jacksonville Jaguars,19,36,Jacksonville Jaguars,1,1
401772794,2025-12-07,Denver Broncos,Las Vegas Raiders,2026-09-17T01:52:18Z,3,0,0,,0.2157,0.1372,0.1636,0.5301,,Denver Broncos,24,17,Denver Broncos,1,1
401772897,2025-12-07,Chicago Bears,Green Bay Packers,2026-09-17T01:52:18Z,3,0,0,,0.5652,0.6002,0.603,0.5153,,Green Bay Packers,21,28,Green Bay Packers,1,1
401772898,2025-12-07,Tennessee Titans,Cleveland Browns,2026-09-17T01:52:18Z,3,0,0,,0.6321,0.6833,0.6988,0.5328,,Cleveland Browns,31,29,Tennessee Titans,1,0
401772899,2025-12-07,Washington Commanders,Minnesota Vikings,2026-09-17T01:52:18Z,3,0,0,,0.546,0.5572,0.5729,0.548,,Minnesota Vikings,0,31,Minnesota Vikings,1,1
401772900,2025-12-07,Seattle Seahawks,Atlanta Falcons,2026-09-17T01:52:18Z,3,0,0,,0.2764,0.2182,0.2501,0.4827,,Seattle Seahawks,37,9,Seattle Seahawks,1,1
401772901,2025-12-07,Los Angeles Rams,Arizona Cardinals,2026-09-17T01:52:18Z,3,0,0,,0.2947,0.2228,0.2411,0.5335,,Los Angeles Rams,45,17,Los Angeles Rams,1,1
401772902,2025-12-07,Cincinnati Bengals,Buffalo Bills,2026-09-17T01:52:18Z,3,0,0,,0.6858,0.7564,0.7504,0.5216,,Buffalo Bills,34,39,Buffalo Bills,1,1
401772932,2025-12-07,Houston Texans,Kansas City Chiefs,2026-09-17T01:52:18Z,3,0,0,,0.4929,0.4854,0.4513,0.5402,,Houston Texans,20,10,Houston Texans,1,1
401772822,2025-12-08,Philadelphia Eagles,Los Angeles Chargers,2026-09-17T01:52:18Z,3,0,0,,0.4984,0.5198,0.5603,0.4872,,Philadelphia Eagles,19,22,Los Angeles Chargers,1,0
401772948,2025-12-11,Atlanta Falcons,Tampa Bay Buccaneers,2026-09-17T01:52:18Z,3,0,0,,0.587,0.6284,0.6239,0.5193,,Tampa Bay Buccaneers,29,28,Atlanta Falcons,1,0
401772795,2025-12-14,Buffalo Bills,New England Patriots,2026-09-17T01:52:18Z,3,0,0,,0.5697,0.6229,0.6309,0.4805,,New England Patriots,35,31,Buffalo Bills,1,0
401772796,2025-12-14,Baltimore Ravens,Cincinnati Bengals,2026-09-17T01:52:18Z,3,0,0,,0.4885,0.4823,0.4869,0.5339,,Baltimore Ravens,24,0,Baltimore Ravens,1,1
401772797,2025-12-14,New York Jets,Jacksonville Jaguars,2026-09-17T01:52:18Z,3,0,0,,0.7561,0.8403,0.8225,0.5081,,Jacksonville Jaguars,20,48,Jacksonville Jaguars,1,1
401772798,2025-12-14,Los Angeles Chargers,Kansas City Chiefs,2026-09-17T01:52:18Z,3,0,0,,0.5144,0.52,0.4901,0.5323,,Kansas City Chiefs,16,13,Los Angeles Chargers,1,0
401772799,2025-12-14,Indianapolis Colts,Seattle Seahawks,2026-09-17T01:52:18Z,3,0,0,,0.6858,0.7474,0.7559,0.5457,,Seattle Seahawks,16,18,Seattle Seahawks,1,1
401772800,2025-12-14,Green Bay Packers,Denver Broncos,2026-09-17T01:52:18Z,3,0,0,,0.5451,0.5674,0.5585,0.5249,,Denver Broncos,26,34,Denver Broncos,1,1
401772903,2025-12-14,Arizona Cardinals,Houston Texans,2026-09-17T01:52:18Z,3,0,0,,0.741,0.8294,0.8355,0.4906,,Houston Texans,20,40,Houston Texans,1,1
401772904,2025-12-14,Cleveland Browns,Chicago Bears,2026-09-17T01:52:18Z,3,0,0,,0.7077,0.7839,0.7386,0.5178,,Chicago Bears,3,31,Chicago Bears,1,1
401772905,2025-12-14,Washington Commanders,New York Giants,2026-09-17T01:52:18Z,3,0,0,,0.5393,0.5426,0.5427,0.558,,New York Giants,29,21,Washington Commanders,1,0
401772906,2025-12-14,Las Vegas Raiders,Philadelphia Eagles,2026-09-17T01:52:18Z,3,0,0,,0.7393,0.8148,0.7908,0.5339,,Philadelphia Eagles,0,31,Philadelphia Eagles,1,1
401772907,2025-12-14,Tennessee Titans,San Francisco 49ers,2026-09-17T01:52:18Z,3,0,0,,0.7875,0.866,0.8591,0.5323,,San Francisco 49ers,24,37,San Francisco 49ers,1,1
401772908,2025-12-14,Carolina Panthers,New Orleans Saints,2026-09-17T01:52:18Z,3,0,0,,0.4303,0.4179,0.4591,0.4969,,Carolina Panthers,17,20,New Orleans Saints,1,0
401772909,2025-12-14,Detroit Lions,Los Angeles Rams,2026-09-17T01:52:18Z,3,0,0,,0.6121,0.6733,0.6772,0.4951,,Los Angeles Rams,34,41,Los Angeles Rams,1,1
401772933,2025-12-14,Minnesota Vikings,Dallas Cowboys,2026-09-17T01:52:18Z,3,0,0,,0.5799,0.6279,0.6024,0.4996,,Dallas Cowboys,34,26,Minnesota Vikings,1,0
401772823,2025-12-15,Miami Dolphins,Pittsburgh Steelers,2026-09-17T01:52:18Z,3,0,0,,0.5127,0.5109,0.4712,0.5457,,Pittsburgh Steelers,15,28,Pittsburgh Steelers,1,1
401772949,2025-12-18,Los Angeles Rams,Seattle Seahawks,2026-09-17T01:52:18Z,3,0,0,,0.5321,0.5397,0.5576,0.5435,,Seattle Seahawks,37,38,Seattle Seahawks,1,1
401772612,2025-12-20,Philadelphia Eagles,Washington Commanders,2026-09-17T01:52:18Z,3,0,0,,0.3486,0.314,0.3151,0.476,,Philadelphia Eagles,29,18,Philadelphia Eagles,1,1
401772613,2025-12-20,Green Bay Packers,Chicago Bears,2026-09-17T01:52:18Z,3,0,0,,0.4843,0.4805,0.5169,0.5256,,Green Bay Packers,16,22,Chicago Bears,1,0
401772801,2025-12-21,New York Jets,New Orleans Saints,2026-09-17T01:52:18Z,3,0,0,,0.5865,0.6426,0.6589,0.4872,,New Orleans Saints,6,29,New Orleans Saints,1,1
401772802,2025-12-21,Buffalo Bills,Cleveland Browns,2026-09-17T01:52:18Z,3,0,0,,0.2536,0.1846,0.2132,0.5041,,Buffalo Bills,23,20,Buffalo Bills,1,1
401772803,2025-12-21,Kansas City Chiefs,Tennessee Titans,2026-09-17T01:52:18Z,3,0,0,,0.3078,0.2474,0.2853,0.5097,,Kansas City Chiefs,9,26,Tennessee Titans,1,0
401772804,2025-12-21,New England Patriots,Baltimore Ravens,2026-09-17T01:52:18Z,3,0,0,,0.3991,0.3514,0.4448,0.5457,,New England Patriots,28,24,New England Patriots,1,1
401772805,2025-12-21,Las Vegas Raiders,Houston Texans,2026-09-17T01:52:18Z,3,0,0,,0.8248,0.9078,0.9,0.4928,,Houston Texans,21,23,Houston Texans,1,1
401772806,2025-12-21,Pittsburgh Steelers,Detroit Lions,2026-09-17T01:52:18Z,3,0,0,,0.5592,0.5861,0.5696,0.5272,,Detroit Lions,29,24,Pittsburgh Steelers,1,0
401772910,2025-12-21,Los Angeles Chargers,Dallas Cowboys,2026-09-17T01:52:18Z,3,0,0,,0.4162,0.3889,0.3981,0.516,,Los Angeles Chargers,34,17,Los Angeles Chargers,1,1
401772911,2025-12-21,Minnesota Vikings,New York Giants,2026-09-17T01:52:18Z,3,0,0,,0.3622,0.3088,0.3405,0.5305,,Minnesota Vikings,16,13,Minnesota Vikings,1,1
401772912,2025-12-21,Tampa Bay Buccaneers,Carolina Panthers,2026-09-17T01:52:18Z,3,0,0,,0.5277,0.536,0.5631,0.5384,,Carolina Panthers,20,23,Carolina Panthers,1,1
401772913,2025-12-21,Jacksonville Jaguars,Denver Broncos,2026-09-17T01:52:18Z,3,0,0,,0.5948,0.6379,0.5708,0.522,,Denver Broncos,34,20,Jacksonville Jaguars,1,0
401772914,2025-12-21,Atlanta Falcons,Arizona Cardinals,2026-09-17T01:52:18Z,3,0,0,,0.5031,0.4961,0.4951,0.548,,Arizona Cardinals,26,19,Atlanta Falcons,1,0
401772934,2025-12-21,Cincinnati Bengals,Miami Dolphins,2026-09-17T01:52:18Z,3,0,0,,0.6272,0.6936,0.7115,0.494,,Miami Dolphins,45,21,Cincinnati Bengals,1,0
401772824,2025-12-22,San Francisco 49ers,Indianapolis Colts,2026-09-17T01:52:18Z,3,0,0,,0.4373,0.4193,0.3971,0.5142,,San Francisco 49ers,48,27,San Francisco 49ers,1,1
401772622,2025-12-25,Denver Broncos,Kansas City Chiefs,2026-09-17T01:52:18Z,3,0,0,,0.3409,0.2845,0.317,0.5223,,Denver Broncos,20,13,Denver Broncos,1,1
401772710,2025-12-25,Dallas Cowboys,Washington Commanders,2026-09-17T01:52:18Z,3,0,0,,0.4487,0.4358,0.0076,0.5137,,Dallas Cowboys,30,23,Dallas Cowboys,1,1
401772711,2025-12-25,Detroit Lions,Minnesota Vikings,2026-09-17T01:52:18Z,3,0,0,,0.4793,0.4849,0.5192,0.5025,,Detroit Lions,10,23,Minnesota Vikings,1,0
401772951,2025-12-27,Houston Texans,Los Angeles Chargers,2026-09-17T01:52:18Z,3,0,0,,0.474,0.4644,0.4718,0.5283,,Houston Texans,20,16,Houston Texans,1,1
401772953,2025-12-27,Baltimore Ravens,Green Bay Packers,2026-09-17T01:52:18Z,3,0,0,,0.6294,0.6892,0.6547,0.5108,,Green Bay Packers,41,24,Baltimore Ravens,1,0
401772807,2025-12-28,Pittsburgh Steelers,Cleveland Browns,2026-09-17T01:52:18Z,3,0,0,,0.3048,0.2448,0.2882,0.5063,,Pittsburgh Steelers,6,13,Cleveland Browns,1,0
401772808,2025-12-28,New England Patriots,New York Jets,2026-09-17T01:52:18Z,3,0,0,,0.2243,0.1407,0.1827,0.5513,,New England Patriots,42,10,New England Patriots,1,1
401772809,2025-12-28,New Orleans Saints,Tennessee Titans,2026-09-17T01:52:18Z,3,0,0,,0.4535,0.4326,0.4441,0.5339,,New Orleans Saints,34,26,New Orleans Saints,1,1
401772915,2025-12-28,Jacksonville Jaguars,Indianapolis Colts,2026-09-17T01:52:18Z,3,0,0,,0.3442,0.2903,0.271,0.5187,,Jacksonville Jaguars,23,17,Jacksonville Jaguars,1,1
401772916,2025-12-28,Tampa Bay Buccaneers,Miami Dolphins,2026-09-17T01:52:18Z,3,0,0,,0.5104,0.5158,0.5616,0.5294,,Miami Dolphins,17,20,Miami Dolphins,1,1
401772917,2025-12-28,Philadelphia Eagles,Buffalo Bills,2026-09-17T01:52:18Z,3,0,0,,0.5949,0.6403,0.61,0.5171,,Buffalo Bills,13,12,Philadelphia Eagles,1,0
401772935,2025-12-28,Chicago Bears,San Francisco 49ers,2026-09-17T01:52:18Z,3,0,0,,0.5634,0.5941,0.6076,0.5227,,San Francisco 49ers,38,42,San Francisco 49ers,1,1
401772950,2025-12-28,New York Giants,Las Vegas Raiders,2026-09-17T01:52:18Z,3,0,0,,0.5021,0.5119,0.4887,0.5137,,Las Vegas Raiders,34,10,New York Giants,1,0
401772952,2025-12-28,Seattle Seahawks,Carolina Panthers,2026-09-17T01:52:18Z,3,0,0,,0.2897,0.2287,0.2589,0.4996,,Seattle Seahawks,27,10,Seattle Seahawks,1,1
401772954,2025-12-28,Arizona Cardinals,Cincinnati Bengals,2026-09-17T01:52:18Z,3,0,0,,0.6089,0.6546,0.6906,0.5272,,Cincinnati Bengals,14,37,Cincinnati Bengals,1,1
401772825,2025-12-29,Los Angeles Rams,Atlanta Falcons,2026-09-17T01:52:18Z,3,0,0,,0.2868,0.2229,0.2666,0.5059,,Los Angeles Rams,24,27,Atlanta Falcons,1,0
401772961,2026-01-03,Seattle Seahawks,San Francisco 49ers,2026-09-17T01:52:18Z,3,0,0,,0.457,0.4536,0.485,0.5014,,Seattle Seahawks,13,3,Seattle Seahawks,1,1
401772969,2026-01-03,Carolina Panthers,Tampa Bay Buccaneers,2026-09-17T01:52:18Z,3,0,0,,0.485,0.493,0.5007,0.5025,,Carolina Panthers,14,16,Tampa Bay Buccaneers,1,0
401772955,2026-01-04,Arizona Cardinals,Los Angeles Rams,2026-09-17T01:52:18Z,3,0,0,,0.8049,0.8879,0.8762,0.5074,,Los Angeles Rams,20,37,Los Angeles Rams,1,1
401772956,2026-01-04,Los Angeles Chargers,Denver Broncos,2026-09-17T01:52:18Z,3,0,0,,0.6005,0.6417,0.6154,0.5305,,Denver Broncos,3,19,Denver Broncos,1,1
401772957,2026-01-04,Kansas City Chiefs,Las Vegas Raiders,2026-09-17T01:52:18Z,3,0,0,,0.3347,0.2741,0.2963,0.5283,,Kansas City Chiefs,12,14,Las Vegas Raiders,1,0
401772958,2026-01-04,Miami Dolphins,New England Patriots,2026-09-17T01:52:18Z,3,0,0,,0.7294,0.8116,0.7978,0.5081,,New England Patriots,10,38,New England Patriots,1,1
401772959,2026-01-04,Washington Commanders,Philadelphia Eagles,2026-09-17T01:52:18Z,3,0,0,,0.7588,0.8275,0.8214,0.5646,,Philadelphia Eagles,24,17,Washington Commanders,1,0
401772960,2026-01-04,Baltimore Ravens,Pittsburgh Steelers,2026-09-17T01:52:18Z,3,0,0,,0.5033,0.5039,0.521,0.5328,,Pittsburgh Steelers,24,26,Pittsburgh Steelers,1,1
401772962,2026-01-04,Indianapolis Colts,Houston Texans,2026-09-17T01:52:18Z,3,0,0,,0.7126,0.7936,0.7737,0.5059,,Houston Texans,30,38,Houston Texans,1,1
401772963,2026-01-04,Dallas Cowboys,New York Giants,2026-09-17T01:52:18Z,3,0,0,,0.426,0.3856,0.4375,0.5513,,Dallas Cowboys,17,34,New York Giants,1,0
401772964,2026-01-04,Cleveland Browns,Cincinnati Bengals,2026-09-17T01:52:18Z,3,0,0,,0.6077,0.6492,0.6486,0.5357,,Cincinnati Bengals,20,18,Cleveland Browns,1,0
401772965,2026-01-04,Detroit Lions,Chicago Bears,2026-09-17T01:52:18Z,3,0,0,,0.6078,0.6669,0.6471,0.4969,,Chicago Bears,19,16,Detroit Lions,1,0
401772966,2026-01-04,New Orleans Saints,Atlanta Falcons,2026-09-17T01:52:18Z,3,0,0,,0.5402,0.5592,0.5422,0.5272,,Atlanta Falcons,17,19,Atlanta Falcons,1,1
401772967,2026-01-04,New York Jets,Buffalo Bills,2026-09-17T01:52:18Z,3,0,0,,0.8115,0.8896,0.8709,0.5294,,Buffalo Bills,8,35,Buffalo Bills,1,1
401772968,2026-01-04,Green Bay Packers,Minnesota Vikings,2026-09-17T01:52:18Z,3,0,0,,0.5308,0.5439,0.5888,0.5312,,Minnesota Vikings,3,16,Minnesota Vikings,1,1
401772970,2026-01-04,Tennessee Titans,Jacksonville Jaguars,2026-09-17T01:52:18Z,3,0,0,,0.8211,0.8985,0.8821,0.5279,,Jacksonville Jaguars,7,41,Jacksonville Jaguars,1,1
401772979,2026-01-10,Los Angeles Rams,Carolina Panthers,2026-09-17T01:52:18Z,3,0,0,,0.3046,0.2386,0.2444,0.5227,,Los Angeles Rams,34,31,Los Angeles Rams,1,1
401772981,2026-01-10,Green Bay Packers,Chicago Bears,2026-09-17T01:52:18Z,3,0,0,,0.5889,0.6281,0.6353,0.5256,,Chicago Bears,27,31,Chicago Bears,1,1
401772977,2026-01-11,Buffalo Bills,Jacksonville Jaguars,2026-09-17T01:52:18Z,3,0,0,,0.5779,0.6254,0.6459,0.4991,,Jacksonville Jaguars,27,24,Buffalo Bills,1,0
401772978,2026-01-11,Los Angeles Chargers,New England Patriots,2026-09-17T01:52:18Z,3,0,0,,0.6388,0.7017,0.7516,0.5104,,New England Patriots,3,16,New England Patriots,1,1
401772980,2026-01-11,San Francisco 49ers,Philadelphia Eagles,2026-09-17T01:52:18Z,3,0,0,,0.4261,0.391,0.4524,0.5406,,San Francisco 49ers,23,19,San Francisco 49ers,1,1
401772976,2026-01-12,Houston Texans,Pittsburgh Steelers,2026-09-17T01:52:18Z,3,0,0,,0.3801,0.3215,0.3457,0.5557,,Houston Texans,30,6,Houston Texans,1,1
401772982,2026-01-17,Buffalo Bills,Denver Broncos,2026-09-17T01:52:18Z,3,0,0,,0.5409,0.5732,0.5438,0.5007,,Denver Broncos,30,33,Denver Broncos,1,1
401772984,2026-01-17,San Francisco 49ers,Seattle Seahawks,2026-09-17T01:52:18Z,3,0,0,,0.6337,0.6825,0.6963,0.5395,,Seattle Seahawks,6,41,Seattle Seahawks,1,1
401772983,2026-01-18,Houston Texans,New England Patriots,2026-09-17T01:52:18Z,3,0,0,,0.5037,0.5119,0.5632,0.5182,,New England Patriots,16,28,New England Patriots,1,1
401772985,2026-01-18,Los Angeles Rams,Chicago Bears,2026-09-17T01:52:18Z,3,0,0,,0.4307,0.4062,0.4066,0.5223,,Los Angeles Rams,20,17,Los Angeles Rams,1,1
401772986,2026-01-25,New England Patriots,Denver Broncos,2026-09-17T01:52:18Z,3,0,0,,0.4997,0.4949,0.4779,0.5406,,New England Patriots,10,7,New England Patriots,1,1
401772987,2026-01-25,Los Angeles Rams,Seattle Seahawks,2026-09-17T01:52:18Z,3,0,0,,0.6267,0.6714,0.6795,0.5435,,Seattle Seahawks,27,31,Seattle Seahawks,1,1
401831718,2026-02-03,NFC,AFC,2026-09-17T01:52:18Z,3,0,0,,0.5777,0.5414,0.5562,0.5987,,AFC,66,52,NFC,1,0
401772988,2026-02-08,Seattle Seahawks,New England Patriots,2026-09-17T01:52:18Z,3,0,0,,0.4638,0.4748,0.5212,0.4783,,Seattle Seahawks,29,13,Seattle Seahawks,1,1
401873271,2026-08-06,Carolina Panthers,Arizona Cardinals,2026-09-15T20:49:23Z,3,0,1,,0.6349,0.5686,,0.6619,,Arizona Cardinals,,,,0,
401873272,2026-08-13,Detroit Lions,Cincinnati Bengals,2026-09-15T20:49:23Z,3,0,1,,0.4827,0.5686,,0.4459,,Detroit Lions,,,,0,
401873273,2026-08-13,Indianapolis Colts,New England Patriots,2026-09-15T20:49:23Z,3,0,1,,0.4715,0.5686,,0.4301,,Indianapolis Colts,,,,0,
401873274,2026-08-13,Los Angeles Chargers,Houston Texans,2026-09-15T20:49:23Z,3,0,1,,0.4804,0.5686,,0.4427,,Los Angeles Chargers,,,,0,
401873275,2026-08-13,Green Bay Packers,Pittsburgh Steelers,2026-09-15T20:49:23Z,3,0,1,,0.6452,0.5686,,0.6761,,Pittsburgh Steelers,,,,0,
401873640,2026-08-13,Arizona Cardinals,Las Vegas Raiders,2026-09-15T20:49:23Z,3,0,1,,0.4861,0.5686,,0.4507,,Arizona Cardinals,,,,0,
401874392,2026-08-13,Tennessee Titans,San Francisco 49ers,2026-09-15T20:49:23Z,3,0,1,,0.6359,0.5686,,0.6633,,San Francisco 49ers,,,,0,
401873276,2026-08-14,Tampa Bay Buccaneers,New York Jets,2026-09-15T20:49:23Z,3,0,1,,0.6503,0.5686,,0.683,,New York Jets,,,,0,
401873277,2026-08-14,Miami Dolphins,Washington Commanders,2026-09-15T20:49:23Z,3,0,1,,0.4749,0.5686,,0.4349,,Miami Dolphins,,,,0,
401873278,2026-08-14,Denver Broncos,Atlanta Falcons,2026-09-15T20:49:23Z,3,0,1,,0.4726,0.5686,,0.4317,,Denver Broncos,,,,0,
401873279,2026-08-15,Dallas Cowboys,Seattle Seahawks,2026-09-15T20:49:23Z,3,0,1,,0.6584,0.5686,,0.694,,Seattle Seahawks,,,,0,
401873280,2026-08-15,Minnesota Vikings,New York Giants,2026-09-15T20:49:23Z,3,0,1,,0.4984,0.5686,,0.4682,,Minnesota Vikings,,,,0,
401873281,2026-08-15,Jacksonville Jaguars,New Orleans Saints,2026-09-15T20:49:23Z,3,0,1,,0.3347,0.5686,,0.2498,,Jacksonville Jaguars,,,,0,
401873282,2026-08-15,Carolina Panthers,Buffalo Bills,2026-09-15T20:49:23Z,3,0,1,,0.6421,0.5686,,0.6718,,Buffalo Bills,,,,0,
401873283,2026-08-15,Los Angeles Rams,Kansas City Chiefs,2026-09-15T20:49:23Z,3,0,1,,0.6276,0.5686,,0.6518,,Kansas City Chiefs,,,,0,
401873284,2026-08-15,Philadelphia Eagles,Baltimore Ravens,2026-09-15T20:49:23Z,3,0,1,,0.4704,0.5686,,0.4286,,Philadelphia Eagles,,,,0,
401874393,2026-08-15,Cleveland Browns,Chicago Bears,2026-09-15T20:49:23Z,3,0,1,,0.6223,0.5686,,0.6445,,Chicago Bears,,,,0,
401873285,2026-08-20,San Francisco 49ers,Los Angeles Chargers,2026-09-15T20:49:23Z,3,0,1,,0.3418,0.5686,,0.2583,,San Francisco 49ers,,,,0,
401873286,2026-08-20,Las Vegas Raiders,Houston Texans,2026-09-15T20:49:23Z,3,0,1,,0.3288,0.5686,,0.2427,,Las Vegas Raiders,,,,0,
401873287,2026-08-21,Carolina Panthers,Jacksonville Jaguars,2026-09-15T20:49:23Z,3,0,1,,0.6223,0.5686,,0.6445,,Jacksonville Jaguars,,,,0,
401873288,2026-08-21,New York Jets,Pittsburgh Steelers,2026-09-15T20:49:23Z,3,0,1,,0.4951,0.5686,,0.4634,,New York Jets,,,,0,
401873613,2026-08-21,Green Bay Packers,Denver Broncos,2026-09-15T20:49:23Z,3,0,1,,0.4928,0.5686,,0.4602,,Green Bay Packers,,,,0,
401873289,2026-08-22,Chicago Bears,Cincinnati Bengals,2026-09-15T20:49:23Z,3,0,1,,0.5062,0.5686,,0.4793,,Cincinnati Bengals,,,,0,
401873290,2026-08-22,New Orleans Saints,Los Angeles Rams,2026-09-15T20:49:23Z,3,0,1,,0.5096,0.5686,,0.4841,,Los Angeles Rams,,,,0,
401873291,2026-08-22,Baltimore Ravens,Minnesota Vikings,2026-09-15T20:49:23Z,3,0,1,,0.4894,0.5686,,0.4554,,Baltimore Ravens,,,,0,
401873292,2026-08-22,New York Giants,Miami Dolphins,2026-09-15T20:49:23Z,3,0,1,,0.3317,0.5686,,0.2462,,New York Giants,,,,0,
401873293,2026-08-22,Philadelphia Eagles,New England Patriots,2026-09-15T20:49:23Z,3,0,1,,0.3151,0.5686,,0.2266,,Philadelphia Eagles,,,,0,
401873294,2026-08-22,Buffalo Bills,Cleveland Browns,2026-09-15T20:49:23Z,3,0,1,,0.3387,0.5686,,0.2546,,Buffalo Bills,,,,0,
401873295,2026-08-22,Atlanta Falcons,Indianapolis Colts,2026-09-15T20:49:23Z,3,0,1,,0.5007,0.5686,,0.4714,,Indianapolis Colts,,,,0,
401873296,2026-08-22,Kansas City Chiefs,Tampa Bay Buccaneers,2026-09-15T20:49:23Z,3,0,1,,0.3367,0.5686,,0.2522,,Kansas City Chiefs,,,,0,
401873601,2026-08-22,Washington Commanders,Detroit Lions,2026-09-15T20:49:23Z,3,0,1,,0.6664,0.5686,,0.7048,,Detroit Lions,,,,0,
401874101,2026-08-22,Dallas Cowboys,Arizona Cardinals,2026-09-15T20:49:23Z,3,0,1,,0.6493,0.5686,,0.6817,,Arizona Cardinals,,,,0,
401873297,2026-08-23,Seattle Seahawks,Tennessee Titans,2026-09-15T20:49:23Z,3,0,1,,0.3258,0.5686,,0.2391,,Seattle Seahawks,,,,0,
401873298,2026-08-27,Pittsburgh Steelers,Buffalo Bills,2026-09-15T20:49:23Z,3,0,1,,0.4905,0.5686,,0.457,,Pittsburgh Steelers,,,,0,
401873299,2026-08-27,New England Patriots,Cleveland Browns,2026-09-15T20:49:23Z,3,0,1,,0.5118,0.5686,,0.4873,,Cleveland Browns,,,,0,
401873300,2026-08-27,Los Angeles Rams,Los Angeles Chargers,2026-09-15T20:49:23Z,3,0,1,,0.4794,0.5686,,0.4412,,Los Angeles Rams,,,,0,
401873641,2026-08-27,San Francisco 49ers,Las Vegas Raiders,2026-09-15T20:49:23Z,3,0,1,,0.4951,0.5686,,0.4634,,San Francisco 49ers,,,,0,
401873301,2026-08-28,Cincinnati Bengals,Philadelphia Eagles,2026-09-15T20:49:23Z,3,0,1,,0.4928,0.5686,,0.4602,,Cincinnati Bengals,,,,0,
401873302,2026-08-28,Washington Commanders,Baltimore Ravens,2026-09-15T20:49:23Z,3,0,1,,0.6493,0.5686,,0.6817,,Baltimore Ravens,,,,0,
401873303,2026-08-28,New York Giants,New York Jets,2026-09-15T20:49:23Z,3,0,1,,0.4827,0.5686,,0.4459,,New York Giants,,,,0,
401873304,2026-08-28,Atlanta Falcons,Miami Dolphins,2026-09-15T20:49:23Z,3,0,1,,0.4962,0.5686,,0.465,,Atlanta Falcons,,,,0,
401873305,2026-08-28,Seattle Seahawks,Kansas City Chiefs,2026-09-15T20:49:23Z,3,0,1,,0.4682,0.5686,,0.4254,,Seattle Seahawks,,,,0,
401873306,2026-08-28,Tampa Bay Buccaneers,Jacksonville Jaguars,2026-09-15T20:49:23Z,3,0,1,,0.639,0.5686,,0.6676,,Jacksonville Jaguars,,,,0,
401873307,2026-08-28,Houston Texans,Carolina Panthers,2026-09-15T20:49:23Z,3,0,1,,0.5073,0.5686,,0.4809,,Carolina Panthers,,,,0,
401873614,2026-08-28,Minnesota Vikings,Denver Broncos,2026-09-15T20:49:23Z,3,0,1,,0.3478,0.5686,,0.2657,,Minnesota Vikings,,,,0,
401874048,2026-08-28,New Orleans Saints,Dallas Cowboys,2026-09-15T20:49:23Z,3,0,1,,0.4962,0.5686,,0.465,,New Orleans Saints,,,,0,
401874102,2026-08-28,Arizona Cardinals,Green Bay Packers,2026-09-15T20:49:23Z,3,0,1,,0.3387,0.5686,,0.2546,,Arizona Cardinals,,,,0,
401873308,2026-08-29,Detroit Lions,Indianapolis Colts,2026-09-15T20:49:23Z,3,0,1,,0.3288,0.5686,,0.2427,,Detroit Lions,,,,0,
401874394,2026-08-29,Chicago Bears,Tennessee Titans,2026-09-15T20:49:23Z,3,0,1,,0.3448,0.5686,,0.262,,Chicago Bears,,,,0,
401872656,2026-09-09,New England Patriots,Seattle Seahawks,2026-09-15T20:49:23Z,3,0,1,,0.6634,0.5686,,0.7008,,Seattle Seahawks,10,13,Seattle Seahawks,1,1
401872657,2026-09-10,San Francisco 49ers,Los Angeles Rams,2026-09-10T00:00:00Z,3,1,0,1,0.593,0.6176,0.6011,,,Los Angeles Rams,27,7,San Francisco 49ers,1,0
401872658,2026-09-13,Atlanta Falcons,Pittsburgh Steelers,2026-09-13T00:00:00Z,3,1,0,1,0.5377,0.5795,0.5648,,,Pittsburgh Steelers,13,20,Pittsburgh Steelers,1,1
401872659,2026-09-13,Baltimore Ravens,Indianapolis Colts,2026-09-13T00:00:00Z,3,1,0,1,0.4627,0.5274,0.5155,,,Baltimore Ravens,41,23,Baltimore Ravens,1,1
401872660,2026-09-13,Buffalo Bills,Houston Texans,2026-09-13T00:00:00Z,3,1,0,1,0.5601,0.5949,0.5795,,,Houston Texans,36,31,Buffalo Bills,1,0
401872661,2026-09-13,Chicago Bears,Carolina Panthers,2026-09-13T00:00:00Z,3,1,0,1,0.3722,0.4619,0.4538,,,Chicago Bears,59,37,Chicago Bears,1,1
401872922,2026-09-13,Cleveland Browns,Jacksonville Jaguars,2026-09-13T00:00:00Z,3,1,0,1,0.7795,0.7506,0.7303,,,Jacksonville Jaguars,10,34,Jacksonville Jaguars,1,1
401872923,2026-09-13,New Orleans Saints,Detroit Lions,2026-09-13T00:00:00Z,3,1,0,1,0.624,0.6389,0.6215,,,Detroit Lions,30,31,Detroit Lions,1,1
401872924,2026-09-13,New York Jets,Tennessee Titans,2026-09-13T00:00:00Z,3,1,0,1,0.5538,0.5907,0.5754,,,Tennessee Titans,23,10,New York Jets,1,0
401872925,2026-09-13,Tampa Bay Buccaneers,Cincinnati Bengals,2026-09-13T00:00:00Z,3,1,0,1,0.5105,0.5608,0.547,,,Cincinnati Bengals,27,33,Cincinnati Bengals,1,1
401872926,2026-09-13,Arizona Cardinals,Los Angeles Chargers,2026-09-13T00:00:00Z,3,1,0,1,0.7437,0.7238,0.7039,,,Los Angeles Chargers,26,14,Arizona Cardinals,1,0
401872927,2026-09-13,Green Bay Packers,Minnesota Vikings,2026-09-13T00:00:00Z,3,1,0,1,0.5786,0.6077,0.5916,,,Minnesota Vikings,22,39,Minnesota Vikings,1,1
401872928,2026-09-13,Miami Dolphins,Las Vegas Raiders,2026-09-13T00:00:00Z,3,1,0,1,0.3525,0.447,0.4399,,,Miami Dolphins,13,27,Las Vegas Raiders,1,0
401872929,2026-09-13,Washington Commanders,Philadelphia Eagles,2026-09-13T00:00:00Z,3,1,0,1,0.6633,0.6663,0.6478,,,Philadelphia Eagles,22,24,Philadelphia Eagles,1,1
401872930,2026-09-13,Dallas Cowboys,New York Giants,2026-09-13T00:00:00Z,3,1,0,1,0.4875,0.5448,0.5319,,,Dallas Cowboys,20,28,New York Giants,1,0
401872931,2026-09-14,Denver Broncos,Kansas City Chiefs,2026-09-14T00:00:00Z,3,1,0,1,0.2691,0.3806,0.3775,,,Denver Broncos,10,31,Kansas City Chiefs,1,0
401872932,2026-09-17,Detroit Lions,Buffalo Bills,2026-09-17T23:09:26Z,3,1,0,,0.3591,0.6696,0.1339,0.4482,,Detroit Lions,31,41,Buffalo Bills,1,0
401872933,2026-09-20,Carolina Panthers,Atlanta Falcons,2026-09-19T23:14:33Z,3,1,0,,0.6317,0.6115,0.9148,0.4433,,Atlanta Falcons,,,,0,
401872934,2026-09-20,Cincinnati Bengals,Houston Texans,2026-09-19T23:14:33Z,3,1,0,,0.1861,0.6631,0.058,0.2408,,Cincinnati Bengals,,,,0,
401872935,2026-09-20,Cleveland Browns,Tampa Bay Buccaneers,2026-09-19T23:14:33Z,3,1,0,,0.5685,0.5565,0.8395,0.4397,,Tampa Bay Buccaneers,,,,0,
401872936,2026-09-20,Green Bay Packers,New York Jets,2026-09-19T23:14:33Z,3,1,0,,0.832,0.4761,0.9863,0.6782,,New York Jets,,,,0,
401872937,2026-09-20,Minnesota Vikings,Chicago Bears,2026-09-19T23:14:33Z,3,1,0,,0.4515,0.5454,0.4663,0.4552,,Minnesota Vikings,,,,0,
401872938,2026-09-20,New Orleans Saints,Baltimore Ravens,2026-09-19T23:14:33Z,3,1,0,,0.7743,0.6678,0.8994,0.6897,,Baltimore Ravens,,,,0,
401872939,2026-09-20,Philadelphia Eagles,Tennessee Titans,2026-09-19T23:14:33Z,3,1,0,,0.2452,0.3158,0.4019,0.2444,,Philadelphia Eagles,,,,0,
401872940,2026-09-20,Jacksonville Jaguars,Denver Broncos,2026-09-19T23:14:33Z,3,1,0,,0.2024,0.4295,0.1167,0.2721,,Jacksonville Jaguars,,,,0,
401872941,2026-09-20,Las Vegas Raiders,Los Angeles Chargers,2026-09-19T23:14:33Z,3,1,0,,0.277,0.6282,0.2693,0.2543,,Las Vegas Raiders,,,,0,
401872942,2026-09-20,Miami Dolphins,San Francisco 49ers,2026-09-19T23:14:33Z,3,1,0,,0.6616,0.8052,0.4428,0.674,,San Francisco 49ers,,,,0,
401872943,2026-09-20,Seattle Seahawks,Arizona Cardinals,2026-09-19T23:14:33Z,3,1,0,,0.4473,0.2015,0.7552,0.4505,,Seattle Seahawks,,,,0,
401872944,2026-09-20,Washington Commanders,Dallas Cowboys,2026-09-19T23:14:33Z,3,1,0,,0.5138,0.5306,0.6632,0.4684,,Dallas Cowboys,,,,0,
401872945,2026-09-20,Indianapolis Colts,Kansas City Chiefs,2026-09-19T23:14:33Z,3,1,0,,0.7429,0.6419,0.8702,0.6687,,Kansas City Chiefs,,,,0,
401872946,2026-09-20,Pittsburgh Steelers,New England Patriots,2026-09-19T23:14:33Z,3,1,0,,0.1688,0.6605,0.0395,0.2399,,Pittsburgh Steelers,,,,0,
401872947,2026-09-21,New York Giants,Los Angeles Rams,2026-09-19T23:14:33Z,3,1,0,,0.1984,0.6553,0.0646,0.2561,,New York Giants,,,,0,
401872948,2026-09-24,Atlanta Falcons,Green Bay Packers,2026-09-19T23:14:33Z,3,1,0,,0.3944,0.5283,0.2524,0.4732,,Atlanta Falcons,,,,0,
401872949,2026-09-27,Carolina Panthers,Cleveland Browns,2026-09-19T23:14:33Z,3,1,0,,0.5151,0.5491,0.6638,0.4636,,Cleveland Browns,,,,0,
401872950,2026-09-27,Cincinnati Bengals,Pittsburgh Steelers,2026-09-19T23:14:33Z,3,1,0,,0.5085,0.5934,0.6161,0.46,,Pittsburgh Steelers,,,,0,
401872951,2026-09-27,Houston Texans,Indianapolis Colts,2026-09-19T23:14:33Z,3,1,0,,0.4765,0.3418,0.6685,0.4768,,Houston Texans,,,,0,
401872952,2026-09-27,Kansas City Chiefs,Miami Dolphins,2026-09-19T23:14:33Z,3,1,0,,0.3439,0.3926,0.6902,0.2626,,Kansas City Chiefs,,,,0,
401872953,2026-09-27,Los Angeles Chargers,Buffalo Bills,2026-09-19T23:14:33Z,3,1,0,,0.632,0.7597,0.3452,0.6892,,Buffalo Bills,,,,0,
401872954,2026-09-27,New York Jets,Detroit Lions,2026-09-19T23:14:33Z,3,1,0,,0.2261,0.6607,0.038,0.3557,,New York Jets,,,,0,
401872955,2026-09-27,Seattle Seahawks,Washington Commanders,2026-09-19T23:14:33Z,3,1,0,,0.2102,0.1826,0.4013,0.2356,,Seattle Seahawks,,,,0,
401872956,2026-09-27,Tennessee Titans,New York Giants,2026-09-19T23:14:33Z,3,1,0,,0.7031,0.6982,0.6851,0.6876,,New York Giants,,,,0,
401872957,2026-09-27,New England Patriots,Jacksonville Jaguars,2026-09-19T23:14:33Z,3,1,0,,0.8415,0.5537,0.9857,0.6814,,Jacksonville Jaguars,,,,0,
401872958,2026-09-27,Arizona Cardinals,San Francisco 49ers,2026-09-19T23:14:33Z,3,1,0,,0.4917,0.7658,0.4143,0.4517,,Arizona Cardinals,,,,0,
401872959,2026-09-27,Minnesota Vikings,Tampa Bay Buccaneers,2026-09-19T23:14:33Z,3,1,0,,0.2113,0.3503,0.2135,0.2516,,Minnesota Vikings,,,,0,
401872960,2026-09-27,Baltimore Ravens,Dallas Cowboys,2026-09-19T23:14:33Z,3,1,0,,0.2322,0.347,0.2902,0.2543,,Baltimore Ravens,,,,0,
401872961,2026-09-27,Las Vegas Raiders,New Orleans Saints,2026-09-19T23:14:33Z,3,1,0,,0.1934,0.6248,0.0738,0.2444,,Las Vegas Raiders,,,,0,
401872962,2026-09-27,Los Angeles Rams,Denver Broncos,2026-09-19T23:14:33Z,3,1,0,,0.554,0.5307,0.7875,0.4624,,Denver Broncos,,,,0,
401872963,2026-09-28,Philadelphia Eagles,Chicago Bears,2026-09-19T23:14:33Z,3,1,0,,0.4181,0.6219,0.3307,0.4374,,Philadelphia Eagles,,,,0,
401872964,2026-10-01,Pittsburgh Steelers,Cleveland Browns,2026-09-19T23:14:33Z,3,1,0,,0.1465,0.3937,0.0417,0.2589,,Pittsburgh Steelers,,,,0,
401872965,2026-10-04,Indianapolis Colts,Washington Commanders,2026-09-19T23:14:33Z,3,1,0,,0.5239,0.5236,0.7497,0.4421,,Washington Commanders,,,,0,
401872966,2026-10-04,Arizona Cardinals,New York Giants,2026-09-19T23:14:33Z,3,1,0,,0.5249,0.5754,0.6705,0.466,,New York Giants,,,,0,
401872967,2026-10-04,Dallas Cowboys,Houston Texans,2026-09-19T23:14:33Z,3,1,0,,0.398,0.7506,0.1556,0.4576,,Dallas Cowboys,,,,0,
401872968,2026-10-04,Green Bay Packers,Tampa Bay Buccaneers,2026-09-19T23:14:33Z,3,1,0,,0.534,0.5056,0.7761,0.4481,,Tampa Bay Buccaneers,,,,0,
401872969,2026-10-04,Jacksonville Jaguars,Cincinnati Bengals,2026-09-19T23:14:33Z,3,1,0,,0.3855,0.3553,0.3248,0.4829,,Jacksonville Jaguars,,,,0,
401872970,2026-10-04,Los Angeles Rams,Philadelphia Eagles,2026-09-19T23:14:33Z,3,1,0,,0.7861,0.4888,0.956,0.6866,,Philadelphia Eagles,,,,0,
401872971,2026-10-04,New England Patriots,Buffalo Bills,2026-09-19T23:14:33Z,3,1,0,,0.7529,0.5731,0.8808,0.6984,,Buffalo Bills,,,,0,
401872972,2026-10-04,New York Jets,Chicago Bears,2026-09-19T23:14:33Z,3,1,0,,0.3941,0.7472,0.159,0.4505,,New York Jets,,,,0,
401872973,2026-10-04,Tennessee Titans,Baltimore Ravens,2026-09-19T23:14:33Z,3,1,0,,0.6925,0.7915,0.5765,0.6772,,Baltimore Ravens,,,,0,
401872974,2026-10-04,Miami Dolphins,Minnesota Vikings,2026-09-19T23:14:33Z,3,1,0,,0.6795,0.7539,0.5669,0.6772,,Minnesota Vikings,,,,0,
401872975,2026-10-04,Denver Broncos,San Francisco 49ers,2026-09-19T23:14:33Z,3,1,0,,0.6854,0.6485,0.7098,0.6666,,San Francisco 49ers,,,,0,
401872976,2026-10-04,Kansas City Chiefs,Las Vegas Raiders,2026-09-19T23:14:33Z,3,1,0,,0.5532,0.3905,0.8447,0.4696,,Las Vegas Raiders,,,,0,
401872977,2026-10-04,Los Angeles Chargers,Seattle Seahawks,2026-09-19T23:14:33Z,3,1,0,,0.6787,0.8311,0.4215,0.6938,,Seattle Seahawks,,,,0,
401872978,2026-10-04,Detroit Lions,Carolina Panthers,2026-09-19T23:14:33Z,3,1,0,,0.2837,0.4234,0.206,0.3557,,Detroit Lions,,,,0,
401872979,2026-10-05,Atlanta Falcons,New Orleans Saints,2026-09-19T23:14:33Z,3,1,0,,0.4266,0.5337,0.3907,0.454,,Atlanta Falcons,,,,0,
401872980,2026-10-08,Tampa Bay Buccaneers,Dallas Cowboys,2026-09-19T23:14:33Z,3,1,0,,0.5085,0.5163,0.667,0.4636,,Dallas Cowboys,,,,0,
401872981,2026-10-11,Philadelphia Eagles,Jacksonville Jaguars,2026-09-19T23:14:33Z,3,1,0,,0.5271,0.6864,0.6568,0.435,,Jacksonville Jaguars,,,,0,
401872982,2026-10-11,Cincinnati Bengals,Miami Dolphins,2026-09-19T23:14:33Z,3,1,0,,0.2918,0.4186,0.5071,0.2489,,Cincinnati Bengals,,,,0,
401872983,2026-10-11,Cleveland Browns,New York Jets,2026-09-19T23:14:33Z,3,1,0,,0.8506,0.5271,0.9909,0.6708,,New York Jets,,,,0,
401872984,2026-10-11,Houston Texans,Tennessee Titans,2026-09-19T23:14:33Z,3,1,0,,0.6085,0.2423,0.9553,0.4708,,Tennessee Titans,,,,0,
401872985,2026-10-11,Indianapolis Colts,Pittsburgh Steelers,2026-09-19T23:14:33Z,3,1,0,,0.8061,0.6655,0.9503,0.6835,,Pittsburgh Steelers,,,,0,
401872986,2026-10-11,Las Vegas Raiders,New England Patriots,2026-09-19T23:14:33Z,3,1,0,,0.1776,0.7991,0.0256,0.2462,,Las Vegas Raiders,,,,0,
401872987,2026-10-11,Minnesota Vikings,New Orleans Saints,2026-09-19T23:14:33Z,3,1,0,,0.1964,0.3887,0.1533,0.2471,,Minnesota Vikings,,,,0,
401872988,2026-10-11,New York Giants,Washington Commanders,2026-09-19T23:14:33Z,3,1,0,,0.1993,0.4766,0.1365,0.2399,,New York Giants,,,,0,
401872989,2026-10-11,Denver Broncos,Los Angeles Chargers,2026-09-19T23:14:33Z,3,1,0,,0.502,0.4279,0.7348,0.4505,,Los Angeles Chargers,,,,0,
401872990,2026-10-11,Chicago Bears,Green Bay Packers,2026-09-19T23:14:33Z,3,1,0,,0.192,0.3797,0.1172,0.2664,,Chicago Bears,,,,0,
401872991,2026-10-11,Detroit Lions,Arizona Cardinals,2026-09-19T23:14:33Z,3,1,0,,0.6637,0.462,0.8944,0.5715,,Arizona Cardinals,,,,0,
401872992,2026-10-11,San Francisco 49ers,Seattle Seahawks,2026-09-19T23:14:33Z,3,1,0,,0.4944,0.666,0.4522,0.4817,,San Francisco 49ers,,,,0,
401872993,2026-10-11,Baltimore Ravens,Atlanta Falcons,2026-09-19T23:14:33Z,3,1,0,,0.2306,0.4168,0.2391,0.2534,,Baltimore Ravens,,,,0,
401872994,2026-10-12,Buffalo Bills,Los Angeles Rams,2026-09-19T23:14:33Z,3,1,0,,0.2456,0.4206,0.2882,0.2557,,Buffalo Bills,,,,0,
401872995,2026-10-15,Seattle Seahawks,Denver Broncos,2026-09-19T23:14:33Z,3,1,0,,0.2644,0.3089,0.4715,0.2525,,Seattle Seahawks,,,,0,
401872996,2026-10-18,Houston Texans,Jacksonville Jaguars,2026-09-19T23:14:33Z,3,1,0,,0.8421,0.6026,0.9838,0.6793,,Jacksonville Jaguars,,,,0,
401872997,2026-10-18,Baltimore Ravens,Cleveland Browns,2026-09-19T23:14:33Z,3,1,0,,0.1565,0.356,0.0546,0.2692,,Baltimore Ravens,,,,0,
401872998,2026-10-18,Carolina Panthers,Philadelphia Eagles,2026-09-19T23:14:33Z,3,1,0,,0.8569,0.6739,0.9854,0.6845,,Philadelphia Eagles,,,,0,
401872999,2026-10-18,Chicago Bears,Atlanta Falcons,2026-09-19T23:14:33Z,3,1,0,,0.2502,0.3921,0.3236,0.2571,,Chicago Bears,,,,0,
401873000,2026-10-18,New Orleans Saints,New York Giants,2026-09-19T23:14:33Z,3,1,0,,0.783,0.5506,0.9346,0.6999,,New York Giants,,,,0,
401873001,2026-10-18,New York Jets,New England Patriots,2026-09-19T23:14:33Z,3,1,0,,0.1481,0.7892,0.0128,0.2453,,New York Jets,,,,0,
401873002,2026-10-18,Pittsburgh Steelers,Tampa Bay Buccaneers,2026-09-19T23:14:33Z,3,1,0,,0.1983,0.4084,0.1577,0.2426,,Pittsburgh Steelers,,,,0,
401873003,2026-10-18,Tennessee Titans,Indianapolis Colts,2026-09-19T23:14:33Z,3,1,0,,0.3488,0.6571,0.103,0.4672,,Tennessee Titans,,,,0,
401873004,2026-10-18,Arizona Cardinals,Los Angeles Rams,2026-09-19T23:14:33Z,3,1,0,,0.2302,0.6858,0.1035,0.2598,,Arizona Cardinals,,,,0,
401873005,2026-10-18,Buffalo Bills,Las Vegas Raiders,2026-09-19T23:14:33Z,3,1,0,,0.5377,0.2354,0.9026,0.4534,,Las Vegas Raiders,,,,0,
401873006,2026-10-18,Los Angeles Chargers,Kansas City Chiefs,2026-09-19T23:14:33Z,3,1,0,,0.6174,0.603,0.4732,0.6751,,Kansas City Chiefs,,,,0,
401873007,2026-10-18,Dallas Cowboys,Green Bay Packers,2026-09-19T23:14:33Z,3,1,0,,0.3922,0.601,0.206,0.472,,Dallas Cowboys,,,,0,
401873008,2026-10-19,Washington Commanders,San Francisco 49ers,2026-09-19T23:14:33Z,3,1,0,,0.7463,0.7868,0.765,0.6866,,San Francisco 49ers,,,,0,
