date,team,record,gp,strength,win_pct,pt_diff_pg,ypg_off,ypg_def,to_margin
2026-09-16,Arizona Cardinals,1-0,1.0,0.705,1.0,12.0,340.0,340.0,0.0
2026-09-16,Atlanta Falcons,0-1,1.0,0.3387,0.0,-7.0,340.0,340.0,0.0
2026-09-16,Baltimore Ravens,1-0,1.0,0.7575,1.0,18.0,340.0,340.0,0.0
2026-09-16,Buffalo Bills,1-0,1.0,0.6437,1.0,5.0,340.0,340.0,0.0
2026-09-16,Carolina Panthers,0-1,1.0,0.225,0.0,-22.0,340.0,340.0,0.0
2026-09-16,Chicago Bears,1-0,1.0,0.775,1.0,22.0,340.0,340.0,0.0
2026-09-16,Cincinnati Bengals,1-0,1.0,0.6525,1.0,6.0,340.0,340.0,0.0
2026-09-16,Cleveland Browns,0-1,1.0,0.225,0.0,-24.0,340.0,340.0,0.0
2026-09-16,Dallas Cowboys,0-1,1.0,0.33,0.0,-8.0,340.0,340.0,0.0
2026-09-16,Denver Broncos,0-1,1.0,0.225,0.0,-21.0,340.0,340.0,0.0
2026-09-16,Detroit Lions,1-0,1.0,0.6088,1.0,1.0,340.0,340.0,0.0
2026-09-16,Green Bay Packers,0-1,1.0,0.2513,0.0,-17.0,340.0,340.0,0.0
2026-09-16,Houston Texans,0-1,1.0,0.3563,0.0,-5.0,340.0,340.0,0.0
2026-09-16,Indianapolis Colts,0-1,1.0,0.2425,0.0,-18.0,340.0,340.0,0.0
2026-09-16,Jacksonville Jaguars,1-0,1.0,0.775,1.0,24.0,340.0,340.0,0.0
2026-09-16,Kansas City Chiefs,1-0,1.0,0.775,1.0,21.0,340.0,340.0,0.0
2026-09-16,Las Vegas Raiders,1-0,1.0,0.7225,1.0,14.0,340.0,340.0,0.0
2026-09-16,Los Angeles Chargers,0-1,1.0,0.295,0.0,-12.0,340.0,340.0,0.0
2026-09-16,Los Angeles Rams,0-1,1.0,0.225,0.0,-20.0,340.0,340.0,0.0
2026-09-16,Miami Dolphins,0-1,1.0,0.2775,0.0,-14.0,340.0,340.0,0.0
2026-09-16,Minnesota Vikings,1-0,1.0,0.7487,1.0,17.0,340.0,340.0,0.0
2026-09-16,New England Patriots,0-1,1.0,0.3738,0.0,-3.0,340.0,340.0,0.0
2026-09-16,New Orleans Saints,0-1,1.0,0.3912,0.0,-1.0,340.0,340.0,0.0
2026-09-16,New York Giants,1-0,1.0,0.67,1.0,8.0,340.0,340.0,0.0
2026-09-16,New York Jets,1-0,1.0,0.7137,1.0,13.0,340.0,340.0,0.0
2026-09-16,Philadelphia Eagles,1-0,1.0,0.6175,1.0,2.0,340.0,340.0,0.0
2026-09-16,Pittsburgh Steelers,1-0,1.0,0.6612,1.0,7.0,340.0,340.0,0.0
2026-09-16,San Francisco 49ers,1-0,1.0,0.775,1.0,20.0,340.0,340.0,0.0
2026-09-16,Seattle Seahawks,1-0,1.0,0.6262,1.0,3.0,340.0,340.0,0.0
2026-09-16,Tampa Bay Buccaneers,0-1,1.0,0.3475,0.0,-6.0,340.0,340.0,0.0
2026-09-16,Tennessee Titans,0-1,1.0,0.2863,0.0,-13.0,340.0,340.0,0.0
2026-09-16,Washington Commanders,0-1,1.0,0.3825,0.0,-2.0,340.0,340.0,0.0
2026-09-17,Arizona Cardinals,1-0,1.0,0.705,1.0,12.0,340.0,340.0,0.0
2026-09-17,Atlanta Falcons,0-1,1.0,0.3387,0.0,-7.0,340.0,340.0,0.0
2026-09-17,Baltimore Ravens,1-0,1.0,0.7575,1.0,18.0,340.0,340.0,0.0
2026-09-17,Buffalo Bills,1-0,1.0,0.6437,1.0,5.0,340.0,340.0,0.0
2026-09-17,Carolina Panthers,0-1,1.0,0.225,0.0,-22.0,340.0,340.0,0.0
2026-09-17,Chicago Bears,1-0,1.0,0.775,1.0,22.0,340.0,340.0,0.0
2026-09-17,Cincinnati Bengals,1-0,1.0,0.6525,1.0,6.0,340.0,340.0,0.0
2026-09-17,Cleveland Browns,0-1,1.0,0.225,0.0,-24.0,340.0,340.0,0.0
2026-09-17,Dallas Cowboys,0-1,1.0,0.33,0.0,-8.0,340.0,340.0,0.0
2026-09-17,Denver Broncos,0-1,1.0,0.225,0.0,-21.0,340.0,340.0,0.0
2026-09-17,Detroit Lions,1-0,1.0,0.6088,1.0,1.0,340.0,340.0,0.0
2026-09-17,Green Bay Packers,0-1,1.0,0.2513,0.0,-17.0,340.0,340.0,0.0
2026-09-17,Houston Texans,0-1,1.0,0.3563,0.0,-5.0,340.0,340.0,0.0
2026-09-17,Indianapolis Colts,0-1,1.0,0.2425,0.0,-18.0,340.0,340.0,0.0
2026-09-17,Jacksonville Jaguars,1-0,1.0,0.775,1.0,24.0,340.0,340.0,0.0
2026-09-17,Kansas City Chiefs,1-0,1.0,0.775,1.0,21.0,340.0,340.0,0.0
2026-09-17,Las Vegas Raiders,1-0,1.0,0.7225,1.0,14.0,340.0,340.0,0.0
2026-09-17,Los Angeles Chargers,0-1,1.0,0.295,0.0,-12.0,340.0,340.0,0.0
2026-09-17,Los Angeles Rams,0-1,1.0,0.225,0.0,-20.0,340.0,340.0,0.0
2026-09-17,Miami Dolphins,0-1,1.0,0.2775,0.0,-14.0,340.0,340.0,0.0
2026-09-17,Minnesota Vikings,1-0,1.0,0.7487,1.0,17.0,340.0,340.0,0.0
2026-09-17,New England Patriots,0-1,1.0,0.3738,0.0,-3.0,340.0,340.0,0.0
2026-09-17,New Orleans Saints,0-1,1.0,0.3912,0.0,-1.0,340.0,340.0,0.0
2026-09-17,New York Giants,1-0,1.0,0.67,1.0,8.0,340.0,340.0,0.0
2026-09-17,New York Jets,1-0,1.0,0.7137,1.0,13.0,340.0,340.0,0.0
2026-09-17,Philadelphia Eagles,1-0,1.0,0.6175,1.0,2.0,340.0,340.0,0.0
2026-09-17,Pittsburgh Steelers,1-0,1.0,0.6612,1.0,7.0,340.0,340.0,0.0
2026-09-17,San Francisco 49ers,1-0,1.0,0.775,1.0,20.0,340.0,340.0,0.0
2026-09-17,Seattle Seahawks,1-0,1.0,0.6262,1.0,3.0,340.0,340.0,0.0
2026-09-17,Tampa Bay Buccaneers,0-1,1.0,0.3475,0.0,-6.0,340.0,340.0,0.0
2026-09-17,Tennessee Titans,0-1,1.0,0.2863,0.0,-13.0,340.0,340.0,0.0
2026-09-17,Washington Commanders,0-1,1.0,0.3825,0.0,-2.0,340.0,340.0,0.0
2026-09-18,Arizona Cardinals,1-0,1.0,0.705,1.0,12.0,340.0,340.0,0.0
2026-09-18,Atlanta Falcons,0-1,1.0,0.3387,0.0,-7.0,340.0,340.0,0.0
2026-09-18,Baltimore Ravens,1-0,1.0,0.7575,1.0,18.0,340.0,340.0,0.0
2026-09-18,Buffalo Bills,2-0,2.0,0.6656,1.0,7.5,340.0,340.0,0.0
2026-09-18,Carolina Panthers,0-1,1.0,0.225,0.0,-22.0,340.0,340.0,0.0
2026-09-18,Chicago Bears,1-0,1.0,0.775,1.0,22.0,340.0,340.0,0.0
2026-09-18,Cincinnati Bengals,1-0,1.0,0.6525,1.0,6.0,340.0,340.0,0.0
2026-09-18,Cleveland Browns,0-1,1.0,0.225,0.0,-24.0,340.0,340.0,0.0
2026-09-18,Dallas Cowboys,0-1,1.0,0.33,0.0,-8.0,340.0,340.0,0.0
2026-09-18,Denver Broncos,0-1,1.0,0.225,0.0,-21.0,340.0,340.0,0.0
2026-09-18,Detroit Lions,1-1,2.0,0.4606,0.5,-4.5,340.0,340.0,0.0
2026-09-18,Green Bay Packers,0-1,1.0,0.2513,0.0,-17.0,340.0,340.0,0.0
2026-09-18,Houston Texans,0-1,1.0,0.3563,0.0,-5.0,340.0,340.0,0.0
2026-09-18,Indianapolis Colts,0-1,1.0,0.2425,0.0,-18.0,340.0,340.0,0.0
2026-09-18,Jacksonville Jaguars,1-0,1.0,0.775,1.0,24.0,340.0,340.0,0.0
2026-09-18,Kansas City Chiefs,1-0,1.0,0.775,1.0,21.0,340.0,340.0,0.0
2026-09-18,Las Vegas Raiders,1-0,1.0,0.7225,1.0,14.0,340.0,340.0,0.0
2026-09-18,Los Angeles Chargers,0-1,1.0,0.295,0.0,-12.0,340.0,340.0,0.0
2026-09-18,Los Angeles Rams,0-1,1.0,0.225,0.0,-20.0,340.0,340.0,0.0
2026-09-18,Miami Dolphins,0-1,1.0,0.2775,0.0,-14.0,340.0,340.0,0.0
2026-09-18,Minnesota Vikings,1-0,1.0,0.7487,1.0,17.0,340.0,340.0,0.0
2026-09-18,New England Patriots,0-1,1.0,0.3738,0.0,-3.0,340.0,340.0,0.0
2026-09-18,New Orleans Saints,0-1,1.0,0.3912,0.0,-1.0,340.0,340.0,0.0
2026-09-18,New York Giants,1-0,1.0,0.67,1.0,8.0,340.0,340.0,0.0
2026-09-18,New York Jets,1-0,1.0,0.7137,1.0,13.0,340.0,340.0,0.0
2026-09-18,Philadelphia Eagles,1-0,1.0,0.6175,1.0,2.0,340.0,340.0,0.0
2026-09-18,Pittsburgh Steelers,1-0,1.0,0.6612,1.0,7.0,340.0,340.0,0.0
2026-09-18,San Francisco 49ers,1-0,1.0,0.775,1.0,20.0,340.0,340.0,0.0
2026-09-18,Seattle Seahawks,1-0,1.0,0.6262,1.0,3.0,340.0,340.0,0.0
2026-09-18,Tampa Bay Buccaneers,0-1,1.0,0.3475,0.0,-6.0,340.0,340.0,0.0
2026-09-18,Tennessee Titans,0-1,1.0,0.2863,0.0,-13.0,340.0,340.0,0.0
2026-09-18,Washington Commanders,0-1,1.0,0.3825,0.0,-2.0,340.0,340.0,0.0
2026-09-19,Arizona Cardinals,1-0,1.0,0.705,1.0,12.0,340.0,340.0,0.0
2026-09-19,Atlanta Falcons,0-1,1.0,0.3387,0.0,-7.0,340.0,340.0,0.0
2026-09-19,Baltimore Ravens,1-0,1.0,0.7575,1.0,18.0,340.0,340.0,0.0
2026-09-19,Buffalo Bills,2-0,2.0,0.6656,1.0,7.5,340.0,340.0,0.0
2026-09-19,Carolina Panthers,0-1,1.0,0.225,0.0,-22.0,340.0,340.0,0.0
2026-09-19,Chicago Bears,1-0,1.0,0.775,1.0,22.0,340.0,340.0,0.0
2026-09-19,Cincinnati Bengals,1-0,1.0,0.6525,1.0,6.0,340.0,340.0,0.0
2026-09-19,Cleveland Browns,0-1,1.0,0.225,0.0,-24.0,340.0,340.0,0.0
2026-09-19,Dallas Cowboys,0-1,1.0,0.33,0.0,-8.0,340.0,340.0,0.0
2026-09-19,Denver Broncos,0-1,1.0,0.225,0.0,-21.0,340.0,340.0,0.0
2026-09-19,Detroit Lions,1-1,2.0,0.4606,0.5,-4.5,340.0,340.0,0.0
2026-09-19,Green Bay Packers,0-1,1.0,0.2513,0.0,-17.0,340.0,340.0,0.0
2026-09-19,Houston Texans,0-1,1.0,0.3563,0.0,-5.0,340.0,340.0,0.0
2026-09-19,Indianapolis Colts,0-1,1.0,0.2425,0.0,-18.0,340.0,340.0,0.0
2026-09-19,Jacksonville Jaguars,1-0,1.0,0.775,1.0,24.0,340.0,340.0,0.0
2026-09-19,Kansas City Chiefs,1-0,1.0,0.775,1.0,21.0,340.0,340.0,0.0
2026-09-19,Las Vegas Raiders,1-0,1.0,0.7225,1.0,14.0,340.0,340.0,0.0
2026-09-19,Los Angeles Chargers,0-1,1.0,0.295,0.0,-12.0,340.0,340.0,0.0
2026-09-19,Los Angeles Rams,0-1,1.0,0.225,0.0,-20.0,340.0,340.0,0.0
2026-09-19,Miami Dolphins,0-1,1.0,0.2775,0.0,-14.0,340.0,340.0,0.0
2026-09-19,Minnesota Vikings,1-0,1.0,0.7487,1.0,17.0,340.0,340.0,0.0
2026-09-19,New England Patriots,0-1,1.0,0.3738,0.0,-3.0,340.0,340.0,0.0
2026-09-19,New Orleans Saints,0-1,1.0,0.3912,0.0,-1.0,340.0,340.0,0.0
2026-09-19,New York Giants,1-0,1.0,0.67,1.0,8.0,340.0,340.0,0.0
2026-09-19,New York Jets,1-0,1.0,0.7137,1.0,13.0,340.0,340.0,0.0
2026-09-19,Philadelphia Eagles,1-0,1.0,0.6175,1.0,2.0,340.0,340.0,0.0
2026-09-19,Pittsburgh Steelers,1-0,1.0,0.6612,1.0,7.0,340.0,340.0,0.0
2026-09-19,San Francisco 49ers,1-0,1.0,0.775,1.0,20.0,340.0,340.0,0.0
2026-09-19,Seattle Seahawks,1-0,1.0,0.6262,1.0,3.0,340.0,340.0,0.0
2026-09-19,Tampa Bay Buccaneers,0-1,1.0,0.3475,0.0,-6.0,340.0,340.0,0.0
2026-09-19,Tennessee Titans,0-1,1.0,0.2863,0.0,-13.0,340.0,340.0,0.0
2026-09-19,Washington Commanders,0-1,1.0,0.3825,0.0,-2.0,340.0,340.0,0.0
2026-09-20,Arizona Cardinals,1-1,2.0,0.4475,0.5,-6.0,340.0,340.0,0.0
2026-09-20,Atlanta Falcons,0-2,2.0,0.2338,0.0,-19.0,340.0,340.0,0.0
2026-09-20,Baltimore Ravens,1-1,2.0,0.5481,0.5,5.5,340.0,340.0,0.0
2026-09-20,Buffalo Bills,2-0,2.0,0.6656,1.0,7.5,340.0,340.0,0.0
2026-09-20,Carolina Panthers,1-1,2.0,0.5394,0.5,4.5,340.0,340.0,0.0
2026-09-20,Chicago Bears,1-1,2.0,0.57,0.5,8.0,340.0,340.0,0.0
2026-09-20,Cincinnati Bengals,2-0,2.0,0.6875,1.0,10.0,340.0,340.0,0.0
2026-09-20,Cleveland Browns,1-1,2.0,0.4125,0.5,-10.0,340.0,340.0,0.0
2026-09-20,Dallas Cowboys,0-1,1.0,0.33,0.0,-8.0,340.0,340.0,0.0
2026-09-20,Denver Broncos,1-1,2.0,0.4388,0.5,-7.0,340.0,340.0,0.0
2026-09-20,Detroit Lions,1-1,2.0,0.4606,0.5,-4.5,340.0,340.0,0.0
2026-09-20,Green Bay Packers,1-1,2.0,0.4388,0.5,-7.0,340.0,340.0,0.0
2026-09-20,Houston Texans,0-2,2.0,0.3169,0.0,-9.5,340.0,340.0,0.0
2026-09-20,Indianapolis Colts,0-1,1.0,0.2425,0.0,-18.0,340.0,340.0,0.0
2026-09-20,Jacksonville Jaguars,1-1,2.0,0.5744,0.5,8.5,340.0,340.0,0.0
2026-09-20,Kansas City Chiefs,1-0,1.0,0.775,1.0,21.0,340.0,340.0,0.0
2026-09-20,Las Vegas Raiders,2-0,2.0,0.7137,1.0,13.0,340.0,340.0,0.0
2026-09-20,Los Angeles Chargers,0-2,2.0,0.295,0.0,-12.0,340.0,340.0,0.0
2026-09-20,Los Angeles Rams,0-1,1.0,0.225,0.0,-20.0,340.0,340.0,0.0
2026-09-20,Miami Dolphins,0-2,2.0,0.2425,0.0,-18.0,340.0,340.0,0.0
2026-09-20,Minnesota Vikings,2-0,2.0,0.7006,1.0,11.5,340.0,340.0,0.0
2026-09-20,New England Patriots,1-1,2.0,0.5613,0.5,7.0,340.0,340.0,0.0
2026-09-20,New Orleans Saints,1-1,2.0,0.5262,0.5,3.0,340.0,340.0,0.0
2026-09-20,New York Giants,1-0,1.0,0.67,1.0,8.0,340.0,340.0,0.0
2026-09-20,New York Jets,1-1,2.0,0.5437,0.5,5.0,340.0,340.0,0.0
2026-09-20,Philadelphia Eagles,2-0,2.0,0.6262,1.0,3.0,340.0,340.0,0.0
2026-09-20,Pittsburgh Steelers,1-1,2.0,0.4562,0.5,-5.0,340.0,340.0,0.0
2026-09-20,San Francisco 49ers,2-0,2.0,0.775,1.0,21.0,340.0,340.0,0.0
2026-09-20,Seattle Seahawks,2-0,2.0,0.7181,1.0,13.5,340.0,340.0,0.0
2026-09-20,Tampa Bay Buccaneers,0-2,2.0,0.3563,0.0,-5.0,340.0,340.0,0.0
2026-09-20,Tennessee Titans,0-2,2.0,0.3256,0.0,-8.5,340.0,340.0,0.0
2026-09-20,Washington Commanders,0-1,1.0,0.3825,0.0,-2.0,340.0,340.0,0.0
2026-09-21,Arizona Cardinals,1-1,2.0,0.4475,0.5,-6.0,340.0,340.0,0.0
2026-09-21,Atlanta Falcons,0-2,2.0,0.2338,0.0,-19.0,340.0,340.0,0.0
2026-09-21,Baltimore Ravens,1-1,2.0,0.5481,0.5,5.5,340.0,340.0,0.0
2026-09-21,Buffalo Bills,2-0,2.0,0.6656,1.0,7.5,340.0,340.0,0.0
2026-09-21,Carolina Panthers,1-1,2.0,0.5394,0.5,4.5,340.0,340.0,0.0
2026-09-21,Chicago Bears,1-1,2.0,0.57,0.5,8.0,340.0,340.0,0.0
2026-09-21,Cincinnati Bengals,2-0,2.0,0.6875,1.0,10.0,340.0,340.0,0.0
2026-09-21,Cleveland Browns,1-1,2.0,0.4125,0.5,-10.0,340.0,340.0,0.0
2026-09-21,Dallas Cowboys,1-1,2.0,0.5394,0.5,4.5,340.0,340.0,0.0
2026-09-21,Denver Broncos,1-1,2.0,0.4388,0.5,-7.0,340.0,340.0,0.0
2026-09-21,Detroit Lions,1-1,2.0,0.4606,0.5,-4.5,340.0,340.0,0.0
2026-09-21,Green Bay Packers,1-1,2.0,0.4388,0.5,-7.0,340.0,340.0,0.0
2026-09-21,Houston Texans,0-2,2.0,0.3169,0.0,-9.5,340.0,340.0,0.0
2026-09-21,Indianapolis Colts,0-2,2.0,0.3081,0.0,-10.5,340.0,340.0,0.0
2026-09-21,Jacksonville Jaguars,1-1,2.0,0.5744,0.5,8.5,340.0,340.0,0.0
2026-09-21,Kansas City Chiefs,2-0,2.0,0.705,1.0,12.0,340.0,340.0,0.0
2026-09-21,Las Vegas Raiders,2-0,2.0,0.7137,1.0,13.0,340.0,340.0,0.0
2026-09-21,Los Angeles Chargers,0-2,2.0,0.295,0.0,-12.0,340.0,340.0,0.0
2026-09-21,Los Angeles Rams,0-1,1.0,0.225,0.0,-20.0,340.0,340.0,0.0
2026-09-21,Miami Dolphins,0-2,2.0,0.2425,0.0,-18.0,340.0,340.0,0.0
2026-09-21,Minnesota Vikings,2-0,2.0,0.7006,1.0,11.5,340.0,340.0,0.0
2026-09-21,New England Patriots,1-1,2.0,0.5613,0.5,7.0,340.0,340.0,0.0
2026-09-21,New Orleans Saints,1-1,2.0,0.5262,0.5,3.0,340.0,340.0,0.0
2026-09-21,New York Giants,1-0,1.0,0.67,1.0,8.0,340.0,340.0,0.0
2026-09-21,New York Jets,1-1,2.0,0.5437,0.5,5.0,340.0,340.0,0.0
2026-09-21,Philadelphia Eagles,2-0,2.0,0.6262,1.0,3.0,340.0,340.0,0.0
2026-09-21,Pittsburgh Steelers,1-1,2.0,0.4562,0.5,-5.0,340.0,340.0,0.0
2026-09-21,San Francisco 49ers,2-0,2.0,0.775,1.0,21.0,340.0,340.0,0.0
2026-09-21,Seattle Seahawks,2-0,2.0,0.7181,1.0,13.5,340.0,340.0,0.0
2026-09-21,Tampa Bay Buccaneers,0-2,2.0,0.3563,0.0,-5.0,340.0,340.0,0.0
2026-09-21,Tennessee Titans,0-2,2.0,0.3256,0.0,-8.5,340.0,340.0,0.0
2026-09-21,Washington Commanders,0-2,2.0,0.3169,0.0,-9.5,340.0,340.0,0.0
2026-09-22,Arizona Cardinals,1-1,2.0,0.4647,0.5,-6.0,279.0,340.0,1.0
2026-09-22,Atlanta Falcons,0-2,2.0,0.1396,0.0,-19.0,282.5,340.0,-3.0
2026-09-22,Baltimore Ravens,1-1,2.0,0.5796,0.5,5.5,434.5,340.0,0.0
2026-09-22,Buffalo Bills,2-0,2.0,0.735,1.0,7.5,435.5,340.0,1.0
2026-09-22,Carolina Panthers,1-1,2.0,0.6225,0.5,4.5,420.5,340.0,1.5
2026-09-22,Chicago Bears,1-1,2.0,0.6043,0.5,8.0,443.0,340.0,0.0
2026-09-22,Cincinnati Bengals,2-0,2.0,0.7391,1.0,10.0,326.0,340.0,1.5
2026-09-22,Cleveland Browns,1-1,2.0,0.3761,0.5,-10.0,287.0,340.0,-0.5
2026-09-22,Dallas Cowboys,1-1,2.0,0.543,0.5,4.5,294.5,340.0,0.5
2026-09-22,Denver Broncos,1-1,2.0,0.404,0.5,-7.0,292.0,340.0,-0.5
2026-09-22,Detroit Lions,1-1,2.0,0.5121,0.5,-4.5,382.0,340.0,1.0
2026-09-22,Green Bay Packers,1-1,2.0,0.3981,0.5,-7.0,330.5,340.0,-1.0
2026-09-22,Houston Texans,0-2,2.0,0.3012,0.0,-9.5,405.5,340.0,-1.0
2026-09-22,Indianapolis Colts,0-2,2.0,0.2568,0.0,-10.5,298.5,340.0,-1.0
2026-09-22,Jacksonville Jaguars,1-1,2.0,0.6077,0.5,8.5,327.5,340.0,1.0
2026-09-22,Kansas City Chiefs,2-0,2.0,0.7792,1.0,12.0,469.0,340.0,1.0
2026-09-22,Las Vegas Raiders,2-0,2.0,0.7379,1.0,13.0,300.0,340.0,1.0
2026-09-22,Los Angeles Chargers,0-2,2.0,0.2082,0.0,-12.0,304.5,340.0,-2.0
2026-09-22,Los Angeles Rams,1-1,2.0,0.4879,0.5,1.0,390.0,340.0,-1.0
2026-09-22,Miami Dolphins,0-2,2.0,0.228,0.0,-18.0,296.5,340.0,0.0
2026-09-22,Minnesota Vikings,2-0,2.0,0.7302,1.0,11.5,260.0,340.0,1.5
2026-09-22,New England Patriots,1-1,2.0,0.4968,0.5,7.0,315.5,340.0,-1.5
2026-09-22,New Orleans Saints,1-1,2.0,0.5305,0.5,3.0,409.0,340.0,-0.5
2026-09-22,New York Giants,1-1,2.0,0.4405,0.5,-7.0,289.0,340.0,0.5
2026-09-22,New York Jets,1-1,2.0,0.5814,0.5,5.0,340.5,340.0,1.0
2026-09-22,Philadelphia Eagles,2-0,2.0,0.5907,1.0,3.0,346.0,340.0,-1.0
2026-09-22,Pittsburgh Steelers,1-1,2.0,0.4545,0.5,-5.0,278.5,340.0,0.5
2026-09-22,San Francisco 49ers,2-0,2.0,0.8073,1.0,21.0,380.5,340.0,0.5
2026-09-22,Seattle Seahawks,2-0,2.0,0.7767,1.0,13.5,347.0,340.0,1.5
2026-09-22,Tampa Bay Buccaneers,0-2,2.0,0.2719,0.0,-5.0,312.0,340.0,-2.0
2026-09-22,Tennessee Titans,0-2,2.0,0.3165,0.0,-8.5,256.5,340.0,0.5
2026-09-22,Washington Commanders,0-2,2.0,0.299,0.0,-9.5,342.5,340.0,-0.5
2026-09-23,Arizona Cardinals,1-1,2.0,0.4647,0.5,-6.0,279.0,340.0,1.0
2026-09-23,Atlanta Falcons,0-2,2.0,0.1396,0.0,-19.0,282.5,340.0,-3.0
2026-09-23,Baltimore Ravens,1-1,2.0,0.5796,0.5,5.5,434.5,340.0,0.0
2026-09-23,Buffalo Bills,2-0,2.0,0.735,1.0,7.5,435.5,340.0,1.0
2026-09-23,Carolina Panthers,1-1,2.0,0.6225,0.5,4.5,420.5,340.0,1.5
2026-09-23,Chicago Bears,1-1,2.0,0.6043,0.5,8.0,443.0,340.0,0.0
2026-09-23,Cincinnati Bengals,2-0,2.0,0.7391,1.0,10.0,326.0,340.0,1.5
2026-09-23,Cleveland Browns,1-1,2.0,0.3761,0.5,-10.0,287.0,340.0,-0.5
2026-09-23,Dallas Cowboys,1-1,2.0,0.543,0.5,4.5,294.5,340.0,0.5
2026-09-23,Denver Broncos,1-1,2.0,0.404,0.5,-7.0,292.0,340.0,-0.5
2026-09-23,Detroit Lions,1-1,2.0,0.5121,0.5,-4.5,382.0,340.0,1.0
2026-09-23,Green Bay Packers,1-1,2.0,0.3981,0.5,-7.0,330.5,340.0,-1.0
2026-09-23,Houston Texans,0-2,2.0,0.3012,0.0,-9.5,405.5,340.0,-1.0
2026-09-23,Indianapolis Colts,0-2,2.0,0.2568,0.0,-10.5,298.5,340.0,-1.0
2026-09-23,Jacksonville Jaguars,1-1,2.0,0.6077,0.5,8.5,327.5,340.0,1.0
2026-09-23,Kansas City Chiefs,2-0,2.0,0.7792,1.0,12.0,469.0,340.0,1.0
2026-09-23,Las Vegas Raiders,2-0,2.0,0.7379,1.0,13.0,300.0,340.0,1.0
2026-09-23,Los Angeles Chargers,0-2,2.0,0.2082,0.0,-12.0,304.5,340.0,-2.0
2026-09-23,Los Angeles Rams,1-1,2.0,0.4879,0.5,1.0,390.0,340.0,-1.0
2026-09-23,Miami Dolphins,0-2,2.0,0.228,0.0,-18.0,296.5,340.0,0.0
2026-09-23,Minnesota Vikings,2-0,2.0,0.7302,1.0,11.5,260.0,340.0,1.5
2026-09-23,New England Patriots,1-1,2.0,0.4968,0.5,7.0,315.5,340.0,-1.5
2026-09-23,New Orleans Saints,1-1,2.0,0.5305,0.5,3.0,409.0,340.0,-0.5
2026-09-23,New York Giants,1-1,2.0,0.4405,0.5,-7.0,289.0,340.0,0.5
2026-09-23,New York Jets,1-1,2.0,0.5814,0.5,5.0,340.5,340.0,1.0
2026-09-23,Philadelphia Eagles,2-0,2.0,0.5907,1.0,3.0,346.0,340.0,-1.0
2026-09-23,Pittsburgh Steelers,1-1,2.0,0.4545,0.5,-5.0,278.5,340.0,0.5
2026-09-23,San Francisco 49ers,2-0,2.0,0.8073,1.0,21.0,380.5,340.0,0.5
2026-09-23,Seattle Seahawks,2-0,2.0,0.7767,1.0,13.5,347.0,340.0,1.5
2026-09-23,Tampa Bay Buccaneers,0-2,2.0,0.2719,0.0,-5.0,312.0,340.0,-2.0
2026-09-23,Tennessee Titans,0-2,2.0,0.3165,0.0,-8.5,256.5,340.0,0.5
2026-09-23,Washington Commanders,0-2,2.0,0.299,0.0,-9.5,342.5,340.0,-0.5
2026-09-24,Arizona Cardinals,1-1,2.0,0.4647,0.5,-6.0,279.0,340.0,1.0
2026-09-24,Atlanta Falcons,0-2,2.0,0.1396,0.0,-19.0,282.5,340.0,-3.0
2026-09-24,Baltimore Ravens,1-1,2.0,0.5796,0.5,5.5,434.5,340.0,0.0
2026-09-24,Buffalo Bills,2-0,2.0,0.735,1.0,7.5,435.5,340.0,1.0
2026-09-24,Carolina Panthers,1-1,2.0,0.6225,0.5,4.5,420.5,340.0,1.5
2026-09-24,Chicago Bears,1-1,2.0,0.6043,0.5,8.0,443.0,340.0,0.0
2026-09-24,Cincinnati Bengals,2-0,2.0,0.7391,1.0,10.0,326.0,340.0,1.5
2026-09-24,Cleveland Browns,1-1,2.0,0.3761,0.5,-10.0,287.0,340.0,-0.5
2026-09-24,Dallas Cowboys,1-1,2.0,0.543,0.5,4.5,294.5,340.0,0.5
2026-09-24,Denver Broncos,1-1,2.0,0.404,0.5,-7.0,292.0,340.0,-0.5
2026-09-24,Detroit Lions,1-1,2.0,0.5121,0.5,-4.5,382.0,340.0,1.0
2026-09-24,Green Bay Packers,1-1,2.0,0.3981,0.5,-7.0,330.5,340.0,-1.0
2026-09-24,Houston Texans,0-2,2.0,0.3012,0.0,-9.5,405.5,340.0,-1.0
2026-09-24,Indianapolis Colts,0-2,2.0,0.2568,0.0,-10.5,298.5,340.0,-1.0
2026-09-24,Jacksonville Jaguars,1-1,2.0,0.6077,0.5,8.5,327.5,340.0,1.0
2026-09-24,Kansas City Chiefs,2-0,2.0,0.7792,1.0,12.0,469.0,340.0,1.0
2026-09-24,Las Vegas Raiders,2-0,2.0,0.7379,1.0,13.0,300.0,340.0,1.0
2026-09-24,Los Angeles Chargers,0-2,2.0,0.2082,0.0,-12.0,304.5,340.0,-2.0
2026-09-24,Los Angeles Rams,1-1,2.0,0.4879,0.5,1.0,390.0,340.0,-1.0
2026-09-24,Miami Dolphins,0-2,2.0,0.228,0.0,-18.0,296.5,340.0,0.0
2026-09-24,Minnesota Vikings,2-0,2.0,0.7302,1.0,11.5,260.0,340.0,1.5
2026-09-24,New England Patriots,1-1,2.0,0.4968,0.5,7.0,315.5,340.0,-1.5
2026-09-24,New Orleans Saints,1-1,2.0,0.5305,0.5,3.0,409.0,340.0,-0.5
2026-09-24,New York Giants,1-1,2.0,0.4405,0.5,-7.0,289.0,340.0,0.5
2026-09-24,New York Jets,1-1,2.0,0.5814,0.5,5.0,340.5,340.0,1.0
2026-09-24,Philadelphia Eagles,2-0,2.0,0.5907,1.0,3.0,346.0,340.0,-1.0
2026-09-24,Pittsburgh Steelers,1-1,2.0,0.4545,0.5,-5.0,278.5,340.0,0.5
2026-09-24,San Francisco 49ers,2-0,2.0,0.8073,1.0,21.0,380.5,340.0,0.5
2026-09-24,Seattle Seahawks,2-0,2.0,0.7767,1.0,13.5,347.0,340.0,1.5
2026-09-24,Tampa Bay Buccaneers,0-2,2.0,0.2719,0.0,-5.0,312.0,340.0,-2.0
2026-09-24,Tennessee Titans,0-2,2.0,0.3165,0.0,-8.5,256.5,340.0,0.5
2026-09-24,Washington Commanders,0-2,2.0,0.299,0.0,-9.5,342.5,340.0,-0.5
2026-09-25,Arizona Cardinals,1-1,2.0,0.4647,0.5,-6.0,279.0,340.0,1.0
2026-09-25,Atlanta Falcons,1-2,3.0,0.3465,0.333,-5.7,354.3,340.0,-2.0
2026-09-25,Baltimore Ravens,1-1,2.0,0.5796,0.5,5.5,434.5,340.0,0.0
2026-09-25,Buffalo Bills,2-0,2.0,0.735,1.0,7.5,435.5,340.0,1.0
2026-09-25,Carolina Panthers,1-1,2.0,0.6225,0.5,4.5,420.5,340.0,1.5
2026-09-25,Chicago Bears,1-1,2.0,0.6043,0.5,8.0,443.0,340.0,0.0
2026-09-25,Cincinnati Bengals,2-0,2.0,0.7391,1.0,10.0,326.0,340.0,1.5
2026-09-25,Cleveland Browns,1-1,2.0,0.3761,0.5,-10.0,287.0,340.0,-0.5
2026-09-25,Dallas Cowboys,1-1,2.0,0.543,0.5,4.5,294.5,340.0,0.5
2026-09-25,Denver Broncos,1-1,2.0,0.404,0.5,-7.0,292.0,340.0,-0.5
2026-09-25,Detroit Lions,1-1,2.0,0.5121,0.5,-4.5,382.0,340.0,1.0
2026-09-25,Green Bay Packers,1-2,3.0,0.3358,0.333,-11.7,330.0,340.0,-0.67
2026-09-25,Houston Texans,0-2,2.0,0.3012,0.0,-9.5,405.5,340.0,-1.0
2026-09-25,Indianapolis Colts,0-2,2.0,0.2568,0.0,-10.5,298.5,340.0,-1.0
2026-09-25,Jacksonville Jaguars,1-1,2.0,0.6077,0.5,8.5,327.5,340.0,1.0
2026-09-25,Kansas City Chiefs,2-0,2.0,0.7792,1.0,12.0,469.0,340.0,1.0
2026-09-25,Las Vegas Raiders,2-0,2.0,0.7379,1.0,13.0,300.0,340.0,1.0
2026-09-25,Los Angeles Chargers,0-2,2.0,0.2082,0.0,-12.0,304.5,340.0,-2.0
2026-09-25,Los Angeles Rams,1-1,2.0,0.4879,0.5,1.0,390.0,340.0,-1.0
2026-09-25,Miami Dolphins,0-2,2.0,0.228,0.0,-18.0,296.5,340.0,0.0
2026-09-25,Minnesota Vikings,2-0,2.0,0.7302,1.0,11.5,260.0,340.0,1.5
2026-09-25,New England Patriots,1-1,2.0,0.4968,0.5,7.0,315.5,340.0,-1.5
2026-09-25,New Orleans Saints,1-1,2.0,0.5305,0.5,3.0,409.0,340.0,-0.5
2026-09-25,New York Giants,1-1,2.0,0.4405,0.5,-7.0,289.0,340.0,0.5
2026-09-25,New York Jets,1-1,2.0,0.5814,0.5,5.0,340.5,340.0,1.0
2026-09-25,Philadelphia Eagles,2-0,2.0,0.5907,1.0,3.0,346.0,340.0,-1.0
2026-09-25,Pittsburgh Steelers,1-1,2.0,0.4545,0.5,-5.0,278.5,340.0,0.5
2026-09-25,San Francisco 49ers,2-0,2.0,0.8073,1.0,21.0,380.5,340.0,0.5
2026-09-25,Seattle Seahawks,2-0,2.0,0.7767,1.0,13.5,347.0,340.0,1.5
2026-09-25,Tampa Bay Buccaneers,0-2,2.0,0.2719,0.0,-5.0,312.0,340.0,-2.0
2026-09-25,Tennessee Titans,0-2,2.0,0.3165,0.0,-8.5,256.5,340.0,0.5
2026-09-25,Washington Commanders,0-2,2.0,0.299,0.0,-9.5,342.5,340.0,-0.5
2026-09-26,Arizona Cardinals,1-1,2.0,0.4647,0.5,-6.0,279.0,340.0,1.0
2026-09-26,Atlanta Falcons,1-2,3.0,0.3465,0.333,-5.7,354.3,340.0,-2.0
2026-09-26,Baltimore Ravens,1-1,2.0,0.5796,0.5,5.5,434.5,340.0,0.0
2026-09-26,Buffalo Bills,2-0,2.0,0.735,1.0,7.5,435.5,340.0,1.0
2026-09-26,Carolina Panthers,1-1,2.0,0.6225,0.5,4.5,420.5,340.0,1.5
2026-09-26,Chicago Bears,1-1,2.0,0.6043,0.5,8.0,443.0,340.0,0.0
2026-09-26,Cincinnati Bengals,2-0,2.0,0.7391,1.0,10.0,326.0,340.0,1.5
2026-09-26,Cleveland Browns,1-1,2.0,0.3761,0.5,-10.0,287.0,340.0,-0.5
2026-09-26,Dallas Cowboys,1-1,2.0,0.543,0.5,4.5,294.5,340.0,0.5
2026-09-26,Denver Broncos,1-1,2.0,0.404,0.5,-7.0,292.0,340.0,-0.5
2026-09-26,Detroit Lions,1-1,2.0,0.5121,0.5,-4.5,382.0,340.0,1.0
2026-09-26,Green Bay Packers,1-2,3.0,0.3358,0.333,-11.7,330.0,340.0,-0.67
2026-09-26,Houston Texans,0-2,2.0,0.3012,0.0,-9.5,405.5,340.0,-1.0
2026-09-26,Indianapolis Colts,0-2,2.0,0.2568,0.0,-10.5,298.5,340.0,-1.0
2026-09-26,Jacksonville Jaguars,1-1,2.0,0.6077,0.5,8.5,327.5,340.0,1.0
2026-09-26,Kansas City Chiefs,2-0,2.0,0.7792,1.0,12.0,469.0,340.0,1.0
2026-09-26,Las Vegas Raiders,2-0,2.0,0.7379,1.0,13.0,300.0,340.0,1.0
2026-09-26,Los Angeles Chargers,0-2,2.0,0.2082,0.0,-12.0,304.5,340.0,-2.0
2026-09-26,Los Angeles Rams,1-1,2.0,0.4879,0.5,1.0,390.0,340.0,-1.0
2026-09-26,Miami Dolphins,0-2,2.0,0.228,0.0,-18.0,296.5,340.0,0.0
2026-09-26,Minnesota Vikings,2-0,2.0,0.7302,1.0,11.5,260.0,340.0,1.5
2026-09-26,New England Patriots,1-1,2.0,0.4968,0.5,7.0,315.5,340.0,-1.5
2026-09-26,New Orleans Saints,1-1,2.0,0.5305,0.5,3.0,409.0,340.0,-0.5
2026-09-26,New York Giants,1-1,2.0,0.4405,0.5,-7.0,289.0,340.0,0.5
2026-09-26,New York Jets,1-1,2.0,0.5814,0.5,5.0,340.5,340.0,1.0
2026-09-26,Philadelphia Eagles,2-0,2.0,0.5907,1.0,3.0,346.0,340.0,-1.0
2026-09-26,Pittsburgh Steelers,1-1,2.0,0.4545,0.5,-5.0,278.5,340.0,0.5
2026-09-26,San Francisco 49ers,2-0,2.0,0.8073,1.0,21.0,380.5,340.0,0.5
2026-09-26,Seattle Seahawks,2-0,2.0,0.7767,1.0,13.5,347.0,340.0,1.5
2026-09-26,Tampa Bay Buccaneers,0-2,2.0,0.2719,0.0,-5.0,312.0,340.0,-2.0
2026-09-26,Tennessee Titans,0-2,2.0,0.3165,0.0,-8.5,256.5,340.0,0.5
2026-09-26,Washington Commanders,0-2,2.0,0.299,0.0,-9.5,342.5,340.0,-0.5
2026-09-27,Arizona Cardinals,1-2,3.0,0.4189,0.333,-6.0,279.0,340.0,0.67
2026-09-27,Atlanta Falcons,1-2,3.0,0.3465,0.333,-5.7,354.3,340.0,-2.0
2026-09-27,Baltimore Ravens,2-1,3.0,0.606,0.667,4.7,434.5,340.0,0.0
2026-09-27,Buffalo Bills,3-0,3.0,0.7243,1.0,7.7,435.5,340.0,0.67
2026-09-27,Carolina Panthers,1-2,3.0,0.5484,0.333,2.0,420.5,340.0,1.0
2026-09-27,Chicago Bears,1-1,2.0,0.6043,0.5,8.0,443.0,340.0,0.0
2026-09-27,Cincinnati Bengals,2-1,3.0,0.6161,0.667,5.7,326.0,340.0,1.0
2026-09-27,Cleveland Browns,2-1,3.0,0.4535,0.667,-5.7,287.0,340.0,-0.33
2026-09-27,Dallas Cowboys,1-2,3.0,0.4813,0.333,2.0,294.5,340.0,0.33
2026-09-27,Denver Broncos,1-1,2.0,0.404,0.5,-7.0,292.0,340.0,-0.5
2026-09-27,Detroit Lions,2-1,3.0,0.5664,0.667,-0.7,382.0,340.0,0.67
2026-09-27,Green Bay Packers,1-2,3.0,0.3358,0.333,-11.7,330.0,340.0,-0.67
2026-09-27,Houston Texans,0-3,3.0,0.3355,0.0,-7.0,405.5,340.0,-0.67
2026-09-27,Indianapolis Colts,1-2,3.0,0.3725,0.333,-6.3,298.5,340.0,-0.67
2026-09-27,Jacksonville Jaguars,2-1,3.0,0.6882,0.667,15.3,327.5,340.0,0.67
2026-09-27,Kansas City Chiefs,3-0,3.0,0.7729,1.0,12.7,469.0,340.0,0.67
2026-09-27,Las Vegas Raiders,3-0,3.0,0.7107,1.0,11.3,300.0,340.0,0.67
2026-09-27,Los Angeles Chargers,0-3,3.0,0.2447,0.0,-10.7,304.5,340.0,-1.33
2026-09-27,Los Angeles Rams,1-1,2.0,0.4879,0.5,1.0,390.0,340.0,-1.0
2026-09-27,Miami Dolphins,0-3,3.0,0.2394,0.0,-16.7,296.5,340.0,0.0
2026-09-27,Minnesota Vikings,3-0,3.0,0.6983,1.0,10.0,260.0,340.0,1.0
2026-09-27,New England Patriots,1-2,3.0,0.3772,0.333,-5.0,315.5,340.0,-1.0
2026-09-27,New Orleans Saints,1-2,3.0,0.4711,0.333,-0.7,409.0,340.0,-0.33
2026-09-27,New York Giants,2-1,3.0,0.5025,0.667,-3.0,289.0,340.0,0.33
2026-09-27,New York Jets,1-2,3.0,0.5006,0.333,1.0,340.5,340.0,0.67
2026-09-27,Philadelphia Eagles,2-0,2.0,0.5907,1.0,3.0,346.0,340.0,-1.0
2026-09-27,Pittsburgh Steelers,2-1,3.0,0.5051,0.667,-2.3,278.5,340.0,0.33
2026-09-27,San Francisco 49ers,3-0,3.0,0.7659,1.0,16.0,380.5,340.0,0.33
2026-09-27,Seattle Seahawks,2-1,3.0,0.6459,0.667,8.3,347.0,340.0,1.0
2026-09-27,Tampa Bay Buccaneers,0-3,3.0,0.2909,0.0,-5.7,312.0,340.0,-1.33
2026-09-27,Tennessee Titans,0-3,3.0,0.3207,0.0,-7.3,256.5,340.0,0.33
2026-09-27,Washington Commanders,1-2,3.0,0.4052,0.333,-5.7,342.5,340.0,-0.33
2026-09-28,Arizona Cardinals,1-2,3.0,0.4417,0.333,-6.0,310.3,340.0,1.0
2026-09-28,Atlanta Falcons,1-2,3.0,0.3465,0.333,-5.7,354.3,340.0,-2.0
2026-09-28,Baltimore Ravens,2-1,3.0,0.6121,0.667,4.7,415.7,340.0,0.33
2026-09-28,Buffalo Bills,3-0,3.0,0.6679,1.0,7.7,417.0,340.0,-0.67
2026-09-28,Carolina Panthers,1-2,3.0,0.5449,0.333,2.0,410.0,340.0,1.0
2026-09-28,Chicago Bears,1-1,2.0,0.6043,0.5,8.0,443.0,340.0,0.0
2026-09-28,Cincinnati Bengals,2-1,3.0,0.6081,0.667,5.7,339.0,340.0,0.67
2026-09-28,Cleveland Browns,2-1,3.0,0.4522,0.667,-5.7,283.3,340.0,-0.33
2026-09-28,Dallas Cowboys,1-2,3.0,0.4833,0.333,2.0,337.7,340.0,0.0
2026-09-28,Denver Broncos,2-1,3.0,0.4854,0.667,-3.3,282.7,340.0,0.0
2026-09-28,Detroit Lions,2-1,3.0,0.5808,0.667,-0.7,388.0,340.0,1.0
2026-09-28,Green Bay Packers,1-2,3.0,0.3358,0.333,-11.7,330.0,340.0,-0.67
2026-09-28,Houston Texans,0-3,3.0,0.3542,0.0,-7.0,349.3,340.0,0.33
2026-09-28,Indianapolis Colts,1-2,3.0,0.3379,0.333,-6.3,307.0,340.0,-1.67
2026-09-28,Jacksonville Jaguars,2-1,3.0,0.712,0.667,15.3,324.7,340.0,1.33
2026-09-28,Kansas City Chiefs,3-0,3.0,0.7766,1.0,12.7,424.0,340.0,1.0
2026-09-28,Las Vegas Raiders,3-0,3.0,0.7549,1.0,11.3,320.3,340.0,1.67
2026-09-28,Los Angeles Chargers,0-3,3.0,0.3004,0.0,-10.7,322.0,340.0,0.0
2026-09-28,Los Angeles Rams,1-2,3.0,0.4525,0.333,-0.7,428.7,340.0,-1.0
2026-09-28,Miami Dolphins,0-3,3.0,0.2306,0.0,-16.7,307.3,340.0,-0.33
2026-09-28,Minnesota Vikings,3-0,3.0,0.7091,1.0,10.0,255.3,340.0,1.33
2026-09-28,New England Patriots,1-2,3.0,0.3535,0.333,-5.0,319.7,340.0,-1.67
2026-09-28,New Orleans Saints,1-2,3.0,0.4329,0.333,-0.7,407.0,340.0,-1.33
2026-09-28,New York Giants,2-1,3.0,0.524,0.667,-3.0,278.0,340.0,1.0
2026-09-28,New York Jets,1-2,3.0,0.4922,0.333,1.0,353.3,340.0,0.33
2026-09-28,Philadelphia Eagles,2-0,2.0,0.5907,1.0,3.0,346.0,340.0,-1.0
2026-09-28,Pittsburgh Steelers,2-1,3.0,0.5347,0.667,-2.3,329.0,340.0,0.67
2026-09-28,San Francisco 49ers,3-0,3.0,0.7598,1.0,16.0,399.3,340.0,0.0
2026-09-28,Seattle Seahawks,2-1,3.0,0.6184,0.667,8.3,377.0,340.0,0.0
2026-09-28,Tampa Bay Buccaneers,0-3,3.0,0.2739,0.0,-5.7,299.3,340.0,-1.67
2026-09-28,Tennessee Titans,0-3,3.0,0.2965,0.0,-7.3,258.3,340.0,-0.33
2026-09-28,Washington Commanders,1-2,3.0,0.4341,0.333,-5.7,316.7,340.0,0.67
2026-09-29,Arizona Cardinals,1-2,3.0,0.4417,0.333,-6.0,310.3,340.0,1.0
2026-09-29,Atlanta Falcons,1-2,3.0,0.3465,0.333,-5.7,354.3,340.0,-2.0
2026-09-29,Baltimore Ravens,2-1,3.0,0.6121,0.667,4.7,415.7,340.0,0.33
2026-09-29,Buffalo Bills,3-0,3.0,0.6679,1.0,7.7,417.0,340.0,-0.67
2026-09-29,Carolina Panthers,1-2,3.0,0.5449,0.333,2.0,410.0,340.0,1.0
2026-09-29,Chicago Bears,2-1,3.0,0.7027,0.667,12.0,420.3,340.0,1.0
2026-09-29,Cincinnati Bengals,2-1,3.0,0.6081,0.667,5.7,339.0,340.0,0.67
2026-09-29,Cleveland Browns,2-1,3.0,0.4522,0.667,-5.7,283.3,340.0,-0.33
2026-09-29,Dallas Cowboys,1-2,3.0,0.4833,0.333,2.0,337.7,340.0,0.0
2026-09-29,Denver Broncos,2-1,3.0,0.4854,0.667,-3.3,282.7,340.0,0.0
2026-09-29,Detroit Lions,2-1,3.0,0.5808,0.667,-0.7,388.0,340.0,1.0
2026-09-29,Green Bay Packers,1-2,3.0,0.3358,0.333,-11.7,330.0,340.0,-0.67
2026-09-29,Houston Texans,0-3,3.0,0.3542,0.0,-7.0,349.3,340.0,0.33
2026-09-29,Indianapolis Colts,1-2,3.0,0.3379,0.333,-6.3,307.0,340.0,-1.67
2026-09-29,Jacksonville Jaguars,2-1,3.0,0.712,0.667,15.3,324.7,340.0,1.33
2026-09-29,Kansas City Chiefs,3-0,3.0,0.7766,1.0,12.7,424.0,340.0,1.0
2026-09-29,Las Vegas Raiders,3-0,3.0,0.7549,1.0,11.3,320.3,340.0,1.67
2026-09-29,Los Angeles Chargers,0-3,3.0,0.3004,0.0,-10.7,322.0,340.0,0.0
2026-09-29,Los Angeles Rams,1-2,3.0,0.4525,0.333,-0.7,428.7,340.0,-1.0
2026-09-29,Miami Dolphins,0-3,3.0,0.2306,0.0,-16.7,307.3,340.0,-0.33
2026-09-29,Minnesota Vikings,3-0,3.0,0.7091,1.0,10.0,255.3,340.0,1.33
2026-09-29,New England Patriots,1-2,3.0,0.3535,0.333,-5.0,319.7,340.0,-1.67
2026-09-29,New Orleans Saints,1-2,3.0,0.4329,0.333,-0.7,407.0,340.0,-1.33
2026-09-29,New York Giants,2-1,3.0,0.524,0.667,-3.0,278.0,340.0,1.0
2026-09-29,New York Jets,1-2,3.0,0.4922,0.333,1.0,353.3,340.0,0.33
2026-09-29,Philadelphia Eagles,2-1,3.0,0.4221,0.667,-4.7,317.3,340.0,-1.67
2026-09-29,Pittsburgh Steelers,2-1,3.0,0.5347,0.667,-2.3,329.0,340.0,0.67
2026-09-29,San Francisco 49ers,3-0,3.0,0.7598,1.0,16.0,399.3,340.0,0.0
2026-09-29,Seattle Seahawks,2-1,3.0,0.6184,0.667,8.3,377.0,340.0,0.0
2026-09-29,Tampa Bay Buccaneers,0-3,3.0,0.2739,0.0,-5.7,299.3,340.0,-1.67
2026-09-29,Tennessee Titans,0-3,3.0,0.2965,0.0,-7.3,258.3,340.0,-0.33
2026-09-29,Washington Commanders,1-2,3.0,0.4341,0.333,-5.7,316.7,340.0,0.67
2026-09-30,Arizona Cardinals,1-2,3.0,0.4417,0.333,-6.0,310.3,340.0,1.0
2026-09-30,Atlanta Falcons,1-2,3.0,0.3465,0.333,-5.7,354.3,340.0,-2.0
2026-09-30,Baltimore Ravens,2-1,3.0,0.6121,0.667,4.7,415.7,340.0,0.33
2026-09-30,Buffalo Bills,3-0,3.0,0.6679,1.0,7.7,417.0,340.0,-0.67
2026-09-30,Carolina Panthers,1-2,3.0,0.5449,0.333,2.0,410.0,340.0,1.0
2026-09-30,Chicago Bears,2-1,3.0,0.7027,0.667,12.0,420.3,340.0,1.0
2026-09-30,Cincinnati Bengals,2-1,3.0,0.6081,0.667,5.7,339.0,340.0,0.67
2026-09-30,Cleveland Browns,2-1,3.0,0.4522,0.667,-5.7,283.3,340.0,-0.33
2026-09-30,Dallas Cowboys,1-2,3.0,0.4833,0.333,2.0,337.7,340.0,0.0
2026-09-30,Denver Broncos,2-1,3.0,0.4854,0.667,-3.3,282.7,340.0,0.0
2026-09-30,Detroit Lions,2-1,3.0,0.5808,0.667,-0.7,388.0,340.0,1.0
2026-09-30,Green Bay Packers,1-2,3.0,0.3358,0.333,-11.7,330.0,340.0,-0.67
2026-09-30,Houston Texans,0-3,3.0,0.3542,0.0,-7.0,349.3,340.0,0.33
2026-09-30,Indianapolis Colts,1-2,3.0,0.3379,0.333,-6.3,307.0,340.0,-1.67
2026-09-30,Jacksonville Jaguars,2-1,3.0,0.712,0.667,15.3,324.7,340.0,1.33
2026-09-30,Kansas City Chiefs,3-0,3.0,0.7766,1.0,12.7,424.0,340.0,1.0
2026-09-30,Las Vegas Raiders,3-0,3.0,0.7549,1.0,11.3,320.3,340.0,1.67
2026-09-30,Los Angeles Chargers,0-3,3.0,0.3004,0.0,-10.7,322.0,340.0,0.0
2026-09-30,Los Angeles Rams,1-2,3.0,0.4525,0.333,-0.7,428.7,340.0,-1.0
2026-09-30,Miami Dolphins,0-3,3.0,0.2306,0.0,-16.7,307.3,340.0,-0.33
2026-09-30,Minnesota Vikings,3-0,3.0,0.7091,1.0,10.0,255.3,340.0,1.33
2026-09-30,New England Patriots,1-2,3.0,0.3535,0.333,-5.0,319.7,340.0,-1.67
2026-09-30,New Orleans Saints,1-2,3.0,0.4329,0.333,-0.7,407.0,340.0,-1.33
2026-09-30,New York Giants,2-1,3.0,0.524,0.667,-3.0,278.0,340.0,1.0
2026-09-30,New York Jets,1-2,3.0,0.4922,0.333,1.0,353.3,340.0,0.33
2026-09-30,Philadelphia Eagles,2-1,3.0,0.4221,0.667,-4.7,317.3,340.0,-1.67
2026-09-30,Pittsburgh Steelers,2-1,3.0,0.5347,0.667,-2.3,329.0,340.0,0.67
2026-09-30,San Francisco 49ers,3-0,3.0,0.7598,1.0,16.0,399.3,340.0,0.0
2026-09-30,Seattle Seahawks,2-1,3.0,0.6184,0.667,8.3,377.0,340.0,0.0
2026-09-30,Tampa Bay Buccaneers,0-3,3.0,0.2739,0.0,-5.7,299.3,340.0,-1.67
2026-09-30,Tennessee Titans,0-3,3.0,0.2965,0.0,-7.3,258.3,340.0,-0.33
2026-09-30,Washington Commanders,1-2,3.0,0.4341,0.333,-5.7,316.7,340.0,0.67
2026-10-01,Arizona Cardinals,1-2,3.0,0.4417,0.333,-6.0,310.3,340.0,1.0
2026-10-01,Atlanta Falcons,1-2,3.0,0.3465,0.333,-5.7,354.3,340.0,-2.0
2026-10-01,Baltimore Ravens,2-1,3.0,0.6121,0.667,4.7,415.7,340.0,0.33
2026-10-01,Buffalo Bills,3-0,3.0,0.6679,1.0,7.7,417.0,340.0,-0.67
2026-10-01,Carolina Panthers,1-2,3.0,0.5449,0.333,2.0,410.0,340.0,1.0
2026-10-01,Chicago Bears,2-1,3.0,0.7027,0.667,12.0,420.3,340.0,1.0
2026-10-01,Cincinnati Bengals,2-1,3.0,0.6081,0.667,5.7,339.0,340.0,0.67
2026-10-01,Cleveland Browns,2-1,3.0,0.4522,0.667,-5.7,283.3,340.0,-0.33
2026-10-01,Dallas Cowboys,1-2,3.0,0.4833,0.333,2.0,337.7,340.0,0.0
2026-10-01,Denver Broncos,2-1,3.0,0.4854,0.667,-3.3,282.7,340.0,0.0
2026-10-01,Detroit Lions,2-1,3.0,0.5808,0.667,-0.7,388.0,340.0,1.0
2026-10-01,Green Bay Packers,1-2,3.0,0.3358,0.333,-11.7,330.0,340.0,-0.67
2026-10-01,Houston Texans,0-3,3.0,0.3542,0.0,-7.0,349.3,340.0,0.33
2026-10-01,Indianapolis Colts,1-2,3.0,0.3379,0.333,-6.3,307.0,340.0,-1.67
2026-10-01,Jacksonville Jaguars,2-1,3.0,0.712,0.667,15.3,324.7,340.0,1.33
2026-10-01,Kansas City Chiefs,3-0,3.0,0.7766,1.0,12.7,424.0,340.0,1.0
2026-10-01,Las Vegas Raiders,3-0,3.0,0.7549,1.0,11.3,320.3,340.0,1.67
2026-10-01,Los Angeles Chargers,0-3,3.0,0.3004,0.0,-10.7,322.0,340.0,0.0
2026-10-01,Los Angeles Rams,1-2,3.0,0.4525,0.333,-0.7,428.7,340.0,-1.0
2026-10-01,Miami Dolphins,0-3,3.0,0.2306,0.0,-16.7,307.3,340.0,-0.33
2026-10-01,Minnesota Vikings,3-0,3.0,0.7091,1.0,10.0,255.3,340.0,1.33
2026-10-01,New England Patriots,1-2,3.0,0.3535,0.333,-5.0,319.7,340.0,-1.67
2026-10-01,New Orleans Saints,1-2,3.0,0.4329,0.333,-0.7,407.0,340.0,-1.33
2026-10-01,New York Giants,2-1,3.0,0.524,0.667,-3.0,278.0,340.0,1.0
2026-10-01,New York Jets,1-2,3.0,0.4922,0.333,1.0,353.3,340.0,0.33
2026-10-01,Philadelphia Eagles,2-1,3.0,0.4221,0.667,-4.7,317.3,340.0,-1.67
2026-10-01,Pittsburgh Steelers,2-1,3.0,0.5347,0.667,-2.3,329.0,340.0,0.67
2026-10-01,San Francisco 49ers,3-0,3.0,0.7598,1.0,16.0,399.3,340.0,0.0
2026-10-01,Seattle Seahawks,2-1,3.0,0.6184,0.667,8.3,377.0,340.0,0.0
2026-10-01,Tampa Bay Buccaneers,0-3,3.0,0.2739,0.0,-5.7,299.3,340.0,-1.67
2026-10-01,Tennessee Titans,0-3,3.0,0.2965,0.0,-7.3,258.3,340.0,-0.33
2026-10-01,Washington Commanders,1-2,3.0,0.4341,0.333,-5.7,316.7,340.0,0.67
2026-10-02,Arizona Cardinals,1-2,3.0,0.4417,0.333,-6.0,310.3,340.0,1.0
2026-10-02,Atlanta Falcons,1-2,3.0,0.3465,0.333,-5.7,354.3,340.0,-2.0
2026-10-02,Baltimore Ravens,2-1,3.0,0.6121,0.667,4.7,415.7,340.0,0.33
2026-10-02,Buffalo Bills,3-0,3.0,0.6679,1.0,7.7,417.0,340.0,-0.67
2026-10-02,Carolina Panthers,1-2,3.0,0.5449,0.333,2.0,410.0,340.0,1.0
2026-10-02,Chicago Bears,2-1,3.0,0.7027,0.667,12.0,420.3,340.0,1.0
2026-10-02,Cincinnati Bengals,2-1,3.0,0.6081,0.667,5.7,339.0,340.0,0.67
2026-10-02,Cleveland Browns,3-1,4.0,0.4992,0.75,-3.5,307.5,340.0,-0.25
2026-10-02,Dallas Cowboys,1-2,3.0,0.4833,0.333,2.0,337.7,340.0,0.0
2026-10-02,Denver Broncos,2-1,3.0,0.4854,0.667,-3.3,282.7,340.0,0.0
2026-10-02,Detroit Lions,2-1,3.0,0.5808,0.667,-0.7,388.0,340.0,1.0
2026-10-02,Green Bay Packers,1-2,3.0,0.3358,0.333,-11.7,330.0,340.0,-0.67
2026-10-02,Houston Texans,0-3,3.0,0.3542,0.0,-7.0,349.3,340.0,0.33
2026-10-02,Indianapolis Colts,1-2,3.0,0.3379,0.333,-6.3,307.0,340.0,-1.67
2026-10-02,Jacksonville Jaguars,2-1,3.0,0.712,0.667,15.3,324.7,340.0,1.33
2026-10-02,Kansas City Chiefs,3-0,3.0,0.7766,1.0,12.7,424.0,340.0,1.0
2026-10-02,Las Vegas Raiders,3-0,3.0,0.7549,1.0,11.3,320.3,340.0,1.67
2026-10-02,Los Angeles Chargers,0-3,3.0,0.3004,0.0,-10.7,322.0,340.0,0.0
2026-10-02,Los Angeles Rams,1-2,3.0,0.4525,0.333,-0.7,428.7,340.0,-1.0
2026-10-02,Miami Dolphins,0-3,3.0,0.2306,0.0,-16.7,307.3,340.0,-0.33
2026-10-02,Minnesota Vikings,3-0,3.0,0.7091,1.0,10.0,255.3,340.0,1.33
2026-10-02,New England Patriots,1-2,3.0,0.3535,0.333,-5.0,319.7,340.0,-1.67
2026-10-02,New Orleans Saints,1-2,3.0,0.4329,0.333,-0.7,407.0,340.0,-1.33
2026-10-02,New York Giants,2-1,3.0,0.524,0.667,-3.0,278.0,340.0,1.0
2026-10-02,New York Jets,1-2,3.0,0.4922,0.333,1.0,353.3,340.0,0.33
2026-10-02,Philadelphia Eagles,2-1,3.0,0.4221,0.667,-4.7,317.3,340.0,-1.67
2026-10-02,Pittsburgh Steelers,2-2,4.0,0.4984,0.5,-2.5,344.5,340.0,0.5
2026-10-02,San Francisco 49ers,3-0,3.0,0.7598,1.0,16.0,399.3,340.0,0.0
2026-10-02,Seattle Seahawks,2-1,3.0,0.6184,0.667,8.3,377.0,340.0,0.0
2026-10-02,Tampa Bay Buccaneers,0-3,3.0,0.2739,0.0,-5.7,299.3,340.0,-1.67
2026-10-02,Tennessee Titans,0-3,3.0,0.2965,0.0,-7.3,258.3,340.0,-0.33
2026-10-02,Washington Commanders,1-2,3.0,0.4341,0.333,-5.7,316.7,340.0,0.67
2026-10-03,Arizona Cardinals,1-2,3.0,0.4417,0.333,-6.0,310.3,340.0,1.0
2026-10-03,Atlanta Falcons,1-2,3.0,0.3465,0.333,-5.7,354.3,340.0,-2.0
2026-10-03,Baltimore Ravens,2-1,3.0,0.6121,0.667,4.7,415.7,340.0,0.33
2026-10-03,Buffalo Bills,3-0,3.0,0.6679,1.0,7.7,417.0,340.0,-0.67
2026-10-03,Carolina Panthers,1-2,3.0,0.5449,0.333,2.0,410.0,340.0,1.0
2026-10-03,Chicago Bears,2-1,3.0,0.7027,0.667,12.0,420.3,340.0,1.0
2026-10-03,Cincinnati Bengals,2-1,3.0,0.6081,0.667,5.7,339.0,340.0,0.67
2026-10-03,Cleveland Browns,3-1,4.0,0.4992,0.75,-3.5,307.5,340.0,-0.25
2026-10-03,Dallas Cowboys,1-2,3.0,0.4833,0.333,2.0,337.7,340.0,0.0
2026-10-03,Denver Broncos,2-1,3.0,0.4854,0.667,-3.3,282.7,340.0,0.0
2026-10-03,Detroit Lions,2-1,3.0,0.5808,0.667,-0.7,388.0,340.0,1.0
2026-10-03,Green Bay Packers,1-2,3.0,0.3358,0.333,-11.7,330.0,340.0,-0.67
2026-10-03,Houston Texans,0-3,3.0,0.3542,0.0,-7.0,349.3,340.0,0.33
2026-10-03,Indianapolis Colts,1-2,3.0,0.3379,0.333,-6.3,307.0,340.0,-1.67
2026-10-03,Jacksonville Jaguars,2-1,3.0,0.712,0.667,15.3,324.7,340.0,1.33
2026-10-03,Kansas City Chiefs,3-0,3.0,0.7766,1.0,12.7,424.0,340.0,1.0
2026-10-03,Las Vegas Raiders,3-0,3.0,0.7549,1.0,11.3,320.3,340.0,1.67
2026-10-03,Los Angeles Chargers,0-3,3.0,0.3004,0.0,-10.7,322.0,340.0,0.0
2026-10-03,Los Angeles Rams,1-2,3.0,0.4525,0.333,-0.7,428.7,340.0,-1.0
2026-10-03,Miami Dolphins,0-3,3.0,0.2306,0.0,-16.7,307.3,340.0,-0.33
2026-10-03,Minnesota Vikings,3-0,3.0,0.7091,1.0,10.0,255.3,340.0,1.33
2026-10-03,New England Patriots,1-2,3.0,0.3535,0.333,-5.0,319.7,340.0,-1.67
2026-10-03,New Orleans Saints,1-2,3.0,0.4329,0.333,-0.7,407.0,340.0,-1.33
2026-10-03,New York Giants,2-1,3.0,0.524,0.667,-3.0,278.0,340.0,1.0
2026-10-03,New York Jets,1-2,3.0,0.4922,0.333,1.0,353.3,340.0,0.33
2026-10-03,Philadelphia Eagles,2-1,3.0,0.4221,0.667,-4.7,317.3,340.0,-1.67
2026-10-03,Pittsburgh Steelers,2-2,4.0,0.4984,0.5,-2.5,344.5,340.0,0.5
2026-10-03,San Francisco 49ers,3-0,3.0,0.7598,1.0,16.0,399.3,340.0,0.0
2026-10-03,Seattle Seahawks,2-1,3.0,0.6184,0.667,8.3,377.0,340.0,0.0
2026-10-03,Tampa Bay Buccaneers,0-3,3.0,0.2739,0.0,-5.7,299.3,340.0,-1.67
2026-10-03,Tennessee Titans,0-3,3.0,0.2965,0.0,-7.3,258.3,340.0,-0.33
2026-10-03,Washington Commanders,1-2,3.0,0.4341,0.333,-5.7,316.7,340.0,0.67
2026-10-04,Arizona Cardinals,1-3,4.0,0.4026,0.25,-7.5,310.3,340.0,0.75
2026-10-04,Atlanta Falcons,1-2,3.0,0.3465,0.333,-5.7,354.3,340.0,-2.0
2026-10-04,Baltimore Ravens,3-1,4.0,0.6284,0.75,5.0,415.7,340.0,0.25
2026-10-04,Buffalo Bills,3-1,4.0,0.6007,0.75,5.0,417.0,340.0,-0.5
2026-10-04,Carolina Panthers,1-2,3.0,0.5449,0.333,2.0,410.0,340.0,1.0
2026-10-04,Chicago Bears,3-1,4.0,0.7081,0.75,11.8,420.3,340.0,0.75
2026-10-04,Cincinnati Bengals,2-2,4.0,0.5447,0.5,3.0,339.0,340.0,0.5
2026-10-04,Cleveland Browns,3-1,4.0,0.4992,0.75,-3.5,307.5,340.0,-0.25
2026-10-04,Dallas Cowboys,2-2,4.0,0.5211,0.5,2.5,337.7,340.0,0.0
2026-10-04,Denver Broncos,2-1,3.0,0.4854,0.667,-3.3,282.7,340.0,0.0
2026-10-04,Detroit Lions,2-1,3.0,0.5808,0.667,-0.7,388.0,340.0,1.0
2026-10-04,Green Bay Packers,2-2,4.0,0.4079,0.5,-8.0,330.0,340.0,-0.5
2026-10-04,Houston Texans,0-4,4.0,0.3582,0.0,-6.2,349.3,340.0,0.25
2026-10-04,Indianapolis Colts,2-2,4.0,0.4378,0.5,-0.5,307.0,340.0,-1.25
2026-10-04,Jacksonville Jaguars,3-1,4.0,0.6944,0.75,12.8,324.7,340.0,1.0
2026-10-04,Kansas City Chiefs,3-0,3.0,0.7766,1.0,12.7,424.0,340.0,1.0
2026-10-04,Las Vegas Raiders,3-0,3.0,0.7549,1.0,11.3,320.3,340.0,1.67
2026-10-04,Los Angeles Chargers,0-3,3.0,0.3004,0.0,-10.7,322.0,340.0,0.0
2026-10-04,Los Angeles Rams,2-2,4.0,0.5058,0.5,0.5,428.7,340.0,-0.75
2026-10-04,Miami Dolphins,0-4,4.0,0.259,0.0,-13.8,307.3,340.0,-0.25
2026-10-04,Minnesota Vikings,4-0,4.0,0.6863,1.0,8.8,255.3,340.0,1.0
2026-10-04,New England Patriots,2-2,4.0,0.4201,0.5,-3.0,319.7,340.0,-1.25
2026-10-04,New Orleans Saints,1-2,3.0,0.4329,0.333,-0.7,407.0,340.0,-1.33
2026-10-04,New York Giants,3-1,4.0,0.5645,0.75,0.8,278.0,340.0,0.75
2026-10-04,New York Jets,1-3,4.0,0.4463,0.25,-2.0,353.3,340.0,0.25
2026-10-04,Philadelphia Eagles,2-2,4.0,0.4062,0.5,-4.5,317.3,340.0,-1.25
2026-10-04,Pittsburgh Steelers,2-2,4.0,0.4984,0.5,-2.5,344.5,340.0,0.5
2026-10-04,San Francisco 49ers,3-0,3.0,0.7598,1.0,16.0,399.3,340.0,0.0
2026-10-04,Seattle Seahawks,2-1,3.0,0.6184,0.667,8.3,377.0,340.0,0.0
2026-10-04,Tampa Bay Buccaneers,0-4,4.0,0.2958,0.0,-5.0,299.3,340.0,-1.25
2026-10-04,Tennessee Titans,0-4,4.0,0.3021,0.0,-7.0,258.3,340.0,-0.25
2026-10-04,Washington Commanders,1-3,4.0,0.3866,0.25,-8.5,316.7,340.0,0.5
2026-10-05,Arizona Cardinals,1-3,4.0,0.4008,0.25,-7.5,305.0,340.0,0.75
2026-10-05,Atlanta Falcons,1-2,3.0,0.3465,0.333,-5.7,354.3,340.0,-2.0
2026-10-05,Baltimore Ravens,3-1,4.0,0.6455,0.75,5.0,411.0,340.0,0.75
2026-10-05,Buffalo Bills,3-1,4.0,0.5946,0.75,5.0,398.8,340.0,-0.5
2026-10-05,Carolina Panthers,2-2,4.0,0.5815,0.5,3.0,421.5,340.0,0.75
2026-10-05,Chicago Bears,3-1,4.0,0.696,0.75,11.8,440.2,340.0,0.25
2026-10-05,Cincinnati Bengals,2-2,4.0,0.5353,0.5,3.0,367.0,340.0,0.0
2026-10-05,Cleveland Browns,3-1,4.0,0.4992,0.75,-3.5,307.5,340.0,-0.25
2026-10-05,Dallas Cowboys,2-2,4.0,0.5271,0.5,2.5,355.8,340.0,0.0
2026-10-05,Denver Broncos,2-2,4.0,0.4289,0.5,-5.0,286.0,340.0,-0.25
2026-10-05,Detroit Lions,2-2,4.0,0.5325,0.5,-2.0,405.5,340.0,0.75
2026-10-05,Green Bay Packers,2-2,4.0,0.404,0.5,-8.0,318.2,340.0,-0.5
2026-10-05,Houston Texans,0-4,4.0,0.3632,0.0,-6.2,364.2,340.0,0.25
2026-10-05,Indianapolis Colts,2-2,4.0,0.4254,0.5,-0.5,298.0,340.0,-1.5
2026-10-05,Jacksonville Jaguars,3-1,4.0,0.7142,0.75,12.8,328.0,340.0,1.5
2026-10-05,Kansas City Chiefs,4-0,4.0,0.7633,1.0,10.2,421.5,340.0,1.25
2026-10-05,Las Vegas Raiders,3-1,4.0,0.6495,0.75,7.8,349.5,340.0,0.75
2026-10-05,Los Angeles Chargers,0-4,4.0,0.2813,0.0,-9.8,325.5,340.0,-0.75
2026-10-05,Los Angeles Rams,2-2,4.0,0.4866,0.5,0.5,427.2,340.0,-1.25
2026-10-05,Miami Dolphins,0-4,4.0,0.2412,0.0,-13.8,282.0,340.0,-0.5
2026-10-05,Minnesota Vikings,4-0,4.0,0.7052,1.0,8.8,284.0,340.0,1.25
2026-10-05,New England Patriots,2-2,4.0,0.4278,0.5,-3.0,342.8,340.0,-1.25
2026-10-05,New Orleans Saints,1-2,3.0,0.4329,0.333,-0.7,407.0,340.0,-1.33
2026-10-05,New York Giants,3-1,4.0,0.5694,0.75,0.8,292.8,340.0,0.75
2026-10-05,New York Jets,1-3,4.0,0.4505,0.25,-2.0,309.5,340.0,0.75
2026-10-05,Philadelphia Eagles,2-2,4.0,0.4149,0.5,-4.5,287.2,340.0,-0.75
2026-10-05,Pittsburgh Steelers,2-2,4.0,0.4984,0.5,-2.5,344.5,340.0,0.5
2026-10-05,San Francisco 49ers,4-0,4.0,0.7526,1.0,14.5,389.0,340.0,0.25
2026-10-05,Seattle Seahawks,3-1,4.0,0.6545,0.75,8.0,359.2,340.0,0.75
2026-10-05,Tampa Bay Buccaneers,0-4,4.0,0.295,0.0,-5.0,296.8,340.0,-1.25
2026-10-05,Tennessee Titans,0-4,4.0,0.2875,0.0,-7.0,270.5,340.0,-0.75
2026-10-05,Washington Commanders,1-3,4.0,0.3972,0.25,-8.5,320.5,340.0,0.75
2026-10-06,Arizona Cardinals,1-3,4.0,0.4008,0.25,-7.5,305.0,340.0,0.75
2026-10-06,Atlanta Falcons,2-2,4.0,0.4728,0.5,1.0,372.8,340.0,-1.25
2026-10-06,Baltimore Ravens,3-1,4.0,0.6455,0.75,5.0,411.0,340.0,0.75
2026-10-06,Buffalo Bills,3-1,4.0,0.5946,0.75,5.0,398.8,340.0,-0.5
2026-10-06,Carolina Panthers,2-2,4.0,0.5815,0.5,3.0,421.5,340.0,0.75
2026-10-06,Chicago Bears,3-1,4.0,0.696,0.75,11.8,440.2,340.0,0.25
2026-10-06,Cincinnati Bengals,2-2,4.0,0.5353,0.5,3.0,367.0,340.0,0.0
2026-10-06,Cleveland Browns,3-1,4.0,0.4992,0.75,-3.5,307.5,340.0,-0.25
2026-10-06,Dallas Cowboys,2-2,4.0,0.5271,0.5,2.5,355.8,340.0,0.0
2026-10-06,Denver Broncos,2-2,4.0,0.4289,0.5,-5.0,286.0,340.0,-0.25
2026-10-06,Detroit Lions,2-2,4.0,0.5325,0.5,-2.0,405.5,340.0,0.75
2026-10-06,Green Bay Packers,2-2,4.0,0.404,0.5,-8.0,318.2,340.0,-0.5
2026-10-06,Houston Texans,0-4,4.0,0.3632,0.0,-6.2,364.2,340.0,0.25
2026-10-06,Indianapolis Colts,2-2,4.0,0.4254,0.5,-0.5,298.0,340.0,-1.5
2026-10-06,Jacksonville Jaguars,3-1,4.0,0.7142,0.75,12.8,328.0,340.0,1.5
2026-10-06,Kansas City Chiefs,4-0,4.0,0.7633,1.0,10.2,421.5,340.0,1.25
2026-10-06,Las Vegas Raiders,3-1,4.0,0.6495,0.75,7.8,349.5,340.0,0.75
2026-10-06,Los Angeles Chargers,0-4,4.0,0.2813,0.0,-9.8,325.5,340.0,-0.75
2026-10-06,Los Angeles Rams,2-2,4.0,0.4866,0.5,0.5,427.2,340.0,-1.25
2026-10-06,Miami Dolphins,0-4,4.0,0.2412,0.0,-13.8,282.0,340.0,-0.5
2026-10-06,Minnesota Vikings,4-0,4.0,0.7052,1.0,8.8,284.0,340.0,1.25
2026-10-06,New England Patriots,2-2,4.0,0.4278,0.5,-3.0,342.8,340.0,-1.25
2026-10-06,New Orleans Saints,1-3,4.0,0.3688,0.25,-5.8,389.2,340.0,-1.25
2026-10-06,New York Giants,3-1,4.0,0.5694,0.75,0.8,292.8,340.0,0.75
2026-10-06,New York Jets,1-3,4.0,0.4505,0.25,-2.0,309.5,340.0,0.75
2026-10-06,Philadelphia Eagles,2-2,4.0,0.4149,0.5,-4.5,287.2,340.0,-0.75
2026-10-06,Pittsburgh Steelers,2-2,4.0,0.4984,0.5,-2.5,344.5,340.0,0.5
2026-10-06,San Francisco 49ers,4-0,4.0,0.7526,1.0,14.5,389.0,340.0,0.25
2026-10-06,Seattle Seahawks,3-1,4.0,0.6545,0.75,8.0,359.2,340.0,0.75
2026-10-06,Tampa Bay Buccaneers,0-4,4.0,0.295,0.0,-5.0,296.8,340.0,-1.25
2026-10-06,Tennessee Titans,0-4,4.0,0.2875,0.0,-7.0,270.5,340.0,-0.75
2026-10-06,Washington Commanders,1-3,4.0,0.3972,0.25,-8.5,320.5,340.0,0.75
2026-10-07,Arizona Cardinals,1-3,4.0,0.4008,0.25,-7.5,305.0,340.0,0.75
2026-10-07,Atlanta Falcons,2-2,4.0,0.4728,0.5,1.0,372.8,340.0,-1.25
2026-10-07,Baltimore Ravens,3-1,4.0,0.6455,0.75,5.0,411.0,340.0,0.75
2026-10-07,Buffalo Bills,3-1,4.0,0.5946,0.75,5.0,398.8,340.0,-0.5
2026-10-07,Carolina Panthers,2-2,4.0,0.5815,0.5,3.0,421.5,340.0,0.75
2026-10-07,Chicago Bears,3-1,4.0,0.696,0.75,11.8,440.2,340.0,0.25
2026-10-07,Cincinnati Bengals,2-2,4.0,0.5353,0.5,3.0,367.0,340.0,0.0
2026-10-07,Cleveland Browns,3-1,4.0,0.4992,0.75,-3.5,307.5,340.0,-0.25
2026-10-07,Dallas Cowboys,2-2,4.0,0.5271,0.5,2.5,355.8,340.0,0.0
2026-10-07,Denver Broncos,2-2,4.0,0.4289,0.5,-5.0,286.0,340.0,-0.25
2026-10-07,Detroit Lions,2-2,4.0,0.5325,0.5,-2.0,405.5,340.0,0.75
2026-10-07,Green Bay Packers,2-2,4.0,0.404,0.5,-8.0,318.2,340.0,-0.5
2026-10-07,Houston Texans,0-4,4.0,0.3632,0.0,-6.2,364.2,340.0,0.25
2026-10-07,Indianapolis Colts,2-2,4.0,0.4254,0.5,-0.5,298.0,340.0,-1.5
2026-10-07,Jacksonville Jaguars,3-1,4.0,0.7142,0.75,12.8,328.0,340.0,1.5
2026-10-07,Kansas City Chiefs,4-0,4.0,0.7633,1.0,10.2,421.5,340.0,1.25
2026-10-07,Las Vegas Raiders,3-1,4.0,0.6495,0.75,7.8,349.5,340.0,0.75
2026-10-07,Los Angeles Chargers,0-4,4.0,0.2813,0.0,-9.8,325.5,340.0,-0.75
2026-10-07,Los Angeles Rams,2-2,4.0,0.4866,0.5,0.5,427.2,340.0,-1.25
2026-10-07,Miami Dolphins,0-4,4.0,0.2412,0.0,-13.8,282.0,340.0,-0.5
2026-10-07,Minnesota Vikings,4-0,4.0,0.7052,1.0,8.8,284.0,340.0,1.25
2026-10-07,New England Patriots,2-2,4.0,0.4278,0.5,-3.0,342.8,340.0,-1.25
2026-10-07,New Orleans Saints,1-3,4.0,0.3688,0.25,-5.8,389.2,340.0,-1.25
2026-10-07,New York Giants,3-1,4.0,0.5694,0.75,0.8,292.8,340.0,0.75
2026-10-07,New York Jets,1-3,4.0,0.4505,0.25,-2.0,309.5,340.0,0.75
2026-10-07,Philadelphia Eagles,2-2,4.0,0.4149,0.5,-4.5,287.2,340.0,-0.75
2026-10-07,Pittsburgh Steelers,2-2,4.0,0.4984,0.5,-2.5,344.5,340.0,0.5
2026-10-07,San Francisco 49ers,4-0,4.0,0.7526,1.0,14.5,389.0,340.0,0.25
2026-10-07,Seattle Seahawks,3-1,4.0,0.6545,0.75,8.0,359.2,340.0,0.75
2026-10-07,Tampa Bay Buccaneers,0-4,4.0,0.295,0.0,-5.0,296.8,340.0,-1.25
2026-10-07,Tennessee Titans,0-4,4.0,0.2875,0.0,-7.0,270.5,340.0,-0.75
2026-10-07,Washington Commanders,1-3,4.0,0.3972,0.25,-8.5,320.5,340.0,0.75
2026-10-08,Arizona Cardinals,1-3,4.0,0.4008,0.25,-7.5,305.0,340.0,0.75
2026-10-08,Atlanta Falcons,2-2,4.0,0.4728,0.5,1.0,372.8,340.0,-1.25
2026-10-08,Baltimore Ravens,3-1,4.0,0.6455,0.75,5.0,411.0,340.0,0.75
2026-10-08,Buffalo Bills,3-1,4.0,0.5946,0.75,5.0,398.8,340.0,-0.5
2026-10-08,Carolina Panthers,2-2,4.0,0.5815,0.5,3.0,421.5,340.0,0.75
2026-10-08,Chicago Bears,3-1,4.0,0.696,0.75,11.8,440.2,340.0,0.25
2026-10-08,Cincinnati Bengals,2-2,4.0,0.5353,0.5,3.0,367.0,340.0,0.0
2026-10-08,Cleveland Browns,3-1,4.0,0.4992,0.75,-3.5,307.5,340.0,-0.25
2026-10-08,Dallas Cowboys,2-2,4.0,0.5271,0.5,2.5,355.8,340.0,0.0
2026-10-08,Denver Broncos,2-2,4.0,0.4289,0.5,-5.0,286.0,340.0,-0.25
2026-10-08,Detroit Lions,2-2,4.0,0.5325,0.5,-2.0,405.5,340.0,0.75
2026-10-08,Green Bay Packers,2-2,4.0,0.404,0.5,-8.0,318.2,340.0,-0.5
2026-10-08,Houston Texans,0-4,4.0,0.3632,0.0,-6.2,364.2,340.0,0.25
2026-10-08,Indianapolis Colts,2-2,4.0,0.4254,0.5,-0.5,298.0,340.0,-1.5
2026-10-08,Jacksonville Jaguars,3-1,4.0,0.7142,0.75,12.8,328.0,340.0,1.5
2026-10-08,Kansas City Chiefs,4-0,4.0,0.7633,1.0,10.2,421.5,340.0,1.25
2026-10-08,Las Vegas Raiders,3-1,4.0,0.6495,0.75,7.8,349.5,340.0,0.75
2026-10-08,Los Angeles Chargers,0-4,4.0,0.2813,0.0,-9.8,325.5,340.0,-0.75
2026-10-08,Los Angeles Rams,2-2,4.0,0.4866,0.5,0.5,427.2,340.0,-1.25
2026-10-08,Miami Dolphins,0-4,4.0,0.2412,0.0,-13.8,282.0,340.0,-0.5
2026-10-08,Minnesota Vikings,4-0,4.0,0.7052,1.0,8.8,284.0,340.0,1.25
2026-10-08,New England Patriots,2-2,4.0,0.4278,0.5,-3.0,342.8,340.0,-1.25
2026-10-08,New Orleans Saints,1-3,4.0,0.3688,0.25,-5.8,389.2,340.0,-1.25
2026-10-08,New York Giants,3-1,4.0,0.5694,0.75,0.8,292.8,340.0,0.75
2026-10-08,New York Jets,1-3,4.0,0.4505,0.25,-2.0,309.5,340.0,0.75
2026-10-08,Philadelphia Eagles,2-2,4.0,0.4149,0.5,-4.5,287.2,340.0,-0.75
2026-10-08,Pittsburgh Steelers,2-2,4.0,0.4984,0.5,-2.5,344.5,340.0,0.5
2026-10-08,San Francisco 49ers,4-0,4.0,0.7526,1.0,14.5,389.0,340.0,0.25
2026-10-08,Seattle Seahawks,3-1,4.0,0.6545,0.75,8.0,359.2,340.0,0.75
2026-10-08,Tampa Bay Buccaneers,0-4,4.0,0.295,0.0,-5.0,296.8,340.0,-1.25
2026-10-08,Tennessee Titans,0-4,4.0,0.2875,0.0,-7.0,270.5,340.0,-0.75
2026-10-08,Washington Commanders,1-3,4.0,0.3972,0.25,-8.5,320.5,340.0,0.75
2026-10-09,Arizona Cardinals,1-3,4.0,0.4008,0.25,-7.5,305.0,340.0,0.75
2026-10-09,Atlanta Falcons,2-2,4.0,0.4728,0.5,1.0,372.8,340.0,-1.25
2026-10-09,Baltimore Ravens,3-1,4.0,0.6455,0.75,5.0,411.0,340.0,0.75
2026-10-09,Buffalo Bills,3-1,4.0,0.5946,0.75,5.0,398.8,340.0,-0.5
2026-10-09,Carolina Panthers,2-2,4.0,0.5815,0.5,3.0,421.5,340.0,0.75
2026-10-09,Chicago Bears,3-1,4.0,0.696,0.75,11.8,440.2,340.0,0.25
2026-10-09,Cincinnati Bengals,2-2,4.0,0.5353,0.5,3.0,367.0,340.0,0.0
2026-10-09,Cleveland Browns,3-1,4.0,0.4992,0.75,-3.5,307.5,340.0,-0.25
2026-10-09,Dallas Cowboys,2-3,5.0,0.4669,0.4,0.4,357.8,340.0,-0.6
2026-10-09,Denver Broncos,2-2,4.0,0.4289,0.5,-5.0,286.0,340.0,-0.25
2026-10-09,Detroit Lions,2-2,4.0,0.5325,0.5,-2.0,405.5,340.0,0.75
2026-10-09,Green Bay Packers,2-2,4.0,0.404,0.5,-8.0,318.2,340.0,-0.5
2026-10-09,Houston Texans,0-4,4.0,0.3632,0.0,-6.2,364.2,340.0,0.25
2026-10-09,Indianapolis Colts,2-2,4.0,0.4254,0.5,-0.5,298.0,340.0,-1.5
2026-10-09,Jacksonville Jaguars,3-1,4.0,0.7142,0.75,12.8,328.0,340.0,1.5
2026-10-09,Kansas City Chiefs,4-0,4.0,0.7633,1.0,10.2,421.5,340.0,1.25
2026-10-09,Las Vegas Raiders,3-1,4.0,0.6495,0.75,7.8,349.5,340.0,0.75
2026-10-09,Los Angeles Chargers,0-4,4.0,0.2813,0.0,-9.8,325.5,340.0,-0.75
2026-10-09,Los Angeles Rams,2-2,4.0,0.4866,0.5,0.5,427.2,340.0,-1.25
2026-10-09,Miami Dolphins,0-4,4.0,0.2412,0.0,-13.8,282.0,340.0,-0.5
2026-10-09,Minnesota Vikings,4-0,4.0,0.7052,1.0,8.8,284.0,340.0,1.25
2026-10-09,New England Patriots,2-2,4.0,0.4278,0.5,-3.0,342.8,340.0,-1.25
2026-10-09,New Orleans Saints,1-3,4.0,0.3688,0.25,-5.8,389.2,340.0,-1.25
2026-10-09,New York Giants,3-1,4.0,0.5694,0.75,0.8,292.8,340.0,0.75
2026-10-09,New York Jets,1-3,4.0,0.4505,0.25,-2.0,309.5,340.0,0.75
2026-10-09,Philadelphia Eagles,2-2,4.0,0.4149,0.5,-4.5,287.2,340.0,-0.75
2026-10-09,Pittsburgh Steelers,2-2,4.0,0.4984,0.5,-2.5,344.5,340.0,0.5
2026-10-09,San Francisco 49ers,4-0,4.0,0.7526,1.0,14.5,389.0,340.0,0.25
2026-10-09,Seattle Seahawks,3-1,4.0,0.6545,0.75,8.0,359.2,340.0,0.75
2026-10-09,Tampa Bay Buccaneers,1-4,5.0,0.3985,0.2,-2.4,323.4,340.0,-0.4
2026-10-09,Tennessee Titans,0-4,4.0,0.2875,0.0,-7.0,270.5,340.0,-0.75
2026-10-09,Washington Commanders,1-3,4.0,0.3972,0.25,-8.5,320.5,340.0,0.75
