date,team,record,gp,strength,pts_pct,gf_pg,ga_pg,pp_pct,pk_pct,save_pct
2026-09-16,Anaheim Ducks,0-0,0.0,0.3833,0.0,3.0,3.0,20.0,80.0,0.91
2026-09-16,Boston Bruins,0-0,0.0,0.3833,0.0,3.0,3.0,20.0,80.0,0.91
2026-09-16,Buffalo Sabres,0-0,0.0,0.3833,0.0,3.0,3.0,20.0,80.0,0.91
2026-09-16,Calgary Flames,0-0,0.0,0.3833,0.0,3.0,3.0,20.0,80.0,0.91
2026-09-16,Carolina Hurricanes,0-0,0.0,0.3833,0.0,3.0,3.0,20.0,80.0,0.91
2026-09-16,Chicago Blackhawks,0-0,0.0,0.3833,0.0,3.0,3.0,20.0,80.0,0.91
2026-09-16,Colorado Avalanche,0-0,0.0,0.3833,0.0,3.0,3.0,20.0,80.0,0.91
2026-09-16,Columbus Blue Jackets,0-0,0.0,0.3833,0.0,3.0,3.0,20.0,80.0,0.91
2026-09-16,Dallas Stars,0-0,0.0,0.3833,0.0,3.0,3.0,20.0,80.0,0.91
2026-09-16,Detroit Red Wings,0-0,0.0,0.3833,0.0,3.0,3.0,20.0,80.0,0.91
2026-09-16,Edmonton Oilers,0-0,0.0,0.3833,0.0,3.0,3.0,20.0,80.0,0.91
2026-09-16,Florida Panthers,0-0,0.0,0.3833,0.0,3.0,3.0,20.0,80.0,0.91
2026-09-16,Los Angeles Kings,0-0,0.0,0.3833,0.0,3.0,3.0,20.0,80.0,0.91
2026-09-16,Minnesota Wild,0-0,0.0,0.3833,0.0,3.0,3.0,20.0,80.0,0.91
2026-09-16,Montreal Canadiens,0-0,0.0,0.3833,0.0,3.0,3.0,20.0,80.0,0.91
2026-09-16,Nashville Predators,0-0,0.0,0.3833,0.0,3.0,3.0,20.0,80.0,0.91
2026-09-16,New Jersey Devils,0-0,0.0,0.3833,0.0,3.0,3.0,20.0,80.0,0.91
2026-09-16,New York Islanders,0-0,0.0,0.3833,0.0,3.0,3.0,20.0,80.0,0.91
2026-09-16,New York Rangers,0-0,0.0,0.3833,0.0,3.0,3.0,20.0,80.0,0.91
2026-09-16,Ottawa Senators,0-0,0.0,0.3833,0.0,3.0,3.0,20.0,80.0,0.91
2026-09-16,Philadelphia Flyers,0-0,0.0,0.3833,0.0,3.0,3.0,20.0,80.0,0.91
2026-09-16,Pittsburgh Penguins,0-0,0.0,0.3833,0.0,3.0,3.0,20.0,80.0,0.91
2026-09-16,San Jose Sharks,0-0,0.0,0.3833,0.0,3.0,3.0,20.0,80.0,0.91
2026-09-16,Seattle Kraken,0-0,0.0,0.3833,0.0,3.0,3.0,20.0,80.0,0.91
2026-09-16,St. Louis Blues,0-0,0.0,0.3833,0.0,3.0,3.0,20.0,80.0,0.91
2026-09-16,Tampa Bay Lightning,0-0,0.0,0.3833,0.0,3.0,3.0,20.0,80.0,0.91
2026-09-16,Toronto Maple Leafs,0-0,0.0,0.3833,0.0,3.0,3.0,20.0,80.0,0.91
2026-09-16,Utah Mammoth,0-0,0.0,0.3833,0.0,3.0,3.0,20.0,80.0,0.91
2026-09-16,Vancouver Canucks,0-0,0.0,0.3833,0.0,3.0,3.0,20.0,80.0,0.91
2026-09-16,Vegas Golden Knights,0-0,0.0,0.3833,0.0,3.0,3.0,20.0,80.0,0.91
2026-09-16,Washington Capitals,0-0,0.0,0.3833,0.0,3.0,3.0,20.0,80.0,0.91
2026-09-16,Winnipeg Jets,0-0,0.0,0.3833,0.0,3.0,3.0,20.0,80.0,0.91
2026-09-17,Anaheim Ducks,0-0,0.0,0.3833,0.0,3.0,3.0,20.0,80.0,0.91
2026-09-17,Boston Bruins,0-0,0.0,0.3833,0.0,3.0,3.0,20.0,80.0,0.91
2026-09-17,Buffalo Sabres,0-0,0.0,0.3833,0.0,3.0,3.0,20.0,80.0,0.91
2026-09-17,Calgary Flames,0-0,0.0,0.3833,0.0,3.0,3.0,20.0,80.0,0.91
2026-09-17,Carolina Hurricanes,0-0,0.0,0.3833,0.0,3.0,3.0,20.0,80.0,0.91
2026-09-17,Chicago Blackhawks,0-0,0.0,0.3833,0.0,3.0,3.0,20.0,80.0,0.91
2026-09-17,Colorado Avalanche,0-0,0.0,0.3833,0.0,3.0,3.0,20.0,80.0,0.91
2026-09-17,Columbus Blue Jackets,0-0,0.0,0.3833,0.0,3.0,3.0,20.0,80.0,0.91
2026-09-17,Dallas Stars,0-0,0.0,0.3833,0.0,3.0,3.0,20.0,80.0,0.91
2026-09-17,Detroit Red Wings,0-0,0.0,0.3833,0.0,3.0,3.0,20.0,80.0,0.91
2026-09-17,Edmonton Oilers,0-0,0.0,0.3833,0.0,3.0,3.0,20.0,80.0,0.91
2026-09-17,Florida Panthers,0-0,0.0,0.3833,0.0,3.0,3.0,20.0,80.0,0.91
2026-09-17,Los Angeles Kings,0-0,0.0,0.3833,0.0,3.0,3.0,20.0,80.0,0.91
2026-09-17,Minnesota Wild,0-0,0.0,0.3833,0.0,3.0,3.0,20.0,80.0,0.91
2026-09-17,Montreal Canadiens,0-0,0.0,0.3833,0.0,3.0,3.0,20.0,80.0,0.91
2026-09-17,Nashville Predators,0-0,0.0,0.3833,0.0,3.0,3.0,20.0,80.0,0.91
2026-09-17,New Jersey Devils,0-0,0.0,0.3833,0.0,3.0,3.0,20.0,80.0,0.91
2026-09-17,New York Islanders,0-0,0.0,0.3833,0.0,3.0,3.0,20.0,80.0,0.91
2026-09-17,New York Rangers,0-0,0.0,0.3833,0.0,3.0,3.0,20.0,80.0,0.91
2026-09-17,Ottawa Senators,0-0,0.0,0.3833,0.0,3.0,3.0,20.0,80.0,0.91
2026-09-17,Philadelphia Flyers,0-0,0.0,0.3833,0.0,3.0,3.0,20.0,80.0,0.91
2026-09-17,Pittsburgh Penguins,0-0,0.0,0.3833,0.0,3.0,3.0,20.0,80.0,0.91
2026-09-17,San Jose Sharks,0-0,0.0,0.3833,0.0,3.0,3.0,20.0,80.0,0.91
2026-09-17,Seattle Kraken,0-0,0.0,0.3833,0.0,3.0,3.0,20.0,80.0,0.91
2026-09-17,St. Louis Blues,0-0,0.0,0.3833,0.0,3.0,3.0,20.0,80.0,0.91
2026-09-17,Tampa Bay Lightning,0-0,0.0,0.3833,0.0,3.0,3.0,20.0,80.0,0.91
2026-09-17,Toronto Maple Leafs,0-0,0.0,0.3833,0.0,3.0,3.0,20.0,80.0,0.91
2026-09-17,Utah Mammoth,0-0,0.0,0.3833,0.0,3.0,3.0,20.0,80.0,0.91
2026-09-17,Vancouver Canucks,0-0,0.0,0.3833,0.0,3.0,3.0,20.0,80.0,0.91
2026-09-17,Vegas Golden Knights,0-0,0.0,0.3833,0.0,3.0,3.0,20.0,80.0,0.91
2026-09-17,Washington Capitals,0-0,0.0,0.3833,0.0,3.0,3.0,20.0,80.0,0.91
2026-09-17,Winnipeg Jets,0-0,0.0,0.3833,0.0,3.0,3.0,20.0,80.0,0.91
2026-09-18,Anaheim Ducks,0-0,0.0,0.3833,0.0,3.0,3.0,20.0,80.0,0.91
2026-09-18,Boston Bruins,0-0,0.0,0.3833,0.0,3.0,3.0,20.0,80.0,0.91
2026-09-18,Buffalo Sabres,0-0,0.0,0.3833,0.0,3.0,3.0,20.0,80.0,0.91
2026-09-18,Calgary Flames,0-0,0.0,0.3833,0.0,3.0,3.0,20.0,80.0,0.91
2026-09-18,Carolina Hurricanes,0-0,0.0,0.3833,0.0,3.0,3.0,20.0,80.0,0.91
2026-09-18,Chicago Blackhawks,0-0,0.0,0.3833,0.0,3.0,3.0,20.0,80.0,0.91
2026-09-18,Colorado Avalanche,0-0,0.0,0.3833,0.0,3.0,3.0,20.0,80.0,0.91
2026-09-18,Columbus Blue Jackets,0-0,0.0,0.3833,0.0,3.0,3.0,20.0,80.0,0.91
2026-09-18,Dallas Stars,0-0,0.0,0.3833,0.0,3.0,3.0,20.0,80.0,0.91
2026-09-18,Detroit Red Wings,0-0,0.0,0.3833,0.0,3.0,3.0,20.0,80.0,0.91
2026-09-18,Edmonton Oilers,0-0,0.0,0.3833,0.0,3.0,3.0,20.0,80.0,0.91
2026-09-18,Florida Panthers,0-0,0.0,0.3833,0.0,3.0,3.0,20.0,80.0,0.91
2026-09-18,Los Angeles Kings,0-0,0.0,0.3833,0.0,3.0,3.0,20.0,80.0,0.91
2026-09-18,Minnesota Wild,0-0,0.0,0.3833,0.0,3.0,3.0,20.0,80.0,0.91
2026-09-18,Montreal Canadiens,0-0,0.0,0.3833,0.0,3.0,3.0,20.0,80.0,0.91
2026-09-18,Nashville Predators,0-0,0.0,0.3833,0.0,3.0,3.0,20.0,80.0,0.91
2026-09-18,New Jersey Devils,0-0,0.0,0.3833,0.0,3.0,3.0,20.0,80.0,0.91
2026-09-18,New York Islanders,0-0,0.0,0.3833,0.0,3.0,3.0,20.0,80.0,0.91
2026-09-18,New York Rangers,0-0,0.0,0.3833,0.0,3.0,3.0,20.0,80.0,0.91
2026-09-18,Ottawa Senators,0-0,0.0,0.3833,0.0,3.0,3.0,20.0,80.0,0.91
2026-09-18,Philadelphia Flyers,0-0,0.0,0.3833,0.0,3.0,3.0,20.0,80.0,0.91
2026-09-18,Pittsburgh Penguins,0-0,0.0,0.3833,0.0,3.0,3.0,20.0,80.0,0.91
2026-09-18,San Jose Sharks,0-0,0.0,0.3833,0.0,3.0,3.0,20.0,80.0,0.91
2026-09-18,Seattle Kraken,0-0,0.0,0.3833,0.0,3.0,3.0,20.0,80.0,0.91
2026-09-18,St. Louis Blues,0-0,0.0,0.3833,0.0,3.0,3.0,20.0,80.0,0.91
2026-09-18,Tampa Bay Lightning,0-0,0.0,0.3833,0.0,3.0,3.0,20.0,80.0,0.91
2026-09-18,Toronto Maple Leafs,0-0,0.0,0.3833,0.0,3.0,3.0,20.0,80.0,0.91
2026-09-18,Utah Mammoth,0-0,0.0,0.3833,0.0,3.0,3.0,20.0,80.0,0.91
2026-09-18,Vancouver Canucks,0-0,0.0,0.3833,0.0,3.0,3.0,20.0,80.0,0.91
2026-09-18,Vegas Golden Knights,0-0,0.0,0.3833,0.0,3.0,3.0,20.0,80.0,0.91
2026-09-18,Washington Capitals,0-0,0.0,0.3833,0.0,3.0,3.0,20.0,80.0,0.91
2026-09-18,Winnipeg Jets,0-0,0.0,0.3833,0.0,3.0,3.0,20.0,80.0,0.91
2026-09-19,Anaheim Ducks,0-0,0.0,0.3833,0.0,3.0,3.0,20.0,80.0,0.91
2026-09-19,Boston Bruins,0-0,0.0,0.3833,0.0,3.0,3.0,20.0,80.0,0.91
2026-09-19,Buffalo Sabres,0-0,0.0,0.3833,0.0,3.0,3.0,20.0,80.0,0.91
2026-09-19,Calgary Flames,0-0,0.0,0.3833,0.0,3.0,3.0,20.0,80.0,0.91
2026-09-19,Carolina Hurricanes,0-0,0.0,0.3833,0.0,3.0,3.0,20.0,80.0,0.91
2026-09-19,Chicago Blackhawks,0-0,0.0,0.3833,0.0,3.0,3.0,20.0,80.0,0.91
2026-09-19,Colorado Avalanche,0-0,0.0,0.3833,0.0,3.0,3.0,20.0,80.0,0.91
2026-09-19,Columbus Blue Jackets,0-0,0.0,0.3833,0.0,3.0,3.0,20.0,80.0,0.91
2026-09-19,Dallas Stars,0-0,0.0,0.3833,0.0,3.0,3.0,20.0,80.0,0.91
2026-09-19,Detroit Red Wings,0-0,0.0,0.3833,0.0,3.0,3.0,20.0,80.0,0.91
2026-09-19,Edmonton Oilers,0-0,0.0,0.3833,0.0,3.0,3.0,20.0,80.0,0.91
2026-09-19,Florida Panthers,0-0,0.0,0.3833,0.0,3.0,3.0,20.0,80.0,0.91
2026-09-19,Los Angeles Kings,0-0,0.0,0.3833,0.0,3.0,3.0,20.0,80.0,0.91
2026-09-19,Minnesota Wild,0-0,0.0,0.3833,0.0,3.0,3.0,20.0,80.0,0.91
2026-09-19,Montreal Canadiens,0-0,0.0,0.3833,0.0,3.0,3.0,20.0,80.0,0.91
2026-09-19,Nashville Predators,0-0,0.0,0.3833,0.0,3.0,3.0,20.0,80.0,0.91
2026-09-19,New Jersey Devils,0-0,0.0,0.3833,0.0,3.0,3.0,20.0,80.0,0.91
2026-09-19,New York Islanders,0-0,0.0,0.3833,0.0,3.0,3.0,20.0,80.0,0.91
2026-09-19,New York Rangers,0-0,0.0,0.3833,0.0,3.0,3.0,20.0,80.0,0.91
2026-09-19,Ottawa Senators,0-0,0.0,0.3833,0.0,3.0,3.0,20.0,80.0,0.91
2026-09-19,Philadelphia Flyers,0-0,0.0,0.3833,0.0,3.0,3.0,20.0,80.0,0.91
2026-09-19,Pittsburgh Penguins,0-0,0.0,0.3833,0.0,3.0,3.0,20.0,80.0,0.91
2026-09-19,San Jose Sharks,0-0,0.0,0.3833,0.0,3.0,3.0,20.0,80.0,0.91
2026-09-19,Seattle Kraken,0-0,0.0,0.3833,0.0,3.0,3.0,20.0,80.0,0.91
2026-09-19,St. Louis Blues,0-0,0.0,0.3833,0.0,3.0,3.0,20.0,80.0,0.91
2026-09-19,Tampa Bay Lightning,0-0,0.0,0.3833,0.0,3.0,3.0,20.0,80.0,0.91
2026-09-19,Toronto Maple Leafs,0-0,0.0,0.3833,0.0,3.0,3.0,20.0,80.0,0.91
2026-09-19,Utah Mammoth,0-0,0.0,0.3833,0.0,3.0,3.0,20.0,80.0,0.91
2026-09-19,Vancouver Canucks,0-0,0.0,0.3833,0.0,3.0,3.0,20.0,80.0,0.91
2026-09-19,Vegas Golden Knights,0-0,0.0,0.3833,0.0,3.0,3.0,20.0,80.0,0.91
2026-09-19,Washington Capitals,0-0,0.0,0.3833,0.0,3.0,3.0,20.0,80.0,0.91
2026-09-19,Winnipeg Jets,0-0,0.0,0.3833,0.0,3.0,3.0,20.0,80.0,0.91
2026-09-20,Anaheim Ducks,1-0,1.0,0.8444,100.0,6.0,2.0,20.0,80.0,0.91
2026-09-20,Boston Bruins,0-0,0.0,0.3833,0.0,3.0,3.0,20.0,80.0,0.91
2026-09-20,Buffalo Sabres,0-0,0.0,0.3833,0.0,3.0,3.0,20.0,80.0,0.91
2026-09-20,Calgary Flames,0-0,0.0,0.3833,0.0,3.0,3.0,20.0,80.0,0.91
2026-09-20,Carolina Hurricanes,0-0,0.0,0.3833,0.0,3.0,3.0,20.0,80.0,0.91
2026-09-20,Chicago Blackhawks,0-0-1,1.0,0.5139,50.0,2.0,3.0,20.0,80.0,0.91
2026-09-20,Colorado Avalanche,0-0,0.0,0.3833,0.0,3.0,3.0,20.0,80.0,0.91
2026-09-20,Columbus Blue Jackets,0-0,0.0,0.3833,0.0,3.0,3.0,20.0,80.0,0.91
2026-09-20,Dallas Stars,1-0,1.0,0.7778,100.0,2.0,1.0,20.0,80.0,0.91
2026-09-20,Detroit Red Wings,0-0,0.0,0.3833,0.0,3.0,3.0,20.0,80.0,0.91
2026-09-20,Edmonton Oilers,1-0,1.0,0.8444,100.0,5.0,2.0,20.0,80.0,0.91
2026-09-20,Florida Panthers,0-0,0.0,0.3833,0.0,3.0,3.0,20.0,80.0,0.91
2026-09-20,Los Angeles Kings,0-1,1.0,0.2944,0.0,2.0,4.0,20.0,80.0,0.91
2026-09-20,Minnesota Wild,1-0,1.0,0.7778,100.0,3.0,2.0,20.0,80.0,0.91
2026-09-20,Montreal Canadiens,2-0,2.0,0.8222,100.0,4.0,2.0,20.0,80.0,0.91
2026-09-20,Nashville Predators,0-0,0.0,0.3833,0.0,3.0,3.0,20.0,80.0,0.91
2026-09-20,New Jersey Devils,1-0,1.0,0.7778,100.0,2.0,1.0,20.0,80.0,0.91
2026-09-20,New York Islanders,0-1,1.0,0.3389,0.0,1.0,2.0,20.0,80.0,0.91
2026-09-20,New York Rangers,0-0,0.0,0.3833,0.0,3.0,3.0,20.0,80.0,0.91
2026-09-20,Ottawa Senators,0-0,0.0,0.3833,0.0,3.0,3.0,20.0,80.0,0.91
2026-09-20,Philadelphia Flyers,0-0,0.0,0.3833,0.0,3.0,3.0,20.0,80.0,0.91
2026-09-20,Pittsburgh Penguins,0-0,0.0,0.3833,0.0,3.0,3.0,20.0,80.0,0.91
2026-09-20,San Jose Sharks,0-1,1.0,0.2722,0.0,2.0,6.0,20.0,80.0,0.91
2026-09-20,Seattle Kraken,1-0,1.0,0.8222,100.0,4.0,2.0,20.0,80.0,0.91
2026-09-20,St. Louis Blues,0-1,1.0,0.3389,0.0,1.0,2.0,20.0,80.0,0.91
2026-09-20,Tampa Bay Lightning,0-0,0.0,0.3833,0.0,3.0,3.0,20.0,80.0,0.91
2026-09-20,Toronto Maple Leafs,0-1-1,2.0,0.3819,25.0,2.0,4.0,20.0,80.0,0.91
2026-09-20,Utah Mammoth,0-0,0.0,0.3833,0.0,3.0,3.0,20.0,80.0,0.91
2026-09-20,Vancouver Canucks,0-1,1.0,0.2944,0.0,2.0,4.0,20.0,80.0,0.91
2026-09-20,Vegas Golden Knights,1-0,1.0,0.8222,100.0,4.0,2.0,20.0,80.0,0.91
2026-09-20,Washington Capitals,0-0,0.0,0.3833,0.0,3.0,3.0,20.0,80.0,0.91
2026-09-20,Winnipeg Jets,0-1,1.0,0.2722,0.0,2.0,5.0,20.0,80.0,0.91
2026-09-21,Anaheim Ducks,1-0,1.0,0.8444,100.0,6.0,2.0,20.0,80.0,0.91
2026-09-21,Boston Bruins,1-0,1.0,0.7778,100.0,3.0,2.0,20.0,80.0,0.91
2026-09-21,Buffalo Sabres,0-0,0.0,0.3833,0.0,3.0,3.0,20.0,80.0,0.91
2026-09-21,Calgary Flames,0-1,1.0,0.2944,0.0,2.0,4.0,20.0,80.0,0.91
2026-09-21,Carolina Hurricanes,0-1,1.0,0.3167,0.0,3.0,6.0,20.0,80.0,0.91
2026-09-21,Chicago Blackhawks,0-0-1,1.0,0.5139,50.0,2.0,3.0,20.0,80.0,0.91
2026-09-21,Colorado Avalanche,1-0,1.0,0.8667,100.0,4.0,1.0,20.0,80.0,0.91
2026-09-21,Columbus Blue Jackets,0-0,0.0,0.3833,0.0,3.0,3.0,20.0,80.0,0.91
2026-09-21,Dallas Stars,1-0,1.0,0.7778,100.0,2.0,1.0,20.0,80.0,0.91
2026-09-21,Detroit Red Wings,0-0,0.0,0.3833,0.0,3.0,3.0,20.0,80.0,0.91
2026-09-21,Edmonton Oilers,1-0,1.0,0.8444,100.0,5.0,2.0,20.0,80.0,0.91
2026-09-21,Florida Panthers,1-0,1.0,0.8,100.0,6.0,3.0,20.0,80.0,0.91
2026-09-21,Los Angeles Kings,0-1,1.0,0.2944,0.0,2.0,4.0,20.0,80.0,0.91
2026-09-21,Minnesota Wild,1-0,1.0,0.7778,100.0,3.0,2.0,20.0,80.0,0.91
2026-09-21,Montreal Canadiens,2-0,2.0,0.8222,100.0,4.0,2.0,20.0,80.0,0.91
2026-09-21,Nashville Predators,0-1,1.0,0.3389,0.0,1.0,2.0,20.0,80.0,0.91
2026-09-21,New Jersey Devils,1-0,1.0,0.7778,100.0,2.0,1.0,20.0,80.0,0.91
2026-09-21,New York Islanders,0-1,1.0,0.3389,0.0,1.0,2.0,20.0,80.0,0.91
2026-09-21,New York Rangers,0-0,0.0,0.3833,0.0,3.0,3.0,20.0,80.0,0.91
2026-09-21,Ottawa Senators,0-0,0.0,0.3833,0.0,3.0,3.0,20.0,80.0,0.91
2026-09-21,Philadelphia Flyers,0-0,0.0,0.3833,0.0,3.0,3.0,20.0,80.0,0.91
2026-09-21,Pittsburgh Penguins,0-0,0.0,0.3833,0.0,3.0,3.0,20.0,80.0,0.91
2026-09-21,San Jose Sharks,0-1,1.0,0.2722,0.0,2.0,6.0,20.0,80.0,0.91
2026-09-21,Seattle Kraken,2-0,2.0,0.8222,100.0,4.0,2.0,20.0,80.0,0.91
2026-09-21,St. Louis Blues,0-1,1.0,0.3389,0.0,1.0,2.0,20.0,80.0,0.91
2026-09-21,Tampa Bay Lightning,1-0,1.0,0.7778,100.0,2.0,1.0,20.0,80.0,0.91
2026-09-21,Toronto Maple Leafs,0-1-1,2.0,0.3819,25.0,2.0,4.0,20.0,80.0,0.91
2026-09-21,Utah Mammoth,0-1,1.0,0.25,0.0,1.0,4.0,20.0,80.0,0.91
2026-09-21,Vancouver Canucks,0-1,1.0,0.2944,0.0,2.0,4.0,20.0,80.0,0.91
2026-09-21,Vegas Golden Knights,1-0,1.0,0.8222,100.0,4.0,2.0,20.0,80.0,0.91
2026-09-21,Washington Capitals,0-0-1,1.0,0.5139,50.0,2.0,3.0,20.0,80.0,0.91
2026-09-21,Winnipeg Jets,0-1,1.0,0.2722,0.0,2.0,5.0,20.0,80.0,0.91
2026-09-22,Anaheim Ducks,1-0,1.0,0.8444,100.0,6.0,2.0,20.0,80.0,0.883
2026-09-22,Boston Bruins,1-0,1.0,0.7778,100.0,3.0,2.0,20.0,80.0,0.903
2026-09-22,Buffalo Sabres,0-1,1.0,0.25,0.0,1.0,4.0,20.0,80.0,0.907
2026-09-22,Calgary Flames,0-1,1.0,0.2944,0.0,2.0,4.0,20.0,80.0,0.903
2026-09-22,Carolina Hurricanes,0-1,1.0,0.3167,0.0,3.0,6.0,20.0,80.0,0.886
2026-09-22,Chicago Blackhawks,1-0-1,2.0,0.6458,75.0,3.0,3.0,20.0,80.0,0.896
2026-09-22,Colorado Avalanche,1-1,2.0,0.5806,50.0,2.5,2.0,20.0,80.0,0.914
2026-09-22,Columbus Blue Jackets,1-0,1.0,0.7778,100.0,1.0,0.0,20.0,80.0,0.899
2026-09-22,Dallas Stars,2-0,2.0,0.7778,100.0,2.0,1.0,20.0,80.0,0.902
2026-09-22,Detroit Red Wings,0-0-1,1.0,0.5139,50.0,0.0,1.0,20.0,80.0,0.895
2026-09-22,Edmonton Oilers,1-0,1.0,0.8444,100.0,5.0,2.0,20.0,80.0,0.883
2026-09-22,Florida Panthers,1-0,1.0,0.8,100.0,6.0,3.0,20.0,80.0,0.885
2026-09-22,Los Angeles Kings,0-1,1.0,0.2944,0.0,2.0,4.0,20.0,80.0,0.899
2026-09-22,Minnesota Wild,1-0-1,2.0,0.6458,75.0,3.0,3.0,20.0,80.0,0.908
2026-09-22,Montreal Canadiens,3-0,3.0,0.8074,100.0,3.67,2.0,20.0,80.0,0.895
2026-09-22,Nashville Predators,0-1,1.0,0.3389,0.0,1.0,2.0,20.0,80.0,0.897
2026-09-22,New Jersey Devils,2-0,2.0,0.7778,100.0,2.5,1.5,20.0,80.0,0.893
2026-09-22,New York Islanders,0-1,1.0,0.3389,0.0,1.0,2.0,20.0,80.0,0.902
2026-09-22,New York Rangers,0-1,1.0,0.3389,0.0,2.0,3.0,20.0,80.0,0.904
2026-09-22,Ottawa Senators,0-0-1,1.0,0.5139,50.0,2.0,3.0,20.0,80.0,0.882
2026-09-22,Philadelphia Flyers,0-1,1.0,0.2722,0.0,2.0,5.0,20.0,80.0,0.891
2026-09-22,Pittsburgh Penguins,1-0,1.0,0.8667,100.0,4.0,1.0,20.0,80.0,0.891
2026-09-22,San Jose Sharks,0-1,1.0,0.2722,0.0,2.0,6.0,20.0,80.0,0.887
2026-09-22,Seattle Kraken,2-0,2.0,0.8222,100.0,4.0,2.0,20.0,80.0,0.902
2026-09-22,St. Louis Blues,0-2,2.0,0.3389,0.0,1.0,2.0,20.0,80.0,0.893
2026-09-22,Tampa Bay Lightning,1-0,1.0,0.7778,100.0,2.0,1.0,20.0,80.0,0.902
2026-09-22,Toronto Maple Leafs,0-1-1,2.0,0.3819,25.0,2.0,4.0,20.0,80.0,0.897
2026-09-22,Utah Mammoth,0-1,1.0,0.25,0.0,1.0,4.0,20.0,80.0,0.893
2026-09-22,Vancouver Canucks,0-1,1.0,0.2944,0.0,2.0,4.0,20.0,80.0,0.88
2026-09-22,Vegas Golden Knights,1-0,1.0,0.8222,100.0,4.0,2.0,20.0,80.0,0.884
2026-09-22,Washington Capitals,1-0-1,2.0,0.6903,75.0,3.5,2.5,20.0,80.0,0.903
2026-09-22,Winnipeg Jets,1-1,2.0,0.5361,50.0,2.5,3.0,20.0,80.0,0.893
2026-09-23,Anaheim Ducks,1-0,1.0,0.8444,100.0,6.0,2.0,20.0,80.0,0.883
2026-09-23,Boston Bruins,2-0,2.0,0.8444,100.0,4.0,1.5,20.0,80.0,0.903
2026-09-23,Buffalo Sabres,1-1,2.0,0.5806,50.0,3.0,2.5,20.0,80.0,0.907
2026-09-23,Calgary Flames,1-1,2.0,0.5583,50.0,2.5,2.5,20.0,80.0,0.903
2026-09-23,Carolina Hurricanes,1-1,2.0,0.5139,50.0,3.0,4.0,20.0,80.0,0.886
2026-09-23,Chicago Blackhawks,1-0-1,2.0,0.6458,75.0,3.0,3.0,20.0,80.0,0.896
2026-09-23,Colorado Avalanche,1-1,2.0,0.5806,50.0,2.5,2.0,20.0,80.0,0.914
2026-09-23,Columbus Blue Jackets,1-1,2.0,0.4917,50.0,1.0,2.5,20.0,80.0,0.899
2026-09-23,Dallas Stars,2-0,2.0,0.7778,100.0,2.0,1.0,20.0,80.0,0.902
2026-09-23,Detroit Red Wings,1-0-1,2.0,0.6903,75.0,3.5,2.5,20.0,80.0,0.895
2026-09-23,Edmonton Oilers,2-0,2.0,0.8222,100.0,3.5,1.5,20.0,80.0,0.883
2026-09-23,Florida Panthers,1-0-1,2.0,0.6903,75.0,4.0,3.0,20.0,80.0,0.885
2026-09-23,Los Angeles Kings,0-2,2.0,0.2944,0.0,2.5,5.0,20.0,80.0,0.899
2026-09-23,Minnesota Wild,1-0-1,2.0,0.6458,75.0,3.0,3.0,20.0,80.0,0.908
2026-09-23,Montreal Canadiens,3-0,3.0,0.8074,100.0,3.67,2.0,20.0,80.0,0.895
2026-09-23,Nashville Predators,1-1,2.0,0.5583,50.0,2.0,2.0,20.0,80.0,0.897
2026-09-23,New Jersey Devils,2-0,2.0,0.7778,100.0,2.5,1.5,20.0,80.0,0.893
2026-09-23,New York Islanders,1-1,2.0,0.5583,50.0,2.5,2.5,20.0,80.0,0.902
2026-09-23,New York Rangers,0-2,2.0,0.3389,0.0,2.5,3.5,20.0,80.0,0.904
2026-09-23,Ottawa Senators,0-0-1,1.0,0.5139,50.0,2.0,3.0,20.0,80.0,0.882
2026-09-23,Philadelphia Flyers,0-2,2.0,0.25,0.0,1.5,5.0,20.0,80.0,0.891
2026-09-23,Pittsburgh Penguins,1-1,2.0,0.5583,50.0,4.0,4.0,20.0,80.0,0.891
2026-09-23,San Jose Sharks,0-1-1,2.0,0.3597,25.0,1.5,4.0,20.0,80.0,0.887
2026-09-23,Seattle Kraken,2-0,2.0,0.8222,100.0,4.0,2.0,20.0,80.0,0.902
2026-09-23,St. Louis Blues,0-2,2.0,0.3389,0.0,1.0,2.0,20.0,80.0,0.893
2026-09-23,Tampa Bay Lightning,1-0-1,2.0,0.6458,75.0,2.0,2.0,20.0,80.0,0.902
2026-09-23,Toronto Maple Leafs,0-1-1,2.0,0.3819,25.0,2.0,4.0,20.0,80.0,0.897
2026-09-23,Utah Mammoth,1-1,2.0,0.5583,50.0,3.5,3.5,20.0,80.0,0.893
2026-09-23,Vancouver Canucks,0-2,2.0,0.2944,0.0,1.5,3.5,20.0,80.0,0.88
2026-09-23,Vegas Golden Knights,2-0,2.0,0.8,100.0,3.0,1.5,20.0,80.0,0.884
2026-09-23,Washington Capitals,1-0-1,2.0,0.6903,75.0,3.5,2.5,20.0,80.0,0.903
2026-09-23,Winnipeg Jets,1-1-1,3.0,0.5287,50.0,2.0,2.67,20.0,80.0,0.893
2026-09-24,Anaheim Ducks,1-1,2.0,0.625,50.0,3.5,2.0,20.0,80.0,0.883
2026-09-24,Boston Bruins,2-0,2.0,0.8444,100.0,4.0,1.5,20.0,80.0,0.903
2026-09-24,Buffalo Sabres,1-1,2.0,0.5806,50.0,3.0,2.5,20.0,80.0,0.907
2026-09-24,Calgary Flames,1-1,2.0,0.5583,50.0,2.5,2.5,20.0,80.0,0.903
2026-09-24,Carolina Hurricanes,1-1,2.0,0.5139,50.0,3.0,4.0,20.0,80.0,0.886
2026-09-24,Chicago Blackhawks,1-0-1,2.0,0.6458,75.0,3.0,3.0,20.0,80.0,0.896
2026-09-24,Colorado Avalanche,1-1,2.0,0.5806,50.0,2.5,2.0,20.0,80.0,0.914
2026-09-24,Columbus Blue Jackets,1-1,2.0,0.4917,50.0,1.0,2.5,20.0,80.0,0.899
2026-09-24,Dallas Stars,3-0,3.0,0.7926,100.0,2.0,0.67,20.0,80.0,0.902
2026-09-24,Detroit Red Wings,1-0-1,2.0,0.6903,75.0,3.5,2.5,20.0,80.0,0.895
2026-09-24,Edmonton Oilers,2-0,2.0,0.8222,100.0,3.5,1.5,20.0,80.0,0.883
2026-09-24,Florida Panthers,1-0-1,2.0,0.6903,75.0,4.0,3.0,20.0,80.0,0.885
2026-09-24,Los Angeles Kings,1-2,3.0,0.4407,33.3,2.33,3.67,20.0,80.0,0.899
2026-09-24,Minnesota Wild,1-1-1,3.0,0.5287,50.0,2.0,2.67,20.0,80.0,0.908
2026-09-24,Montreal Canadiens,3-0,3.0,0.8074,100.0,3.67,2.0,20.0,80.0,0.895
2026-09-24,Nashville Predators,1-1,2.0,0.5583,50.0,2.0,2.0,20.0,80.0,0.897
2026-09-24,New Jersey Devils,2-0,2.0,0.7778,100.0,2.5,1.5,20.0,80.0,0.893
2026-09-24,New York Islanders,1-1,2.0,0.5583,50.0,2.5,2.5,20.0,80.0,0.902
2026-09-24,New York Rangers,0-2,2.0,0.3389,0.0,2.5,3.5,20.0,80.0,0.904
2026-09-24,Ottawa Senators,0-2-1,3.0,0.3231,16.7,1.67,4.33,20.0,80.0,0.882
2026-09-24,Philadelphia Flyers,0-2,2.0,0.25,0.0,1.5,5.0,20.0,80.0,0.891
2026-09-24,Pittsburgh Penguins,1-1,2.0,0.5583,50.0,4.0,4.0,20.0,80.0,0.891
2026-09-24,San Jose Sharks,0-1-1,2.0,0.3597,25.0,1.5,4.0,20.0,80.0,0.887
2026-09-24,Seattle Kraken,2-0,2.0,0.8222,100.0,4.0,2.0,20.0,80.0,0.902
2026-09-24,St. Louis Blues,0-2,2.0,0.3389,0.0,1.0,2.0,20.0,80.0,0.893
2026-09-24,Tampa Bay Lightning,1-0-1,2.0,0.6458,75.0,2.0,2.0,20.0,80.0,0.902
2026-09-24,Toronto Maple Leafs,2-1-1,4.0,0.6354,62.5,3.5,2.75,20.0,80.0,0.897
2026-09-24,Utah Mammoth,1-1,2.0,0.5583,50.0,3.5,3.5,20.0,80.0,0.893
2026-09-24,Vancouver Canucks,0-2,2.0,0.2944,0.0,1.5,3.5,20.0,80.0,0.88
2026-09-24,Vegas Golden Knights,2-0,2.0,0.8,100.0,3.0,1.5,20.0,80.0,0.884
2026-09-24,Washington Capitals,1-0-1,2.0,0.6903,75.0,3.5,2.5,20.0,80.0,0.903
2026-09-24,Winnipeg Jets,1-1-1,3.0,0.5287,50.0,2.0,2.67,20.0,80.0,0.893
2026-09-25,Anaheim Ducks,1-2,3.0,0.4037,33.3,2.33,4.67,20.0,80.0,0.883
2026-09-25,Boston Bruins,2-1,3.0,0.6611,66.7,2.67,1.67,20.0,80.0,0.903
2026-09-25,Buffalo Sabres,1-1-1,3.0,0.5583,50.0,2.67,2.67,20.0,80.0,0.907
2026-09-25,Calgary Flames,1-1-1,3.0,0.5435,50.0,2.67,3.0,20.0,80.0,0.903
2026-09-25,Carolina Hurricanes,2-1,3.0,0.6019,66.7,4.0,4.33,20.0,80.0,0.886
2026-09-25,Chicago Blackhawks,1-1-1,3.0,0.5435,50.0,2.0,2.33,20.0,80.0,0.896
2026-09-25,Colorado Avalanche,1-1,2.0,0.5806,50.0,2.5,2.0,20.0,80.0,0.914
2026-09-25,Columbus Blue Jackets,2-1,3.0,0.6315,66.7,2.0,1.67,20.0,80.0,0.899
2026-09-25,Dallas Stars,3-0,3.0,0.7926,100.0,2.0,0.67,20.0,80.0,0.902
2026-09-25,Detroit Red Wings,2-0-1,3.0,0.7194,83.3,3.33,2.33,20.0,80.0,0.895
2026-09-25,Edmonton Oilers,3-0,3.0,0.8074,100.0,3.0,1.33,20.0,80.0,0.883
2026-09-25,Florida Panthers,2-0-1,3.0,0.7343,83.3,4.33,3.0,20.0,80.0,0.885
2026-09-25,Los Angeles Kings,1-2,3.0,0.4407,33.3,2.33,3.67,20.0,80.0,0.899
2026-09-25,Minnesota Wild,1-1-1,3.0,0.5287,50.0,2.0,2.67,20.0,80.0,0.908
2026-09-25,Montreal Canadiens,3-0,3.0,0.8074,100.0,3.67,2.0,20.0,80.0,0.895
2026-09-25,Nashville Predators,1-2,3.0,0.4852,33.3,3.0,3.33,20.0,80.0,0.897
2026-09-25,New Jersey Devils,2-0-1,3.0,0.6898,83.3,2.67,2.33,20.0,80.0,0.893
2026-09-25,New York Islanders,1-1,2.0,0.5583,50.0,2.5,2.5,20.0,80.0,0.902
2026-09-25,New York Rangers,1-2,3.0,0.4852,33.3,3.0,3.33,20.0,80.0,0.904
2026-09-25,Ottawa Senators,0-2-1,3.0,0.3231,16.7,1.67,4.33,20.0,80.0,0.882
2026-09-25,Philadelphia Flyers,1-2,3.0,0.4259,33.3,1.67,3.33,20.0,80.0,0.891
2026-09-25,Pittsburgh Penguins,1-2,3.0,0.4407,33.3,2.67,4.0,20.0,80.0,0.891
2026-09-25,San Jose Sharks,1-1-1,3.0,0.6324,50.0,4.33,2.67,20.0,80.0,0.887
2026-09-25,Seattle Kraken,3-0,3.0,0.8074,100.0,4.0,2.33,20.0,80.0,0.902
2026-09-25,St. Louis Blues,1-2,3.0,0.4852,33.3,1.0,1.33,20.0,80.0,0.893
2026-09-25,Tampa Bay Lightning,1-1-1,3.0,0.5287,50.0,2.33,3.0,20.0,80.0,0.902
2026-09-25,Toronto Maple Leafs,2-1-1,4.0,0.6354,62.5,3.5,2.75,20.0,80.0,0.897
2026-09-25,Utah Mammoth,1-1-1,3.0,0.5435,50.0,3.67,4.0,20.0,80.0,0.893
2026-09-25,Vancouver Canucks,0-3,3.0,0.3093,0.0,1.33,3.0,20.0,80.0,0.88
2026-09-25,Vegas Golden Knights,3-0,3.0,0.7926,100.0,3.67,2.33,20.0,80.0,0.884
2026-09-25,Washington Capitals,1-0-1,2.0,0.6903,75.0,3.5,2.5,20.0,80.0,0.903
2026-09-25,Winnipeg Jets,1-1-1,3.0,0.5287,50.0,2.0,2.67,20.0,80.0,0.893
2026-09-26,Anaheim Ducks,1-3,4.0,0.3708,25.0,2.25,5.0,20.0,80.0,0.883
2026-09-26,Boston Bruins,2-1-1,4.0,0.6243,62.5,2.5,2.0,20.0,80.0,0.903
2026-09-26,Buffalo Sabres,1-2-1,4.0,0.4924,37.5,2.25,2.75,20.0,80.0,0.907
2026-09-26,Calgary Flames,1-1-1,3.0,0.5435,50.0,2.67,3.0,20.0,80.0,0.903
2026-09-26,Carolina Hurricanes,3-1,4.0,0.7014,75.0,4.5,3.25,20.0,80.0,0.886
2026-09-26,Chicago Blackhawks,1-1-1,3.0,0.5435,50.0,2.0,2.33,20.0,80.0,0.896
2026-09-26,Colorado Avalanche,2-1,3.0,0.6759,66.7,3.33,2.0,20.0,80.0,0.914
2026-09-26,Columbus Blue Jackets,2-1,3.0,0.6315,66.7,2.0,1.67,20.0,80.0,0.899
2026-09-26,Dallas Stars,4-0,4.0,0.7889,100.0,2.0,0.75,20.0,80.0,0.902
2026-09-26,Detroit Red Wings,2-0-1,3.0,0.7194,83.3,3.33,2.33,20.0,80.0,0.895
2026-09-26,Edmonton Oilers,3-0,3.0,0.8074,100.0,3.0,1.33,20.0,80.0,0.883
2026-09-26,Florida Panthers,2-0-1,3.0,0.7343,83.3,4.33,3.0,20.0,80.0,0.885
2026-09-26,Los Angeles Kings,2-2,4.0,0.5583,50.0,3.25,3.25,20.0,80.0,0.899
2026-09-26,Minnesota Wild,1-2-1,4.0,0.4812,37.5,1.75,2.5,20.0,80.0,0.908
2026-09-26,Montreal Canadiens,3-0,3.0,0.8074,100.0,3.67,2.0,20.0,80.0,0.895
2026-09-26,Nashville Predators,1-3,4.0,0.3931,25.0,2.25,4.0,20.0,80.0,0.897
2026-09-26,New Jersey Devils,2-0-1,3.0,0.6898,83.3,2.67,2.33,20.0,80.0,0.893
2026-09-26,New York Islanders,1-2,3.0,0.4259,33.3,2.0,3.67,20.0,80.0,0.902
2026-09-26,New York Rangers,2-2,4.0,0.6028,50.0,3.75,2.75,20.0,80.0,0.904
2026-09-26,Ottawa Senators,0-2-1,3.0,0.3231,16.7,1.67,4.33,20.0,80.0,0.882
2026-09-26,Philadelphia Flyers,1-3,4.0,0.3708,25.0,1.5,3.75,20.0,80.0,0.891
2026-09-26,Pittsburgh Penguins,2-2,4.0,0.5361,50.0,2.75,3.25,20.0,80.0,0.891
2026-09-26,San Jose Sharks,1-1-1,3.0,0.6324,50.0,4.33,2.67,20.0,80.0,0.887
2026-09-26,Seattle Kraken,3-0,3.0,0.8074,100.0,4.0,2.33,20.0,80.0,0.902
2026-09-26,St. Louis Blues,1-2,3.0,0.4852,33.3,1.0,1.33,20.0,80.0,0.893
2026-09-26,Tampa Bay Lightning,1-1-1,3.0,0.5287,50.0,2.33,3.0,20.0,80.0,0.902
2026-09-26,Toronto Maple Leafs,2-1-1,4.0,0.6354,62.5,3.5,2.75,20.0,80.0,0.897
2026-09-26,Utah Mammoth,1-1-1,3.0,0.5435,50.0,3.67,4.0,20.0,80.0,0.893
2026-09-26,Vancouver Canucks,0-3,3.0,0.3093,0.0,1.33,3.0,20.0,80.0,0.88
2026-09-26,Vegas Golden Knights,3-0,3.0,0.7926,100.0,3.67,2.33,20.0,80.0,0.884
2026-09-26,Washington Capitals,3-0-1,4.0,0.7674,87.5,3.75,2.0,20.0,80.0,0.903
2026-09-26,Winnipeg Jets,1-2-1,4.0,0.459,37.5,2.0,3.25,20.0,80.0,0.893
2026-09-27,Anaheim Ducks,1-3,4.0,0.3708,25.0,2.25,5.0,20.0,80.0,0.883
2026-09-27,Boston Bruins,2-1-1,4.0,0.6243,62.5,2.5,2.0,20.0,80.0,0.903
2026-09-27,Buffalo Sabres,1-2-1,4.0,0.4924,37.5,2.25,2.75,20.0,80.0,0.907
2026-09-27,Calgary Flames,1-2-1,4.0,0.4701,37.5,2.25,3.25,20.0,80.0,0.903
2026-09-27,Carolina Hurricanes,3-1,4.0,0.7014,75.0,4.5,3.25,20.0,80.0,0.886
2026-09-27,Chicago Blackhawks,2-1-1,4.0,0.6021,62.5,2.25,2.25,20.0,80.0,0.896
2026-09-27,Colorado Avalanche,2-2,4.0,0.5806,50.0,2.5,2.0,20.0,80.0,0.914
2026-09-27,Columbus Blue Jackets,3-1,4.0,0.6792,75.0,2.5,1.75,20.0,80.0,0.899
2026-09-27,Dallas Stars,4-0,4.0,0.7889,100.0,2.0,0.75,20.0,80.0,0.902
2026-09-27,Detroit Red Wings,2-1-1,4.0,0.6132,62.5,3.0,2.75,20.0,80.0,0.895
2026-09-27,Edmonton Oilers,4-0,4.0,0.8222,100.0,3.25,1.25,20.0,80.0,0.883
2026-09-27,Florida Panthers,2-0-2,4.0,0.6792,75.0,3.75,3.0,20.0,80.0,0.885
2026-09-27,Los Angeles Kings,2-2,4.0,0.5583,50.0,3.25,3.25,20.0,80.0,0.899
2026-09-27,Minnesota Wild,1-2-1,4.0,0.4812,37.5,1.75,2.5,20.0,80.0,0.908
2026-09-27,Montreal Canadiens,4-1,5.0,0.7167,80.0,3.6,2.4,20.0,80.0,0.895
2026-09-27,Nashville Predators,1-3,4.0,0.3931,25.0,2.25,4.0,20.0,80.0,0.897
2026-09-27,New Jersey Devils,3-0-1,4.0,0.734,87.5,3.0,2.0,20.0,80.0,0.893
2026-09-27,New York Islanders,1-3,4.0,0.3819,25.0,1.75,3.75,20.0,80.0,0.902
2026-09-27,New York Rangers,2-2,4.0,0.6028,50.0,3.75,2.75,20.0,80.0,0.904
2026-09-27,Ottawa Senators,1-3-1,5.0,0.4083,30.0,2.2,4.0,20.0,80.0,0.882
2026-09-27,Philadelphia Flyers,1-3,4.0,0.3708,25.0,1.5,3.75,20.0,80.0,0.891
2026-09-27,Pittsburgh Penguins,2-2,4.0,0.5361,50.0,2.75,3.25,20.0,80.0,0.891
2026-09-27,San Jose Sharks,2-1-1,4.0,0.6799,62.5,4.25,2.5,20.0,80.0,0.887
2026-09-27,Seattle Kraken,3-1,4.0,0.6903,75.0,3.75,2.75,20.0,80.0,0.902
2026-09-27,St. Louis Blues,1-3,4.0,0.4486,25.0,1.25,1.75,20.0,80.0,0.893
2026-09-27,Tampa Bay Lightning,2-1-1,4.0,0.591,62.5,2.5,2.75,20.0,80.0,0.902
2026-09-27,Toronto Maple Leafs,2-1-1,4.0,0.6354,62.5,3.5,2.75,20.0,80.0,0.897
2026-09-27,Utah Mammoth,2-1-1,4.0,0.6132,62.5,3.25,3.0,20.0,80.0,0.893
2026-09-27,Vancouver Canucks,1-3,4.0,0.4264,25.0,2.0,3.0,20.0,80.0,0.88
2026-09-27,Vegas Golden Knights,3-1,4.0,0.6681,75.0,3.25,2.75,20.0,80.0,0.884
2026-09-27,Washington Capitals,3-0-1,4.0,0.7674,87.5,3.75,2.0,20.0,80.0,0.903
2026-09-27,Winnipeg Jets,1-2-1,4.0,0.459,37.5,2.0,3.25,20.0,80.0,0.893
2026-09-28,Anaheim Ducks,0-0,0.0,0.3833,0.0,3.0,3.0,20.0,80.0,0.883
2026-09-28,Boston Bruins,0-0,0.0,0.3833,0.0,3.0,3.0,20.0,80.0,0.903
2026-09-28,Buffalo Sabres,0-0,0.0,0.3833,0.0,3.0,3.0,20.0,80.0,0.907
2026-09-28,Calgary Flames,0-0,0.0,0.3833,0.0,3.0,3.0,20.0,80.0,0.903
2026-09-28,Carolina Hurricanes,0-0,0.0,0.3833,0.0,3.0,3.0,20.0,80.0,0.886
2026-09-28,Chicago Blackhawks,0-0,0.0,0.3833,0.0,3.0,3.0,20.0,80.0,0.896
2026-09-28,Colorado Avalanche,0-0,0.0,0.3833,0.0,3.0,3.0,20.0,80.0,0.914
2026-09-28,Columbus Blue Jackets,0-0,0.0,0.3833,0.0,3.0,3.0,20.0,80.0,0.899
2026-09-28,Dallas Stars,0-0,0.0,0.3833,0.0,3.0,3.0,20.0,80.0,0.902
2026-09-28,Detroit Red Wings,0-0,0.0,0.3833,0.0,3.0,3.0,20.0,80.0,0.895
2026-09-28,Edmonton Oilers,0-0,0.0,0.3833,0.0,3.0,3.0,20.0,80.0,0.883
2026-09-28,Florida Panthers,0-0,0.0,0.3833,0.0,3.0,3.0,20.0,80.0,0.885
2026-09-28,Los Angeles Kings,0-0,0.0,0.3833,0.0,3.0,3.0,20.0,80.0,0.899
2026-09-28,Minnesota Wild,0-0,0.0,0.3833,0.0,3.0,3.0,20.0,80.0,0.908
2026-09-28,Montreal Canadiens,0-0,0.0,0.3833,0.0,3.0,3.0,20.0,80.0,0.895
2026-09-28,Nashville Predators,0-0,0.0,0.3833,0.0,3.0,3.0,20.0,80.0,0.897
2026-09-28,New Jersey Devils,0-0,0.0,0.3833,0.0,3.0,3.0,20.0,80.0,0.893
2026-09-28,New York Islanders,0-0,0.0,0.3833,0.0,3.0,3.0,20.0,80.0,0.902
2026-09-28,New York Rangers,0-0,0.0,0.3833,0.0,3.0,3.0,20.0,80.0,0.904
2026-09-28,Ottawa Senators,0-0,0.0,0.3833,0.0,3.0,3.0,20.0,80.0,0.882
2026-09-28,Philadelphia Flyers,0-0,0.0,0.3833,0.0,3.0,3.0,20.0,80.0,0.891
2026-09-28,Pittsburgh Penguins,0-0,0.0,0.3833,0.0,3.0,3.0,20.0,80.0,0.891
2026-09-28,San Jose Sharks,0-0,0.0,0.3833,0.0,3.0,3.0,20.0,80.0,0.887
2026-09-28,Seattle Kraken,0-0,0.0,0.3833,0.0,3.0,3.0,20.0,80.0,0.902
2026-09-28,St. Louis Blues,0-0,0.0,0.3833,0.0,3.0,3.0,20.0,80.0,0.893
2026-09-28,Tampa Bay Lightning,0-0,0.0,0.3833,0.0,3.0,3.0,20.0,80.0,0.902
2026-09-28,Toronto Maple Leafs,0-0,0.0,0.3833,0.0,3.0,3.0,20.0,80.0,0.897
2026-09-28,Utah Mammoth,0-0,0.0,0.3833,0.0,3.0,3.0,20.0,80.0,0.893
2026-09-28,Vancouver Canucks,0-0,0.0,0.3833,0.0,3.0,3.0,20.0,80.0,0.88
2026-09-28,Vegas Golden Knights,0-0,0.0,0.3833,0.0,3.0,3.0,20.0,80.0,0.884
2026-09-28,Washington Capitals,0-0,0.0,0.3833,0.0,3.0,3.0,20.0,80.0,0.903
2026-09-28,Winnipeg Jets,0-0,0.0,0.3833,0.0,3.0,3.0,20.0,80.0,0.893
2026-09-29,Anaheim Ducks,0-0,0.0,0.3833,0.0,3.0,3.0,20.0,80.0,0.883
2026-09-29,Boston Bruins,0-0,0.0,0.3833,0.0,3.0,3.0,20.0,80.0,0.903
2026-09-29,Buffalo Sabres,0-0,0.0,0.3833,0.0,3.0,3.0,20.0,80.0,0.907
2026-09-29,Calgary Flames,0-0,0.0,0.3833,0.0,3.0,3.0,20.0,80.0,0.903
2026-09-29,Carolina Hurricanes,0-0,0.0,0.3833,0.0,3.0,3.0,20.0,80.0,0.886
2026-09-29,Chicago Blackhawks,0-0,0.0,0.3833,0.0,3.0,3.0,20.0,80.0,0.896
2026-09-29,Colorado Avalanche,0-0,0.0,0.3833,0.0,3.0,3.0,20.0,80.0,0.914
2026-09-29,Columbus Blue Jackets,0-0,0.0,0.3833,0.0,3.0,3.0,20.0,80.0,0.899
2026-09-29,Dallas Stars,0-0,0.0,0.3833,0.0,3.0,3.0,20.0,80.0,0.902
2026-09-29,Detroit Red Wings,0-0,0.0,0.3833,0.0,3.0,3.0,20.0,80.0,0.895
2026-09-29,Edmonton Oilers,0-0,0.0,0.3833,0.0,3.0,3.0,20.0,80.0,0.883
2026-09-29,Florida Panthers,0-0,0.0,0.3833,0.0,3.0,3.0,20.0,80.0,0.885
2026-09-29,Los Angeles Kings,0-0,0.0,0.3833,0.0,3.0,3.0,20.0,80.0,0.899
2026-09-29,Minnesota Wild,0-0,0.0,0.3833,0.0,3.0,3.0,20.0,80.0,0.908
2026-09-29,Montreal Canadiens,0-0,0.0,0.3833,0.0,3.0,3.0,20.0,80.0,0.895
2026-09-29,Nashville Predators,0-0,0.0,0.3833,0.0,3.0,3.0,20.0,80.0,0.897
2026-09-29,New Jersey Devils,0-0,0.0,0.3833,0.0,3.0,3.0,20.0,80.0,0.893
2026-09-29,New York Islanders,0-0,0.0,0.3833,0.0,3.0,3.0,20.0,80.0,0.902
2026-09-29,New York Rangers,0-0,0.0,0.3833,0.0,3.0,3.0,20.0,80.0,0.904
2026-09-29,Ottawa Senators,0-0,0.0,0.3833,0.0,3.0,3.0,20.0,80.0,0.882
2026-09-29,Philadelphia Flyers,0-0,0.0,0.3833,0.0,3.0,3.0,20.0,80.0,0.891
2026-09-29,Pittsburgh Penguins,0-0,0.0,0.3833,0.0,3.0,3.0,20.0,80.0,0.891
2026-09-29,San Jose Sharks,0-0,0.0,0.3833,0.0,3.0,3.0,20.0,80.0,0.887
2026-09-29,Seattle Kraken,0-0,0.0,0.3833,0.0,3.0,3.0,20.0,80.0,0.902
2026-09-29,St. Louis Blues,0-0,0.0,0.3833,0.0,3.0,3.0,20.0,80.0,0.893
2026-09-29,Tampa Bay Lightning,0-0,0.0,0.3833,0.0,3.0,3.0,20.0,80.0,0.902
2026-09-29,Toronto Maple Leafs,0-0,0.0,0.3833,0.0,3.0,3.0,20.0,80.0,0.897
2026-09-29,Utah Mammoth,0-0,0.0,0.3833,0.0,3.0,3.0,20.0,80.0,0.893
2026-09-29,Vancouver Canucks,0-0,0.0,0.3833,0.0,3.0,3.0,20.0,80.0,0.88
2026-09-29,Vegas Golden Knights,0-0,0.0,0.3833,0.0,3.0,3.0,20.0,80.0,0.884
2026-09-29,Washington Capitals,0-0,0.0,0.3833,0.0,3.0,3.0,20.0,80.0,0.903
2026-09-29,Winnipeg Jets,0-0,0.0,0.3833,0.0,3.0,3.0,20.0,80.0,0.893
2026-09-30,Anaheim Ducks,0-0,0.0,0.3833,0.0,3.0,3.0,20.0,80.0,0.883
2026-09-30,Boston Bruins,1-0,1.0,0.8667,100.0,3.0,0.0,20.0,80.0,1.0
2026-09-30,Buffalo Sabres,0-0,0.0,0.3833,0.0,3.0,3.0,20.0,80.0,0.907
2026-09-30,Calgary Flames,0-0,0.0,0.3833,0.0,3.0,3.0,20.0,80.0,0.903
2026-09-30,Carolina Hurricanes,0-0-1,1.0,0.5139,50.0,0.0,1.0,20.0,80.0,0.95
2026-09-30,Chicago Blackhawks,0-1,1.0,0.2722,0.0,2.0,5.0,20.0,80.0,0.889
2026-09-30,Colorado Avalanche,0-0,0.0,0.3833,0.0,3.0,3.0,20.0,80.0,0.914
2026-09-30,Columbus Blue Jackets,0-0,0.0,0.3833,0.0,3.0,3.0,20.0,80.0,0.899
2026-09-30,Dallas Stars,0-0,0.0,0.3833,0.0,3.0,3.0,20.0,80.0,0.902
2026-09-30,Detroit Red Wings,0-0,0.0,0.3833,0.0,3.0,3.0,20.0,80.0,0.895
2026-09-30,Edmonton Oilers,0-0-1,1.0,0.5583,50.0,5.0,6.0,20.0,80.0,0.739
2026-09-30,Florida Panthers,1-0,1.0,0.7778,100.0,1.0,0.0,20.0,80.0,1.0
2026-09-30,Los Angeles Kings,0-0,0.0,0.3833,0.0,3.0,3.0,20.0,80.0,0.899
2026-09-30,Minnesota Wild,0-0,0.0,0.3833,0.0,3.0,3.0,20.0,80.0,0.908
2026-09-30,Montreal Canadiens,1-0,1.0,0.7778,100.0,3.0,2.0,20.0,80.0,0.929
2026-09-30,Nashville Predators,0-0,0.0,0.3833,0.0,3.0,3.0,20.0,80.0,0.897
2026-09-30,New Jersey Devils,0-0,0.0,0.3833,0.0,3.0,3.0,20.0,80.0,0.893
2026-09-30,New York Islanders,0-0,0.0,0.3833,0.0,3.0,3.0,20.0,80.0,0.902
2026-09-30,New York Rangers,0-1,1.0,0.25,0.0,0.0,3.0,20.0,80.0,0.909
2026-09-30,Ottawa Senators,0-0,0.0,0.3833,0.0,3.0,3.0,20.0,80.0,0.882
2026-09-30,Philadelphia Flyers,0-0,0.0,0.3833,0.0,3.0,3.0,20.0,80.0,0.891
2026-09-30,Pittsburgh Penguins,0-0,0.0,0.3833,0.0,3.0,3.0,20.0,80.0,0.891
2026-09-30,San Jose Sharks,0-0,0.0,0.3833,0.0,3.0,3.0,20.0,80.0,0.887
2026-09-30,Seattle Kraken,0-0,0.0,0.3833,0.0,3.0,3.0,20.0,80.0,0.902
2026-09-30,St. Louis Blues,0-0,0.0,0.3833,0.0,3.0,3.0,20.0,80.0,0.893
2026-09-30,Tampa Bay Lightning,0-0,0.0,0.3833,0.0,3.0,3.0,20.0,80.0,0.902
2026-09-30,Toronto Maple Leafs,0-1,1.0,0.3389,0.0,2.0,3.0,20.0,80.0,0.875
2026-09-30,Utah Mammoth,0-0,0.0,0.3833,0.0,3.0,3.0,20.0,80.0,0.893
2026-09-30,Vancouver Canucks,1-0,1.0,0.7333,100.0,6.0,5.0,20.0,80.0,0.865
2026-09-30,Vegas Golden Knights,1-0,1.0,0.8444,100.0,5.0,2.0,20.0,80.0,0.923
2026-09-30,Washington Capitals,0-0,0.0,0.3833,0.0,3.0,3.0,20.0,80.0,0.903
2026-09-30,Winnipeg Jets,0-0,0.0,0.3833,0.0,3.0,3.0,20.0,80.0,0.893
2026-10-01,Anaheim Ducks,0-0,0.0,0.3833,0.0,3.0,3.0,20.0,80.0,0.883
2026-10-01,Boston Bruins,1-0,1.0,0.8667,100.0,3.0,0.0,20.0,80.0,1.0
2026-10-01,Buffalo Sabres,0-0,0.0,0.3833,0.0,3.0,3.0,20.0,80.0,0.907
2026-10-01,Calgary Flames,0-0,0.0,0.3833,0.0,3.0,3.0,20.0,80.0,0.903
2026-10-01,Carolina Hurricanes,0-0-1,1.0,0.5139,50.0,0.0,1.0,20.0,80.0,0.95
2026-10-01,Chicago Blackhawks,0-1,1.0,0.2722,0.0,2.0,5.0,20.0,80.0,0.889
2026-10-01,Colorado Avalanche,1-0,1.0,0.7556,100.0,8.0,4.0,20.0,80.0,0.871
2026-10-01,Columbus Blue Jackets,0-0,0.0,0.3833,0.0,3.0,3.0,20.0,80.0,0.899
2026-10-01,Dallas Stars,0-0,0.0,0.3833,0.0,3.0,3.0,20.0,80.0,0.902
2026-10-01,Detroit Red Wings,0-0,0.0,0.3833,0.0,3.0,3.0,20.0,80.0,0.895
2026-10-01,Edmonton Oilers,0-0-1,1.0,0.5583,50.0,5.0,6.0,20.0,80.0,0.739
2026-10-01,Florida Panthers,1-0,1.0,0.7778,100.0,1.0,0.0,20.0,80.0,1.0
2026-10-01,Los Angeles Kings,0-1,1.0,0.3611,0.0,4.0,8.0,20.0,80.0,0.724
2026-10-01,Minnesota Wild,0-0,0.0,0.3833,0.0,3.0,3.0,20.0,80.0,0.908
2026-10-01,Montreal Canadiens,1-0,1.0,0.7778,100.0,3.0,2.0,20.0,80.0,0.929
2026-10-01,Nashville Predators,0-0,0.0,0.3833,0.0,3.0,3.0,20.0,80.0,0.897
2026-10-01,New Jersey Devils,0-0,0.0,0.3833,0.0,3.0,3.0,20.0,80.0,0.893
2026-10-01,New York Islanders,0-1,1.0,0.3389,0.0,1.0,2.0,20.0,80.0,0.923
2026-10-01,New York Rangers,0-1,1.0,0.25,0.0,0.0,3.0,20.0,80.0,0.909
2026-10-01,Ottawa Senators,0-0,0.0,0.3833,0.0,3.0,3.0,20.0,80.0,0.882
2026-10-01,Philadelphia Flyers,0-1,1.0,0.1833,0.0,0.0,7.0,20.0,80.0,0.816
2026-10-01,Pittsburgh Penguins,1-0,1.0,0.9333,100.0,7.0,0.0,20.0,80.0,1.0
2026-10-01,San Jose Sharks,0-0,0.0,0.3833,0.0,3.0,3.0,20.0,80.0,0.887
2026-10-01,Seattle Kraken,0-0,0.0,0.3833,0.0,3.0,3.0,20.0,80.0,0.902
2026-10-01,St. Louis Blues,0-0,0.0,0.3833,0.0,3.0,3.0,20.0,80.0,0.893
2026-10-01,Tampa Bay Lightning,0-0,0.0,0.3833,0.0,3.0,3.0,20.0,80.0,0.902
2026-10-01,Toronto Maple Leafs,1-1,2.0,0.5583,50.0,2.0,2.0,20.0,80.0,0.922
2026-10-01,Utah Mammoth,0-0,0.0,0.3833,0.0,3.0,3.0,20.0,80.0,0.893
2026-10-01,Vancouver Canucks,1-0,1.0,0.7333,100.0,6.0,5.0,20.0,80.0,0.865
2026-10-01,Vegas Golden Knights,1-0,1.0,0.8444,100.0,5.0,2.0,20.0,80.0,0.923
2026-10-01,Washington Capitals,0-0,0.0,0.3833,0.0,3.0,3.0,20.0,80.0,0.903
2026-10-01,Winnipeg Jets,0-0,0.0,0.3833,0.0,3.0,3.0,20.0,80.0,0.893
2026-10-02,Anaheim Ducks,0-0,0.0,0.3833,0.0,3.0,3.0,20.0,80.0,0.883
2026-10-02,Boston Bruins,1-0,1.0,0.8667,100.0,3.0,0.0,20.0,80.0,1.0
2026-10-02,Buffalo Sabres,0-1,1.0,0.3167,0.0,3.0,6.0,20.0,80.0,0.773
2026-10-02,Calgary Flames,0-1,1.0,0.2278,0.0,1.0,6.0,20.0,80.0,0.813
2026-10-02,Carolina Hurricanes,0-0-1,1.0,0.5139,50.0,0.0,1.0,20.0,80.0,0.95
2026-10-02,Chicago Blackhawks,0-2,2.0,0.2278,0.0,1.0,5.5,20.0,80.0,0.853
2026-10-02,Colorado Avalanche,1-0,1.0,0.7556,100.0,8.0,4.0,20.0,80.0,0.871
2026-10-02,Columbus Blue Jackets,1-0,1.0,0.8,100.0,6.0,3.0,20.0,80.0,0.885
2026-10-02,Dallas Stars,0-0,0.0,0.3833,0.0,3.0,3.0,20.0,80.0,0.902
2026-10-02,Detroit Red Wings,0-0,0.0,0.3833,0.0,3.0,3.0,20.0,80.0,0.895
2026-10-02,Edmonton Oilers,1-0-1,2.0,0.6458,75.0,7.0,6.5,20.0,80.0,0.711
2026-10-02,Florida Panthers,1-0-1,2.0,0.6458,75.0,2.0,2.0,20.0,80.0,0.915
2026-10-02,Los Angeles Kings,0-1,1.0,0.3611,0.0,4.0,8.0,20.0,80.0,0.724
2026-10-02,Minnesota Wild,1-0,1.0,0.8222,100.0,3.0,1.0,20.0,80.0,0.95
2026-10-02,Montreal Canadiens,1-0,1.0,0.7778,100.0,3.0,2.0,20.0,80.0,0.929
2026-10-02,Nashville Predators,0-1,1.0,0.2944,0.0,1.0,3.0,20.0,80.0,0.9
2026-10-02,New Jersey Devils,1-0,1.0,0.7778,100.0,3.0,2.0,20.0,80.0,0.92
2026-10-02,New York Islanders,0-1,1.0,0.3389,0.0,1.0,2.0,20.0,80.0,0.923
2026-10-02,New York Rangers,1-1,2.0,0.5806,50.0,2.5,2.0,20.0,80.0,0.936
2026-10-02,Ottawa Senators,0-0,0.0,0.3833,0.0,3.0,3.0,20.0,80.0,0.882
2026-10-02,Philadelphia Flyers,0-1-1,2.0,0.3153,25.0,1.0,5.0,20.0,80.0,0.878
2026-10-02,Pittsburgh Penguins,1-0,1.0,0.9333,100.0,7.0,0.0,20.0,80.0,1.0
2026-10-02,San Jose Sharks,1-0,1.0,0.7778,100.0,4.0,3.0,20.0,80.0,0.885
2026-10-02,Seattle Kraken,1-0,1.0,0.8889,100.0,6.0,1.0,20.0,80.0,0.96
2026-10-02,St. Louis Blues,0-0,0.0,0.3833,0.0,3.0,3.0,20.0,80.0,0.893
2026-10-02,Tampa Bay Lightning,0-1,1.0,0.2278,0.0,1.0,5.0,20.0,80.0,0.833
2026-10-02,Toronto Maple Leafs,1-1,2.0,0.5583,50.0,2.0,2.0,20.0,80.0,0.922
2026-10-02,Utah Mammoth,1-0,1.0,0.9333,100.0,6.0,0.0,20.0,80.0,1.0
2026-10-02,Vancouver Canucks,1-1,2.0,0.5583,50.0,6.5,7.0,20.0,80.0,0.794
2026-10-02,Vegas Golden Knights,1-0,1.0,0.8444,100.0,5.0,2.0,20.0,80.0,0.923
2026-10-02,Washington Capitals,0-0,0.0,0.3833,0.0,3.0,3.0,20.0,80.0,0.903
2026-10-02,Winnipeg Jets,0-0,0.0,0.3833,0.0,3.0,3.0,20.0,80.0,0.893
2026-10-03,Anaheim Ducks,1-0,1.0,0.7778,100.0,4.0,3.0,20.0,80.0,0.9
2026-10-03,Boston Bruins,2-0,2.0,0.8222,100.0,3.5,1.5,20.0,80.0,0.947
2026-10-03,Buffalo Sabres,0-1,1.0,0.3167,0.0,3.0,6.0,20.0,80.0,0.773
2026-10-03,Calgary Flames,0-1,1.0,0.2278,0.0,1.0,6.0,20.0,80.0,0.813
2026-10-03,Carolina Hurricanes,0-1-1,2.0,0.3819,25.0,1.0,3.0,20.0,80.0,0.872
2026-10-03,Chicago Blackhawks,0-2,2.0,0.2278,0.0,1.0,5.5,20.0,80.0,0.853
2026-10-03,Colorado Avalanche,1-0,1.0,0.7556,100.0,8.0,4.0,20.0,80.0,0.871
2026-10-03,Columbus Blue Jackets,1-0,1.0,0.8,100.0,6.0,3.0,20.0,80.0,0.885
2026-10-03,Dallas Stars,0-1,1.0,0.2056,0.0,0.0,4.0,20.0,80.0,0.909
2026-10-03,Detroit Red Wings,0-1,1.0,0.2944,0.0,0.0,2.0,20.0,80.0,0.95
2026-10-03,Edmonton Oilers,1-0-1,2.0,0.6458,75.0,7.0,6.5,20.0,80.0,0.711
2026-10-03,Florida Panthers,1-0-1,2.0,0.6458,75.0,2.0,2.0,20.0,80.0,0.915
2026-10-03,Los Angeles Kings,0-1,1.0,0.3611,0.0,4.0,8.0,20.0,80.0,0.724
2026-10-03,Minnesota Wild,1-0,1.0,0.8222,100.0,3.0,1.0,20.0,80.0,0.95
2026-10-03,Montreal Canadiens,1-0,1.0,0.7778,100.0,3.0,2.0,20.0,80.0,0.929
2026-10-03,Nashville Predators,0-1,1.0,0.2944,0.0,1.0,3.0,20.0,80.0,0.9
2026-10-03,New Jersey Devils,1-0,1.0,0.7778,100.0,3.0,2.0,20.0,80.0,0.92
2026-10-03,New York Islanders,0-1,1.0,0.3389,0.0,1.0,2.0,20.0,80.0,0.923
2026-10-03,New York Rangers,2-1,3.0,0.6611,66.7,2.33,1.33,20.0,80.0,0.957
2026-10-03,Ottawa Senators,0-0,0.0,0.3833,0.0,3.0,3.0,20.0,80.0,0.882
2026-10-03,Philadelphia Flyers,0-1-1,2.0,0.3153,25.0,1.0,5.0,20.0,80.0,0.878
2026-10-03,Pittsburgh Penguins,1-0,1.0,0.9333,100.0,7.0,0.0,20.0,80.0,1.0
2026-10-03,San Jose Sharks,1-0,1.0,0.7778,100.0,4.0,3.0,20.0,80.0,0.885
2026-10-03,Seattle Kraken,1-0,1.0,0.8889,100.0,6.0,1.0,20.0,80.0,0.96
2026-10-03,St. Louis Blues,1-0,1.0,0.9111,100.0,4.0,0.0,20.0,80.0,1.0
2026-10-03,Tampa Bay Lightning,0-1,1.0,0.2278,0.0,1.0,5.0,20.0,80.0,0.833
2026-10-03,Toronto Maple Leafs,1-1,2.0,0.5583,50.0,2.0,2.0,20.0,80.0,0.922
2026-10-03,Utah Mammoth,1-0,1.0,0.9333,100.0,6.0,0.0,20.0,80.0,1.0
2026-10-03,Vancouver Canucks,1-1,2.0,0.5583,50.0,6.5,7.0,20.0,80.0,0.794
2026-10-03,Vegas Golden Knights,1-1,2.0,0.6028,50.0,4.0,3.0,20.0,80.0,0.87
2026-10-03,Washington Capitals,1-0,1.0,0.8444,100.0,5.0,2.0,20.0,80.0,0.939
2026-10-03,Winnipeg Jets,0-0-1,1.0,0.5139,50.0,3.0,4.0,20.0,80.0,0.867
2026-10-04,Anaheim Ducks,1-0,1.0,0.7778,100.0,4.0,3.0,20.0,80.0,0.9
2026-10-04,Boston Bruins,2-1,3.0,0.6315,66.7,2.67,2.33,20.0,80.0,0.93
2026-10-04,Buffalo Sabres,1-1,2.0,0.5139,50.0,3.5,4.5,20.0,80.0,0.784
2026-10-04,Calgary Flames,0-2,2.0,0.2278,0.0,1.0,5.0,20.0,80.0,0.842
2026-10-04,Carolina Hurricanes,1-1-1,3.0,0.5139,50.0,1.67,2.67,20.0,80.0,0.877
2026-10-04,Chicago Blackhawks,0-3,3.0,0.2574,0.0,1.67,5.0,20.0,80.0,0.854
2026-10-04,Colorado Avalanche,2-0,2.0,0.8222,100.0,7.0,2.5,20.0,80.0,0.912
2026-10-04,Columbus Blue Jackets,1-1,2.0,0.5583,50.0,3.5,3.5,20.0,80.0,0.877
2026-10-04,Dallas Stars,0-2,2.0,0.2722,0.0,0.5,3.0,20.0,80.0,0.917
2026-10-04,Detroit Red Wings,0-2,2.0,0.3167,0.0,1.0,2.5,20.0,80.0,0.95
2026-10-04,Edmonton Oilers,2-0-1,3.0,0.675,83.3,5.67,4.67,20.0,80.0,0.785
2026-10-04,Florida Panthers,1-0-1,2.0,0.6458,75.0,2.0,2.0,20.0,80.0,0.915
2026-10-04,Los Angeles Kings,0-1-1,2.0,0.4486,25.0,4.0,6.5,20.0,80.0,0.759
2026-10-04,Minnesota Wild,2-0,2.0,0.8444,100.0,3.5,1.0,20.0,80.0,0.957
2026-10-04,Montreal Canadiens,1-0-1,2.0,0.6458,75.0,4.0,4.0,20.0,80.0,0.862
2026-10-04,Nashville Predators,1-1,2.0,0.5361,50.0,1.5,2.0,20.0,80.0,0.933
2026-10-04,New Jersey Devils,1-1,2.0,0.4472,50.0,1.5,4.0,20.0,80.0,0.86
2026-10-04,New York Islanders,1-1,2.0,0.6694,50.0,3.5,1.0,20.0,80.0,0.968
2026-10-04,New York Rangers,2-1,3.0,0.6611,66.7,2.33,1.33,20.0,80.0,0.957
2026-10-04,Ottawa Senators,1-0,1.0,0.7778,100.0,3.0,2.0,20.0,80.0,0.931
2026-10-04,Philadelphia Flyers,0-1-2,3.0,0.3667,33.3,1.33,4.33,20.0,80.0,0.893
2026-10-04,Pittsburgh Penguins,2-0,2.0,0.8222,100.0,6.5,2.5,20.0,80.0,0.886
2026-10-04,San Jose Sharks,2-0,2.0,0.7778,100.0,4.5,3.5,20.0,80.0,0.885
2026-10-04,Seattle Kraken,1-1,2.0,0.625,50.0,3.5,2.0,20.0,80.0,0.939
2026-10-04,St. Louis Blues,1-1,2.0,0.5361,50.0,2.5,3.0,20.0,80.0,0.902
2026-10-04,Tampa Bay Lightning,1-1,2.0,0.5139,50.0,2.0,3.0,20.0,80.0,0.889
2026-10-04,Toronto Maple Leafs,1-2,3.0,0.4852,33.3,2.0,2.33,20.0,80.0,0.913
2026-10-04,Utah Mammoth,2-0,2.0,0.9111,100.0,5.0,0.5,20.0,80.0,0.97
2026-10-04,Vancouver Canucks,2-1,3.0,0.6167,66.7,5.67,5.0,20.0,80.0,0.837
2026-10-04,Vegas Golden Knights,1-1,2.0,0.6028,50.0,4.0,3.0,20.0,80.0,0.87
2026-10-04,Washington Capitals,1-1,2.0,0.5806,50.0,3.0,2.5,20.0,80.0,0.935
2026-10-04,Winnipeg Jets,1-0-1,2.0,0.6458,75.0,3.0,3.0,20.0,80.0,0.867
2026-10-05,Anaheim Ducks,2-0,2.0,0.7778,100.0,3.5,2.5,20.0,80.0,0.918
2026-10-05,Boston Bruins,2-1,3.0,0.6315,66.7,2.67,2.33,20.0,80.0,0.93
2026-10-05,Buffalo Sabres,1-1,2.0,0.5139,50.0,3.5,4.5,20.0,80.0,0.784
2026-10-05,Calgary Flames,0-3,3.0,0.2278,0.0,1.0,5.33,20.0,80.0,0.821
2026-10-05,Carolina Hurricanes,1-1-1,3.0,0.5139,50.0,1.67,2.67,20.0,80.0,0.877
2026-10-05,Chicago Blackhawks,0-3,3.0,0.2574,0.0,1.67,5.0,20.0,80.0,0.854
2026-10-05,Colorado Avalanche,2-0,2.0,0.8222,100.0,7.0,2.5,20.0,80.0,0.912
2026-10-05,Columbus Blue Jackets,1-1,2.0,0.5583,50.0,3.5,3.5,20.0,80.0,0.877
2026-10-05,Dallas Stars,0-2,2.0,0.2722,0.0,0.5,3.0,20.0,80.0,0.917
2026-10-05,Detroit Red Wings,0-2,2.0,0.3167,0.0,1.0,2.5,20.0,80.0,0.915
2026-10-05,Edmonton Oilers,2-0-1,3.0,0.675,83.3,5.67,4.67,20.0,80.0,0.785
2026-10-05,Florida Panthers,1-0-2,3.0,0.6019,66.7,2.0,2.33,20.0,80.0,0.897
2026-10-05,Los Angeles Kings,0-1-1,2.0,0.4486,25.0,4.0,6.5,20.0,80.0,0.759
2026-10-05,Minnesota Wild,2-0,2.0,0.8444,100.0,3.5,1.0,20.0,80.0,0.957
2026-10-05,Montreal Canadiens,1-0-1,2.0,0.6458,75.0,4.0,4.0,20.0,80.0,0.862
2026-10-05,Nashville Predators,1-1,2.0,0.5361,50.0,1.5,2.0,20.0,80.0,0.933
2026-10-05,New Jersey Devils,1-1,2.0,0.4472,50.0,1.5,4.0,20.0,80.0,0.86
2026-10-05,New York Islanders,1-1,2.0,0.6694,50.0,3.5,1.0,20.0,80.0,0.968
2026-10-05,New York Rangers,3-1,4.0,0.7014,75.0,2.75,1.5,20.0,80.0,0.949
2026-10-05,Ottawa Senators,1-0,1.0,0.7778,100.0,3.0,2.0,20.0,80.0,0.931
2026-10-05,Philadelphia Flyers,0-1-2,3.0,0.3667,33.3,1.33,4.33,20.0,80.0,0.893
2026-10-05,Pittsburgh Penguins,2-0,2.0,0.8222,100.0,6.5,2.5,20.0,80.0,0.886
2026-10-05,San Jose Sharks,2-0,2.0,0.7778,100.0,4.5,3.5,20.0,80.0,0.885
2026-10-05,Seattle Kraken,2-1,3.0,0.7352,66.7,4.33,1.67,20.0,80.0,0.951
2026-10-05,St. Louis Blues,1-1,2.0,0.5361,50.0,2.5,3.0,20.0,80.0,0.902
2026-10-05,Tampa Bay Lightning,1-1,2.0,0.5139,50.0,2.0,3.0,20.0,80.0,0.889
2026-10-05,Toronto Maple Leafs,1-2,3.0,0.4852,33.3,2.0,2.33,20.0,80.0,0.913
2026-10-05,Utah Mammoth,2-1,3.0,0.7204,66.7,4.0,1.67,20.0,80.0,0.926
2026-10-05,Vancouver Canucks,2-2,4.0,0.5583,50.0,4.75,4.5,20.0,80.0,0.85
2026-10-05,Vegas Golden Knights,2-1,3.0,0.6611,66.7,3.67,2.67,20.0,80.0,0.879
2026-10-05,Washington Capitals,1-1,2.0,0.5806,50.0,3.0,2.5,20.0,80.0,0.935
2026-10-05,Winnipeg Jets,1-0-1,2.0,0.6458,75.0,3.0,3.0,20.0,80.0,0.908
2026-10-06,Anaheim Ducks,2-0,2.0,0.7778,100.0,3.5,2.5,20.0,80.0,0.918
2026-10-06,Boston Bruins,2-2,4.0,0.5361,50.0,2.25,2.75,20.0,80.0,0.909
2026-10-06,Buffalo Sabres,1-1,2.0,0.5139,50.0,3.5,4.5,20.0,80.0,0.784
2026-10-06,Calgary Flames,0-3,3.0,0.2278,0.0,1.0,5.33,20.0,80.0,0.821
2026-10-06,Carolina Hurricanes,1-1-1,3.0,0.5139,50.0,1.67,2.67,20.0,80.0,0.877
2026-10-06,Chicago Blackhawks,0-3,3.0,0.2574,0.0,1.67,5.0,20.0,80.0,0.854
2026-10-06,Colorado Avalanche,2-0,2.0,0.8222,100.0,7.0,2.5,20.0,80.0,0.912
2026-10-06,Columbus Blue Jackets,1-1,2.0,0.5583,50.0,3.5,3.5,20.0,80.0,0.877
2026-10-06,Dallas Stars,1-2,3.0,0.5,33.3,2.0,2.0,20.0,80.0,0.935
2026-10-06,Detroit Red Wings,0-2,2.0,0.3167,0.0,1.0,2.5,20.0,80.0,0.915
2026-10-06,Edmonton Oilers,2-0-1,3.0,0.675,83.3,5.67,4.67,20.0,80.0,0.785
2026-10-06,Florida Panthers,1-0-2,3.0,0.6019,66.7,2.0,2.33,20.0,80.0,0.896
2026-10-06,Los Angeles Kings,0-1-1,2.0,0.4486,25.0,4.0,6.5,20.0,80.0,0.759
2026-10-06,Minnesota Wild,2-0,2.0,0.8444,100.0,3.5,1.0,20.0,80.0,0.957
2026-10-06,Montreal Canadiens,1-0-1,2.0,0.6458,75.0,4.0,4.0,20.0,80.0,0.862
2026-10-06,Nashville Predators,1-1,2.0,0.5361,50.0,1.5,2.0,20.0,80.0,0.933
2026-10-06,New Jersey Devils,1-1,2.0,0.4472,50.0,1.5,4.0,20.0,80.0,0.86
2026-10-06,New York Islanders,1-1,2.0,0.6694,50.0,3.5,1.0,20.0,80.0,0.968
2026-10-06,New York Rangers,3-1,4.0,0.7014,75.0,2.75,1.5,20.0,80.0,0.949
2026-10-06,Ottawa Senators,2-0,2.0,0.8222,100.0,3.5,1.5,20.0,80.0,0.938
2026-10-06,Philadelphia Flyers,0-2-2,4.0,0.3375,25.0,1.25,4.25,20.0,80.0,0.898
2026-10-06,Pittsburgh Penguins,2-1,3.0,0.6981,66.7,5.0,2.67,20.0,80.0,0.897
2026-10-06,San Jose Sharks,2-1,3.0,0.5722,66.7,3.0,4.0,20.0,80.0,0.862
2026-10-06,Seattle Kraken,2-1,3.0,0.7352,66.7,4.33,1.67,20.0,80.0,0.951
2026-10-06,St. Louis Blues,1-1,2.0,0.5361,50.0,2.5,3.0,20.0,80.0,0.902
2026-10-06,Tampa Bay Lightning,2-1,3.0,0.6315,66.7,2.67,2.33,20.0,80.0,0.898
2026-10-06,Toronto Maple Leafs,1-2,3.0,0.4852,33.3,2.0,2.33,20.0,80.0,0.913
2026-10-06,Utah Mammoth,2-1,3.0,0.7204,66.7,4.0,1.67,20.0,80.0,0.926
2026-10-06,Vancouver Canucks,2-2,4.0,0.5583,50.0,4.75,4.5,20.0,80.0,0.85
2026-10-06,Vegas Golden Knights,2-1,3.0,0.6611,66.7,3.67,2.67,20.0,80.0,0.879
2026-10-06,Washington Capitals,1-1,2.0,0.5806,50.0,3.0,2.5,20.0,80.0,0.935
2026-10-06,Winnipeg Jets,2-0-1,3.0,0.6898,83.3,3.0,2.67,20.0,80.0,0.918
2026-10-07,Anaheim Ducks,2-0,2.0,0.7778,100.0,3.5,2.5,20.0,80.0,0.918
2026-10-07,Boston Bruins,2-2,4.0,0.5361,50.0,2.25,2.75,20.0,80.0,0.909
2026-10-07,Buffalo Sabres,2-1,3.0,0.6019,66.7,3.33,3.67,20.0,80.0,0.825
2026-10-07,Calgary Flames,0-3,3.0,0.2278,0.0,1.0,5.33,20.0,80.0,0.821
2026-10-07,Carolina Hurricanes,2-1-1,4.0,0.591,62.5,2.75,3.0,20.0,80.0,0.859
2026-10-07,Chicago Blackhawks,1-3,4.0,0.3819,25.0,2.25,4.25,20.0,80.0,0.871
2026-10-07,Colorado Avalanche,2-0,2.0,0.8222,100.0,7.0,2.5,20.0,80.0,0.912
2026-10-07,Columbus Blue Jackets,1-1,2.0,0.5583,50.0,3.5,3.5,20.0,80.0,0.877
2026-10-07,Dallas Stars,1-2,3.0,0.5,33.3,2.0,2.0,20.0,80.0,0.935
2026-10-07,Detroit Red Wings,1-2,3.0,0.4852,33.3,2.33,2.67,20.0,80.0,0.903
2026-10-07,Edmonton Oilers,2-0-1,3.0,0.675,83.3,5.67,4.67,20.0,80.0,0.785
2026-10-07,Florida Panthers,2-0-2,4.0,0.6458,75.0,2.0,2.0,20.0,80.0,0.908
2026-10-07,Los Angeles Kings,0-2-1,3.0,0.375,16.7,3.0,5.0,20.0,80.0,0.817
2026-10-07,Minnesota Wild,2-0-1,3.0,0.7343,83.3,3.0,1.67,20.0,80.0,0.933
2026-10-07,Montreal Canadiens,1-1-1,3.0,0.5361,50.0,4.0,4.67,20.0,80.0,0.857
2026-10-07,Nashville Predators,1-1-1,3.0,0.5287,50.0,2.33,3.0,20.0,80.0,0.907
2026-10-07,New Jersey Devils,1-2,3.0,0.3963,33.3,2.0,4.33,20.0,80.0,0.852
2026-10-07,New York Islanders,1-2,3.0,0.5296,33.3,3.0,2.33,20.0,80.0,0.941
2026-10-07,New York Rangers,4-1,5.0,0.7344,80.0,3.2,1.6,20.0,80.0,0.94
2026-10-07,Ottawa Senators,2-1,3.0,0.6463,66.7,3.33,2.67,20.0,80.0,0.916
2026-10-07,Philadelphia Flyers,0-2-2,4.0,0.3375,25.0,1.25,4.25,20.0,80.0,0.898
2026-10-07,Pittsburgh Penguins,2-1,3.0,0.6981,66.7,5.0,2.67,20.0,80.0,0.897
2026-10-07,San Jose Sharks,2-1,3.0,0.5722,66.7,3.0,4.0,20.0,80.0,0.862
2026-10-07,Seattle Kraken,2-2,4.0,0.6028,50.0,3.75,2.75,20.0,80.0,0.91
2026-10-07,St. Louis Blues,1-2,3.0,0.4556,33.3,2.33,3.33,20.0,80.0,0.9
2026-10-07,Tampa Bay Lightning,2-1,3.0,0.6315,66.7,2.67,2.33,20.0,80.0,0.898
2026-10-07,Toronto Maple Leafs,2-2,4.0,0.5583,50.0,2.75,2.75,20.0,80.0,0.895
2026-10-07,Utah Mammoth,3-1,4.0,0.7458,75.0,4.25,2.0,20.0,80.0,0.92
2026-10-07,Vancouver Canucks,2-2,4.0,0.5583,50.0,4.75,4.5,20.0,80.0,0.85
2026-10-07,Vegas Golden Knights,3-1,4.0,0.7236,75.0,4.25,2.5,20.0,80.0,0.892
2026-10-07,Washington Capitals,1-1,2.0,0.5806,50.0,3.0,2.5,20.0,80.0,0.935
2026-10-07,Winnipeg Jets,2-0-1,3.0,0.6898,83.3,3.0,2.67,20.0,80.0,0.918
2026-10-08,Anaheim Ducks,2-0,2.0,0.7778,100.0,3.5,2.5,20.0,80.0,0.918
2026-10-08,Boston Bruins,2-2,4.0,0.5361,50.0,2.25,2.75,20.0,80.0,0.909
2026-10-08,Buffalo Sabres,2-1,3.0,0.6019,66.7,3.33,3.67,20.0,80.0,0.825
2026-10-08,Calgary Flames,0-3,3.0,0.2278,0.0,1.0,5.33,20.0,80.0,0.821
2026-10-08,Carolina Hurricanes,2-1-1,4.0,0.591,62.5,2.75,3.0,20.0,80.0,0.859
2026-10-08,Chicago Blackhawks,1-3,4.0,0.3819,25.0,2.25,4.25,20.0,80.0,0.871
2026-10-08,Colorado Avalanche,2-0,2.0,0.8222,100.0,7.0,2.5,20.0,80.0,0.912
2026-10-08,Columbus Blue Jackets,1-1,2.0,0.5583,50.0,3.5,3.5,20.0,80.0,0.877
2026-10-08,Dallas Stars,1-2,3.0,0.5,33.3,2.0,2.0,20.0,80.0,0.935
2026-10-08,Detroit Red Wings,1-2,3.0,0.4852,33.3,2.33,2.67,20.0,80.0,0.903
2026-10-08,Edmonton Oilers,2-0-1,3.0,0.675,83.3,5.67,4.67,20.0,80.0,0.785
2026-10-08,Florida Panthers,2-0-2,4.0,0.6458,75.0,2.0,2.0,20.0,80.0,0.908
2026-10-08,Los Angeles Kings,0-2-1,3.0,0.375,16.7,3.0,5.0,20.0,80.0,0.817
2026-10-08,Minnesota Wild,2-0-1,3.0,0.7343,83.3,3.0,1.67,20.0,80.0,0.933
2026-10-08,Montreal Canadiens,1-1-1,3.0,0.5361,50.0,4.0,4.67,20.0,80.0,0.857
2026-10-08,Nashville Predators,1-1-1,3.0,0.5287,50.0,2.33,3.0,20.0,80.0,0.907
2026-10-08,New Jersey Devils,1-2,3.0,0.3963,33.3,2.0,4.33,20.0,80.0,0.852
2026-10-08,New York Islanders,1-2,3.0,0.5296,33.3,3.0,2.33,20.0,80.0,0.941
2026-10-08,New York Rangers,4-1,5.0,0.7344,80.0,3.2,1.6,20.0,80.0,0.94
2026-10-08,Ottawa Senators,2-1,3.0,0.6463,66.7,3.33,2.67,20.0,80.0,0.916
2026-10-08,Philadelphia Flyers,0-2-2,4.0,0.3375,25.0,1.25,4.25,20.0,80.0,0.898
2026-10-08,Pittsburgh Penguins,2-2,4.0,0.6139,50.0,4.5,3.25,20.0,80.0,0.897
2026-10-08,San Jose Sharks,2-1,3.0,0.5722,66.7,3.0,4.0,20.0,80.0,0.862
2026-10-08,Seattle Kraken,2-2,4.0,0.6028,50.0,3.75,2.75,20.0,80.0,0.91
2026-10-08,St. Louis Blues,1-2,3.0,0.4556,33.3,2.33,3.33,20.0,80.0,0.9
2026-10-08,Tampa Bay Lightning,2-1,3.0,0.6315,66.7,2.67,2.33,20.0,80.0,0.898
2026-10-08,Toronto Maple Leafs,2-2,4.0,0.5583,50.0,2.75,2.75,20.0,80.0,0.895
2026-10-08,Utah Mammoth,3-1,4.0,0.7458,75.0,4.25,2.0,20.0,80.0,0.92
2026-10-08,Vancouver Canucks,2-2,4.0,0.5583,50.0,4.75,4.5,20.0,80.0,0.85
2026-10-08,Vegas Golden Knights,3-1,4.0,0.7236,75.0,4.25,2.5,20.0,80.0,0.892
2026-10-08,Washington Capitals,2-1,3.0,0.6611,66.7,3.67,2.67,20.0,80.0,0.935
2026-10-08,Winnipeg Jets,2-0-1,3.0,0.6898,83.3,3.0,2.67,20.0,80.0,0.918
